relative_path,absolute_path,family,label_id,file_name,extension,width,height,mode,file_size_bytes,image_sha256,split,client_iid,client_noniid
AgentTesla/AgentTesla__100__sess-dump_largest_session_rgb_stack.png,C:\Users\wwyl5\Project\malware\dataset\processed\dataset_rgb_stack_combined\AgentTesla\AgentTesla__100__sess-dump_largest_session_rgb_stack.png,AgentTesla,0,AgentTesla__100__sess-dump_largest_session_rgb_stack.png,.png,128,128,RGB,20587,26cd5a2ad8ee4320dbb376ed50624c498e459718b5801d7bce1073f2e1857b17,test,-1,-1
AgentTesla/AgentTesla__101__sess-dump_largest_session_rgb_stack.png,C:\Users\wwyl5\Project\malware\dataset\processed\dataset_rgb_stack_combined\AgentTesla\AgentTesla__101__sess-dump_largest_session_rgb_stack.png,AgentTesla,0,AgentTesla__101__sess-dump_largest_session_rgb_stack.png,.png,128,128,RGB,20631,6c309e877a404f56cd3c90bf00197b1a426e443a21d5513e73ba26ffb10bddb2,train,3,2
AgentTesla/AgentTesla__102__sess-dump_largest_session_rgb_stack.png,C:\Users\wwyl5\Project\malware\dataset\processed\dataset_rgb_stack_combined\AgentTesla\AgentTesla__102__sess-dump_largest_session_rgb_stack.png,AgentTesla,0,AgentTesla__102__sess-dump_largest_session_rgb_stack.png,.png,128,128,RGB,11897,e0a9c0f5a66718c35379e4465c749f52899817edee51d109de95954d5e9493be,train,1,0
AgentTesla/AgentTesla__103__sess-dump_largest_session_rgb_stack.png,C:\Users\wwyl5\Project\malware\dataset\processed\dataset_rgb_stack_combined\AgentTesla\AgentTesla__103__sess-dump_largest_session_rgb_stack.png,AgentTesla,0,AgentTesla__103__sess-dump_largest_session_rgb_stack.png,.png,128,128,RGB,21994,c44d68d9d3fab65f7c2f25f50604cd387d8af8d72c279656dfaf98dee64a061d,train,4,2
AgentTesla/AgentTesla__104__sess-dump_largest_session_rgb_stack.png,C:\Users\wwyl5\Project\malware\dataset\processed\dataset_rgb_stack_combined\AgentTesla\AgentTesla__104__sess-dump_largest_session_rgb_stack.png,AgentTesla,0,AgentTesla__104__sess-dump_largest_session_rgb_stack.png,.png,128,128,RGB,19403,cb4f6affd509655fd2c923e750d9dff198b165ea42c910f292ac3df0fd66072d,train,4,2
AgentTesla/AgentTesla__105__sess-dump_largest_session_rgb_stack.png,C:\Users\wwyl5\Project\malware\dataset\processed\dataset_rgb_stack_combined\AgentTesla\AgentTesla__105__sess-dump_largest_session_rgb_stack.png,AgentTesla,0,AgentTesla__105__sess-dump_largest_session_rgb_stack.png,.png,128,128,RGB,13655,6b9fcdcf96f32d9a0b12e19f8ce88fd55a2550bc89e7b5ae15cd505cf0aaa8c5,train,0,0
AgentTesla/AgentTesla__106__sess-dump_largest_session_rgb_stack.png,C:\Users\wwyl5\Project\malware\dataset\processed\dataset_rgb_stack_combined\AgentTesla\AgentTesla__106__sess-dump_largest_session_rgb_stack.png,AgentTesla,0,AgentTesla__106__sess-dump_largest_session_rgb_stack.png,.png,128,128,RGB,21870,5d6f9baef00d0903d8228fdf920114804ca5ed4ab5f410cf4d076732b0cbce1e,val,-1,-1
AgentTesla/AgentTesla__107__sess-dump_largest_session_rgb_stack.png,C:\Users\wwyl5\Project\malware\dataset\processed\dataset_rgb_stack_combined\AgentTesla\AgentTesla__107__sess-dump_largest_session_rgb_stack.png,AgentTesla,0,AgentTesla__107__sess-dump_largest_session_rgb_stack.png,.png,128,128,RGB,22057,016dc9cad8a1a732701eded75dc43effac4a61f972ce6dc86160f466dfbc7001,val,-1,-1
AgentTesla/AgentTesla__108__sess-dump_largest_session_rgb_stack.png,C:\Users\wwyl5\Project\malware\dataset\processed\dataset_rgb_stack_combined\AgentTesla\AgentTesla__108__sess-dump_largest_session_rgb_stack.png,AgentTesla,0,AgentTesla__108__sess-dump_largest_session_rgb_stack.png,.png,128,128,RGB,19453,d62ed5d2f062e50e9635b41808595db340e2c9c872cd19cd2db9d622785f2e57,test,-1,-1
AgentTesla/AgentTesla__109__sess-dump_largest_session_rgb_stack.png,C:\Users\wwyl5\Project\malware\dataset\processed\dataset_rgb_stack_combined\AgentTesla\AgentTesla__109__sess-dump_largest_session_rgb_stack.png,AgentTesla,0,AgentTesla__109__sess-dump_largest_session_rgb_stack.png,.png,128,128,RGB,23441,1f7b09c2ffda725ed78fa6644b42ac35e3300adcc7fcb0e425db5e2dc65adce0,train,3,3
AgentTesla/AgentTesla__10__sess-dump_largest_session_rgb_stack.png,C:\Users\wwyl5\Project\malware\dataset\processed\dataset_rgb_stack_combined\AgentTesla\AgentTesla__10__sess-dump_largest_session_rgb_stack.png,AgentTesla,0,AgentTesla__10__sess-dump_largest_session_rgb_stack.png,.png,128,128,RGB,11568,b53c495e31657e6b0888b55dd4312f43425daf3f0e850bb630c70767a8e268e5,train,3,2
AgentTesla/AgentTesla__11__sess-dump_largest_session_rgb_stack.png,C:\Users\wwyl5\Project\malware\dataset\processed\dataset_rgb_stack_combined\AgentTesla\AgentTesla__11__sess-dump_largest_session_rgb_stack.png,AgentTesla,0,AgentTesla__11__sess-dump_largest_session_rgb_stack.png,.png,128,128,RGB,18733,cf0e373853122ff5b6a91cb5839fd2a8ac4473ed071a3c46de6a74d0ade1bcea,train,0,4
AgentTesla/AgentTesla__12__sess-dump_largest_session_rgb_stack.png,C:\Users\wwyl5\Project\malware\dataset\processed\dataset_rgb_stack_combined\AgentTesla\AgentTesla__12__sess-dump_largest_session_rgb_stack.png,AgentTesla,0,AgentTesla__12__sess-dump_largest_session_rgb_stack.png,.png,128,128,RGB,18734,315ac0e9630a81a3a5a7a1abd67286ac6f494ab1a4eff891a8949d17a045d9fe,train,4,4
AgentTesla/AgentTesla__13__sess-dump_largest_session_rgb_stack.png,C:\Users\wwyl5\Project\malware\dataset\processed\dataset_rgb_stack_combined\AgentTesla\AgentTesla__13__sess-dump_largest_session_rgb_stack.png,AgentTesla,0,AgentTesla__13__sess-dump_largest_session_rgb_stack.png,.png,128,128,RGB,18757,35843dea4a2539e4186cd31baab53c7bef3427a1587e532680038dc062779ae1,train,3,2
AgentTesla/AgentTesla__14__sess-dump_largest_session_rgb_stack.png,C:\Users\wwyl5\Project\malware\dataset\processed\dataset_rgb_stack_combined\AgentTesla\AgentTesla__14__sess-dump_largest_session_rgb_stack.png,AgentTesla,0,AgentTesla__14__sess-dump_largest_session_rgb_stack.png,.png,128,128,RGB,18752,2e4b6960070a322f39c3de5208a42196a420710277ba6ebd19c3b1cf0cc2355c,test,-1,-1
AgentTesla/AgentTesla__15__sess-dump_largest_session_rgb_stack.png,C:\Users\wwyl5\Project\malware\dataset\processed\dataset_rgb_stack_combined\AgentTesla\AgentTesla__15__sess-dump_largest_session_rgb_stack.png,AgentTesla,0,AgentTesla__15__sess-dump_largest_session_rgb_stack.png,.png,128,128,RGB,19379,acffa7bcc85d251b7ed8cdb4cda679473675851b56ef93c9423f9533470b99ff,train,2,0
AgentTesla/AgentTesla__17__sess-dump_largest_session_rgb_stack.png,C:\Users\wwyl5\Project\malware\dataset\processed\dataset_rgb_stack_combined\AgentTesla\AgentTesla__17__sess-dump_largest_session_rgb_stack.png,AgentTesla,0,AgentTesla__17__sess-dump_largest_session_rgb_stack.png,.png,128,128,RGB,18729,1d9d642fbb4585a181435fc2c10a5468f4e3b65fa2aea1d10a7ff0f3068edcde,train,4,4
AgentTesla/AgentTesla__18__sess-dump_largest_session_rgb_stack.png,C:\Users\wwyl5\Project\malware\dataset\processed\dataset_rgb_stack_combined\AgentTesla\AgentTesla__18__sess-dump_largest_session_rgb_stack.png,AgentTesla,0,AgentTesla__18__sess-dump_largest_session_rgb_stack.png,.png,128,128,RGB,14231,21c162bfde25afb278bafd9d7fa1cef7953d26252e7cc12f1fcbc2daec66db13,train,2,0
AgentTesla/AgentTesla__1__sess-dump_largest_session_rgb_stack.png,C:\Users\wwyl5\Project\malware\dataset\processed\dataset_rgb_stack_combined\AgentTesla\AgentTesla__1__sess-dump_largest_session_rgb_stack.png,AgentTesla,0,AgentTesla__1__sess-dump_largest_session_rgb_stack.png,.png,128,128,RGB,21115,e813fbd6cf47f1edc86ca91aebfac201e0aaa223234c4295ff45f94f04d4146a,train,0,3
AgentTesla/AgentTesla__20__sess-dump_largest_session_rgb_stack.png,C:\Users\wwyl5\Project\malware\dataset\processed\dataset_rgb_stack_combined\AgentTesla\AgentTesla__20__sess-dump_largest_session_rgb_stack.png,AgentTesla,0,AgentTesla__20__sess-dump_largest_session_rgb_stack.png,.png,128,128,RGB,22415,f4cdd6bb2dc8505cf50d483d25464aab43b4544d7ddf349f7e05841d07b31040,test,-1,-1
AgentTesla/AgentTesla__22__sess-dump_largest_session_rgb_stack.png,C:\Users\wwyl5\Project\malware\dataset\processed\dataset_rgb_stack_combined\AgentTesla\AgentTesla__22__sess-dump_largest_session_rgb_stack.png,AgentTesla,0,AgentTesla__22__sess-dump_largest_session_rgb_stack.png,.png,128,128,RGB,21307,2fe597e5158284b81cd097be38a4e3650d128f7e3162bf6b00e46b1e37182bc1,train,2,2
AgentTesla/AgentTesla__24__sess-dump_largest_session_rgb_stack.png,C:\Users\wwyl5\Project\malware\dataset\processed\dataset_rgb_stack_combined\AgentTesla\AgentTesla__24__sess-dump_largest_session_rgb_stack.png,AgentTesla,0,AgentTesla__24__sess-dump_largest_session_rgb_stack.png,.png,128,128,RGB,23265,a494c06768132796ad921ae6e8f23220c3a22e364de2e2da714e31489428dcc8,train,3,4
AgentTesla/AgentTesla__26__sess-dump_largest_session_rgb_stack.png,C:\Users\wwyl5\Project\malware\dataset\processed\dataset_rgb_stack_combined\AgentTesla\AgentTesla__26__sess-dump_largest_session_rgb_stack.png,AgentTesla,0,AgentTesla__26__sess-dump_largest_session_rgb_stack.png,.png,128,128,RGB,18702,1c1839fe5394b8697b840f0397b38819072334a8509270845357a322c275b247,train,3,0
AgentTesla/AgentTesla__28__sess-dump_largest_session_rgb_stack.png,C:\Users\wwyl5\Project\malware\dataset\processed\dataset_rgb_stack_combined\AgentTesla\AgentTesla__28__sess-dump_largest_session_rgb_stack.png,AgentTesla,0,AgentTesla__28__sess-dump_largest_session_rgb_stack.png,.png,128,128,RGB,23305,e82556547f2ad3f83e04473b19deadabea3c3b466884d55b25756e22e562f9b1,test,-1,-1
AgentTesla/AgentTesla__2__sess-dump_largest_session_rgb_stack.png,C:\Users\wwyl5\Project\malware\dataset\processed\dataset_rgb_stack_combined\AgentTesla\AgentTesla__2__sess-dump_largest_session_rgb_stack.png,AgentTesla,0,AgentTesla__2__sess-dump_largest_session_rgb_stack.png,.png,128,128,RGB,19375,06c6cb6589817703030a7ee8473062abda29cc4a4f50ba0eae34bb695b00a4e5,val,-1,-1
AgentTesla/AgentTesla__30__sess-dump_largest_session_rgb_stack.png,C:\Users\wwyl5\Project\malware\dataset\processed\dataset_rgb_stack_combined\AgentTesla\AgentTesla__30__sess-dump_largest_session_rgb_stack.png,AgentTesla,0,AgentTesla__30__sess-dump_largest_session_rgb_stack.png,.png,128,128,RGB,19084,141095de53c11d29cc200961ce4f196f6730362e8cf98b8709dc3f7b704e4cb5,val,-1,-1
AgentTesla/AgentTesla__32__sess-dump_largest_session_rgb_stack.png,C:\Users\wwyl5\Project\malware\dataset\processed\dataset_rgb_stack_combined\AgentTesla\AgentTesla__32__sess-dump_largest_session_rgb_stack.png,AgentTesla,0,AgentTesla__32__sess-dump_largest_session_rgb_stack.png,.png,128,128,RGB,12113,59bee883d046c5a346689133f777cc902b0dd43b0b3a78a98e5f398259659fd9,train,3,3
AgentTesla/AgentTesla__33__sess-dump_largest_session_rgb_stack.png,C:\Users\wwyl5\Project\malware\dataset\processed\dataset_rgb_stack_combined\AgentTesla\AgentTesla__33__sess-dump_largest_session_rgb_stack.png,AgentTesla,0,AgentTesla__33__sess-dump_largest_session_rgb_stack.png,.png,128,128,RGB,23204,b83b57c2b707e387b59a2125da808e37fa660958cf91b7a1c7860bf875bfa7bc,train,4,3
AgentTesla/AgentTesla__34__sess-dump_largest_session_rgb_stack.png,C:\Users\wwyl5\Project\malware\dataset\processed\dataset_rgb_stack_combined\AgentTesla\AgentTesla__34__sess-dump_largest_session_rgb_stack.png,AgentTesla,0,AgentTesla__34__sess-dump_largest_session_rgb_stack.png,.png,128,128,RGB,23207,2bca99dbf3553d8c0d7c41f7d0ea853545417c98873cb164542d81281c3d473b,train,0,2
AgentTesla/AgentTesla__35__sess-dump_largest_session_rgb_stack.png,C:\Users\wwyl5\Project\malware\dataset\processed\dataset_rgb_stack_combined\AgentTesla\AgentTesla__35__sess-dump_largest_session_rgb_stack.png,AgentTesla,0,AgentTesla__35__sess-dump_largest_session_rgb_stack.png,.png,128,128,RGB,21903,02998a49f69932f8dfc196ac3aef6c2efb5f0e3058684745ad2987686abf3cbf,train,3,2
AgentTesla/AgentTesla__368__sess-dump_largest_session_rgb_stack.png,C:\Users\wwyl5\Project\malware\dataset\processed\dataset_rgb_stack_combined\AgentTesla\AgentTesla__368__sess-dump_largest_session_rgb_stack.png,AgentTesla,0,AgentTesla__368__sess-dump_largest_session_rgb_stack.png,.png,128,128,RGB,11144,b6a16c2f93efc644723cadc648d433fd8bbb1ff2b42e8d51e2ca810f41756e9b,train,2,4
AgentTesla/AgentTesla__369__sess-dump_largest_session_rgb_stack.png,C:\Users\wwyl5\Project\malware\dataset\processed\dataset_rgb_stack_combined\AgentTesla\AgentTesla__369__sess-dump_largest_session_rgb_stack.png,AgentTesla,0,AgentTesla__369__sess-dump_largest_session_rgb_stack.png,.png,128,128,RGB,22150,876cd2c8f957eb2196217dc675052a3b588cf114ce08f39f9ec8be1bce1e119d,train,1,2
AgentTesla/AgentTesla__36__sess-dump_largest_session_rgb_stack.png,C:\Users\wwyl5\Project\malware\dataset\processed\dataset_rgb_stack_combined\AgentTesla\AgentTesla__36__sess-dump_largest_session_rgb_stack.png,AgentTesla,0,AgentTesla__36__sess-dump_largest_session_rgb_stack.png,.png,128,128,RGB,23237,c5b61045eb2a403e0221c166c4fcb317fed52d25b2ccd2db0c78b3c614b54b5d,train,2,4
AgentTesla/AgentTesla__370__sess-dump_largest_session_rgb_stack.png,C:\Users\wwyl5\Project\malware\dataset\processed\dataset_rgb_stack_combined\AgentTesla\AgentTesla__370__sess-dump_largest_session_rgb_stack.png,AgentTesla,0,AgentTesla__370__sess-dump_largest_session_rgb_stack.png,.png,128,128,RGB,20512,8206a82c580df1fd5701a3c5135ea1fdb6d8842dd61a0268b5e89f35e077a512,train,4,2
AgentTesla/AgentTesla__371__sess-dump_largest_session_rgb_stack.png,C:\Users\wwyl5\Project\malware\dataset\processed\dataset_rgb_stack_combined\AgentTesla\AgentTesla__371__sess-dump_largest_session_rgb_stack.png,AgentTesla,0,AgentTesla__371__sess-dump_largest_session_rgb_stack.png,.png,128,128,RGB,20550,d01e629732b47fe49a683c4243498d2aec86c99409026416d5ce7d2583903fe8,train,4,4
AgentTesla/AgentTesla__38__sess-dump_largest_session_rgb_stack.png,C:\Users\wwyl5\Project\malware\dataset\processed\dataset_rgb_stack_combined\AgentTesla\AgentTesla__38__sess-dump_largest_session_rgb_stack.png,AgentTesla,0,AgentTesla__38__sess-dump_largest_session_rgb_stack.png,.png,128,128,RGB,19175,cb1e679c48bbf871ade2fe3ad098ae12740d296809a07548de0b42decca0689c,train,4,2
AgentTesla/AgentTesla__39__sess-dump_largest_session_rgb_stack.png,C:\Users\wwyl5\Project\malware\dataset\processed\dataset_rgb_stack_combined\AgentTesla\AgentTesla__39__sess-dump_largest_session_rgb_stack.png,AgentTesla,0,AgentTesla__39__sess-dump_largest_session_rgb_stack.png,.png,128,128,RGB,10783,3f52090db28aa93a23f1b8e9de771eed8dc27ee71d5b65a6b7b3e7cc703822de,train,1,2
AgentTesla/AgentTesla__3__sess-dump_largest_session_rgb_stack.png,C:\Users\wwyl5\Project\malware\dataset\processed\dataset_rgb_stack_combined\AgentTesla\AgentTesla__3__sess-dump_largest_session_rgb_stack.png,AgentTesla,0,AgentTesla__3__sess-dump_largest_session_rgb_stack.png,.png,128,128,RGB,19388,a959438c9689aa0d901d4e9102c53fa9c39ad9c8dafb03855c5d230f3e4920fe,train,0,0
AgentTesla/AgentTesla__40__sess-dump_largest_session_rgb_stack.png,C:\Users\wwyl5\Project\malware\dataset\processed\dataset_rgb_stack_combined\AgentTesla\AgentTesla__40__sess-dump_largest_session_rgb_stack.png,AgentTesla,0,AgentTesla__40__sess-dump_largest_session_rgb_stack.png,.png,128,128,RGB,23339,df032197394647fa029aeafd78060cbe9d875b75bfb2350d1538177cd117f643,train,4,4
AgentTesla/AgentTesla__41__sess-dump_largest_session_rgb_stack.png,C:\Users\wwyl5\Project\malware\dataset\processed\dataset_rgb_stack_combined\AgentTesla\AgentTesla__41__sess-dump_largest_session_rgb_stack.png,AgentTesla,0,AgentTesla__41__sess-dump_largest_session_rgb_stack.png,.png,128,128,RGB,20187,6e52eb37f485d5c1ea9ba478c32a3459f2a9ce8b98cff33287eaa8a8e039843d,val,-1,-1
AgentTesla/AgentTesla__42__sess-dump_largest_session_rgb_stack.png,C:\Users\wwyl5\Project\malware\dataset\processed\dataset_rgb_stack_combined\AgentTesla\AgentTesla__42__sess-dump_largest_session_rgb_stack.png,AgentTesla,0,AgentTesla__42__sess-dump_largest_session_rgb_stack.png,.png,128,128,RGB,14473,cb87b0aebb0295d4bbaa7b505774eeb3f62e9aa25d6be03046cbb9241fdc90e6,train,2,4
AgentTesla/AgentTesla__44__sess-dump_largest_session_rgb_stack.png,C:\Users\wwyl5\Project\malware\dataset\processed\dataset_rgb_stack_combined\AgentTesla\AgentTesla__44__sess-dump_largest_session_rgb_stack.png,AgentTesla,0,AgentTesla__44__sess-dump_largest_session_rgb_stack.png,.png,128,128,RGB,21089,1cdb7be0120632d86596a4645140b586bfc23ab0f8ad9149214fd91a6c4b8d73,train,0,3
AgentTesla/AgentTesla__45__sess-dump_largest_session_rgb_stack.png,C:\Users\wwyl5\Project\malware\dataset\processed\dataset_rgb_stack_combined\AgentTesla\AgentTesla__45__sess-dump_largest_session_rgb_stack.png,AgentTesla,0,AgentTesla__45__sess-dump_largest_session_rgb_stack.png,.png,128,128,RGB,23322,67e1f01346a8322f47ccd8dfb24cfe7423d2efbaf2b049a5ab049a3414696823,test,-1,-1
AgentTesla/AgentTesla__46__sess-dump_largest_session_rgb_stack.png,C:\Users\wwyl5\Project\malware\dataset\processed\dataset_rgb_stack_combined\AgentTesla\AgentTesla__46__sess-dump_largest_session_rgb_stack.png,AgentTesla,0,AgentTesla__46__sess-dump_largest_session_rgb_stack.png,.png,128,128,RGB,19580,52af66dc4f1f336ee92c480a935bdcaa92ff6c7530215cd68707c83a107246db,train,1,2
AgentTesla/AgentTesla__47__sess-dump_largest_session_rgb_stack.png,C:\Users\wwyl5\Project\malware\dataset\processed\dataset_rgb_stack_combined\AgentTesla\AgentTesla__47__sess-dump_largest_session_rgb_stack.png,AgentTesla,0,AgentTesla__47__sess-dump_largest_session_rgb_stack.png,.png,128,128,RGB,19985,b6ad1bd07e8856f17ed19c27aa80cfd582e138e02e7a890a4ac543b459d28e38,val,-1,-1
AgentTesla/AgentTesla__48__sess-dump_largest_session_rgb_stack.png,C:\Users\wwyl5\Project\malware\dataset\processed\dataset_rgb_stack_combined\AgentTesla\AgentTesla__48__sess-dump_largest_session_rgb_stack.png,AgentTesla,0,AgentTesla__48__sess-dump_largest_session_rgb_stack.png,.png,128,128,RGB,23358,a0ce7e0cffe16482e410441ac0d78dd6afee26b59d21598e74bbec062c150632,train,1,4
AgentTesla/AgentTesla__49__sess-dump_largest_session_rgb_stack.png,C:\Users\wwyl5\Project\malware\dataset\processed\dataset_rgb_stack_combined\AgentTesla\AgentTesla__49__sess-dump_largest_session_rgb_stack.png,AgentTesla,0,AgentTesla__49__sess-dump_largest_session_rgb_stack.png,.png,128,128,RGB,17065,2abf0f56fe378be18fddede347ca11cbe6593072f83c3840dbcd3e0f97a3aab1,train,2,3
AgentTesla/AgentTesla__4__sess-dump_largest_session_rgb_stack.png,C:\Users\wwyl5\Project\malware\dataset\processed\dataset_rgb_stack_combined\AgentTesla\AgentTesla__4__sess-dump_largest_session_rgb_stack.png,AgentTesla,0,AgentTesla__4__sess-dump_largest_session_rgb_stack.png,.png,128,128,RGB,19393,f389ef4c883a3d223b5022b1f334cc39e6bae870475040fd13d266de3916f485,test,-1,-1
AgentTesla/AgentTesla__50__sess-dump_largest_session_rgb_stack.png,C:\Users\wwyl5\Project\malware\dataset\processed\dataset_rgb_stack_combined\AgentTesla\AgentTesla__50__sess-dump_largest_session_rgb_stack.png,AgentTesla,0,AgentTesla__50__sess-dump_largest_session_rgb_stack.png,.png,128,128,RGB,19185,c393dae82704ebd0328e71a3e4e8392f7d6ce931fd0e4980e4615c3c1594a90b,val,-1,-1
AgentTesla/AgentTesla__51__sess-dump_largest_session_rgb_stack.png,C:\Users\wwyl5\Project\malware\dataset\processed\dataset_rgb_stack_combined\AgentTesla\AgentTesla__51__sess-dump_largest_session_rgb_stack.png,AgentTesla,0,AgentTesla__51__sess-dump_largest_session_rgb_stack.png,.png,128,128,RGB,11881,0aa62d974c5c488e8947db6072cb4f04daaa11ee5fb1f1a70b7ee7cc9223f880,train,1,2
AgentTesla/AgentTesla__52__sess-dump_largest_session_rgb_stack.png,C:\Users\wwyl5\Project\malware\dataset\processed\dataset_rgb_stack_combined\AgentTesla\AgentTesla__52__sess-dump_largest_session_rgb_stack.png,AgentTesla,0,AgentTesla__52__sess-dump_largest_session_rgb_stack.png,.png,128,128,RGB,20648,2afa166b40b8c6412326bbf8ca43d48a9352b672fa74bd4f2848f2847757bac4,train,2,2
AgentTesla/AgentTesla__53__sess-dump_largest_session_rgb_stack.png,C:\Users\wwyl5\Project\malware\dataset\processed\dataset_rgb_stack_combined\AgentTesla\AgentTesla__53__sess-dump_largest_session_rgb_stack.png,AgentTesla,0,AgentTesla__53__sess-dump_largest_session_rgb_stack.png,.png,128,128,RGB,20641,ad6156322c3b6d214576ae13d7bc0795e504528384e29626118aad27759c6ce9,train,1,2
AgentTesla/AgentTesla__54__sess-dump_largest_session_rgb_stack.png,C:\Users\wwyl5\Project\malware\dataset\processed\dataset_rgb_stack_combined\AgentTesla\AgentTesla__54__sess-dump_largest_session_rgb_stack.png,AgentTesla,0,AgentTesla__54__sess-dump_largest_session_rgb_stack.png,.png,128,128,RGB,20488,7fec1d080f7edd043926615d7545c9072fe41bfbfb6fdc3edaf611f855bbcaa8,train,0,4
AgentTesla/AgentTesla__55__sess-dump_largest_session_rgb_stack.png,C:\Users\wwyl5\Project\malware\dataset\processed\dataset_rgb_stack_combined\AgentTesla\AgentTesla__55__sess-dump_largest_session_rgb_stack.png,AgentTesla,0,AgentTesla__55__sess-dump_largest_session_rgb_stack.png,.png,128,128,RGB,12365,2d1b992e89657d7de8da0eefff05a41a71dfd3a35c52b644c547398eac5ae679,train,2,2
AgentTesla/AgentTesla__56__sess-dump_largest_session_rgb_stack.png,C:\Users\wwyl5\Project\malware\dataset\processed\dataset_rgb_stack_combined\AgentTesla\AgentTesla__56__sess-dump_largest_session_rgb_stack.png,AgentTesla,0,AgentTesla__56__sess-dump_largest_session_rgb_stack.png,.png,128,128,RGB,19782,539b93697d44516511a2c8befb9369b7171c345ae88d63b90239a21b9221f9ab,train,4,0
AgentTesla/AgentTesla__57__sess-dump_largest_session_rgb_stack.png,C:\Users\wwyl5\Project\malware\dataset\processed\dataset_rgb_stack_combined\AgentTesla\AgentTesla__57__sess-dump_largest_session_rgb_stack.png,AgentTesla,0,AgentTesla__57__sess-dump_largest_session_rgb_stack.png,.png,128,128,RGB,12790,929ff4d09d80f7999158dabc76976a42035fa79f5b1f5c835521a47d348c6975,test,-1,-1
AgentTesla/AgentTesla__58__sess-dump_largest_session_rgb_stack.png,C:\Users\wwyl5\Project\malware\dataset\processed\dataset_rgb_stack_combined\AgentTesla\AgentTesla__58__sess-dump_largest_session_rgb_stack.png,AgentTesla,0,AgentTesla__58__sess-dump_largest_session_rgb_stack.png,.png,128,128,RGB,15725,d1104602448d8484569faa02dae25ef055b598d5d536262d20ad63a9887c08f1,test,-1,-1
AgentTesla/AgentTesla__5__sess-dump_largest_session_rgb_stack.png,C:\Users\wwyl5\Project\malware\dataset\processed\dataset_rgb_stack_combined\AgentTesla\AgentTesla__5__sess-dump_largest_session_rgb_stack.png,AgentTesla,0,AgentTesla__5__sess-dump_largest_session_rgb_stack.png,.png,128,128,RGB,21585,f6d2078ab1d79f47244ceb33e4dfd8f330d160f58b864c25166bd23f1012eef9,val,-1,-1
AgentTesla/AgentTesla__60__sess-dump_largest_session_rgb_stack.png,C:\Users\wwyl5\Project\malware\dataset\processed\dataset_rgb_stack_combined\AgentTesla\AgentTesla__60__sess-dump_largest_session_rgb_stack.png,AgentTesla,0,AgentTesla__60__sess-dump_largest_session_rgb_stack.png,.png,128,128,RGB,19195,45c34c0ef5f1dc92884c291c41ee1a01415e8c77f24885f206f4a7d2f600658f,train,3,4
AgentTesla/AgentTesla__61__sess-dump_largest_session_rgb_stack.png,C:\Users\wwyl5\Project\malware\dataset\processed\dataset_rgb_stack_combined\AgentTesla\AgentTesla__61__sess-dump_largest_session_rgb_stack.png,AgentTesla,0,AgentTesla__61__sess-dump_largest_session_rgb_stack.png,.png,128,128,RGB,14082,e003e649f4bdf385a1e640e899ecc927c2ed11568bd6be356b1253663e30128d,train,4,2
AgentTesla/AgentTesla__62__sess-dump_largest_session_rgb_stack.png,C:\Users\wwyl5\Project\malware\dataset\processed\dataset_rgb_stack_combined\AgentTesla\AgentTesla__62__sess-dump_largest_session_rgb_stack.png,AgentTesla,0,AgentTesla__62__sess-dump_largest_session_rgb_stack.png,.png,128,128,RGB,23697,ae4522a49aae98d7fff46d7f5efce9e82391bda370f6426692b664fa0ce75030,test,-1,-1
AgentTesla/AgentTesla__63__sess-dump_largest_session_rgb_stack.png,C:\Users\wwyl5\Project\malware\dataset\processed\dataset_rgb_stack_combined\AgentTesla\AgentTesla__63__sess-dump_largest_session_rgb_stack.png,AgentTesla,0,AgentTesla__63__sess-dump_largest_session_rgb_stack.png,.png,128,128,RGB,21090,2f755de60e0d2ec9c9e85ab88c1e7dc62e61742275f2ac179c84123acf19eed1,train,0,4
AgentTesla/AgentTesla__64__sess-dump_largest_session_rgb_stack.png,C:\Users\wwyl5\Project\malware\dataset\processed\dataset_rgb_stack_combined\AgentTesla\AgentTesla__64__sess-dump_largest_session_rgb_stack.png,AgentTesla,0,AgentTesla__64__sess-dump_largest_session_rgb_stack.png,.png,128,128,RGB,23193,66032748e0c8ae682e6d5a361ba7315f999e0a0459ac52e8bf5fda307c81e338,train,2,2
AgentTesla/AgentTesla__66__sess-dump_largest_session_rgb_stack.png,C:\Users\wwyl5\Project\malware\dataset\processed\dataset_rgb_stack_combined\AgentTesla\AgentTesla__66__sess-dump_largest_session_rgb_stack.png,AgentTesla,0,AgentTesla__66__sess-dump_largest_session_rgb_stack.png,.png,128,128,RGB,12506,5facb118d34e0ef35a0870b0778d1cdbbcc8694527a3c25836203f1f0d3a6e1f,val,-1,-1
AgentTesla/AgentTesla__67__sess-dump_largest_session_rgb_stack.png,C:\Users\wwyl5\Project\malware\dataset\processed\dataset_rgb_stack_combined\AgentTesla\AgentTesla__67__sess-dump_largest_session_rgb_stack.png,AgentTesla,0,AgentTesla__67__sess-dump_largest_session_rgb_stack.png,.png,128,128,RGB,18749,a49dace1a46e1d38590327657b3ae35943141b9967856dae7bffd4fc2606a393,train,0,2
AgentTesla/AgentTesla__68__sess-dump_largest_session_rgb_stack.png,C:\Users\wwyl5\Project\malware\dataset\processed\dataset_rgb_stack_combined\AgentTesla\AgentTesla__68__sess-dump_largest_session_rgb_stack.png,AgentTesla,0,AgentTesla__68__sess-dump_largest_session_rgb_stack.png,.png,128,128,RGB,12561,8829c643a14785305bff9748fecdadd22f41dc528d422d3a1c2a58c188c37b8d,train,1,0
AgentTesla/AgentTesla__69__sess-dump_largest_session_rgb_stack.png,C:\Users\wwyl5\Project\malware\dataset\processed\dataset_rgb_stack_combined\AgentTesla\AgentTesla__69__sess-dump_largest_session_rgb_stack.png,AgentTesla,0,AgentTesla__69__sess-dump_largest_session_rgb_stack.png,.png,128,128,RGB,23912,b4c51cb09c81bbaebb9bbe38d04345e7fc3c7b5be9b2757863b28b3374a940b6,train,1,2
AgentTesla/AgentTesla__6__sess-dump_largest_session_rgb_stack.png,C:\Users\wwyl5\Project\malware\dataset\processed\dataset_rgb_stack_combined\AgentTesla\AgentTesla__6__sess-dump_largest_session_rgb_stack.png,AgentTesla,0,AgentTesla__6__sess-dump_largest_session_rgb_stack.png,.png,128,128,RGB,19377,0bcbcb68ce1d76a5601ab59e9f7aa553f59a9b34eba613d8188c2c43ce2b0b22,test,-1,-1
AgentTesla/AgentTesla__71__sess-dump_largest_session_rgb_stack.png,C:\Users\wwyl5\Project\malware\dataset\processed\dataset_rgb_stack_combined\AgentTesla\AgentTesla__71__sess-dump_largest_session_rgb_stack.png,AgentTesla,0,AgentTesla__71__sess-dump_largest_session_rgb_stack.png,.png,128,128,RGB,21008,1e1facae7a8165f805a44d5bdc4914c4645237c0cee3a62ed78d5fd3c5312a72,val,-1,-1
AgentTesla/AgentTesla__72__sess-dump_largest_session_rgb_stack.png,C:\Users\wwyl5\Project\malware\dataset\processed\dataset_rgb_stack_combined\AgentTesla\AgentTesla__72__sess-dump_largest_session_rgb_stack.png,AgentTesla,0,AgentTesla__72__sess-dump_largest_session_rgb_stack.png,.png,128,128,RGB,13263,13dcf669356f0e231e0a5a474850f553155a2682806342fd628a312988a0ac9c,val,-1,-1
AgentTesla/AgentTesla__73__sess-dump_largest_session_rgb_stack.png,C:\Users\wwyl5\Project\malware\dataset\processed\dataset_rgb_stack_combined\AgentTesla\AgentTesla__73__sess-dump_largest_session_rgb_stack.png,AgentTesla,0,AgentTesla__73__sess-dump_largest_session_rgb_stack.png,.png,128,128,RGB,19447,5e08dc88afb3442a07ff23fdc14b59bfd36604c74fdba4f87be0b806be1a6dbd,train,1,4
AgentTesla/AgentTesla__74__sess-dump_largest_session_rgb_stack.png,C:\Users\wwyl5\Project\malware\dataset\processed\dataset_rgb_stack_combined\AgentTesla\AgentTesla__74__sess-dump_largest_session_rgb_stack.png,AgentTesla,0,AgentTesla__74__sess-dump_largest_session_rgb_stack.png,.png,128,128,RGB,21988,b72b888a2ae2df3ab20ced8c094b892861034802e1d97c9bea867faf37b3f337,train,0,2
AgentTesla/AgentTesla__75__sess-dump_largest_session_rgb_stack.png,C:\Users\wwyl5\Project\malware\dataset\processed\dataset_rgb_stack_combined\AgentTesla\AgentTesla__75__sess-dump_largest_session_rgb_stack.png,AgentTesla,0,AgentTesla__75__sess-dump_largest_session_rgb_stack.png,.png,128,128,RGB,12573,9aab898c18b686e8e87070b6a16a59cd18c500f061b679025954e97a54f7bc32,val,-1,-1
AgentTesla/AgentTesla__76__sess-dump_largest_session_rgb_stack.png,C:\Users\wwyl5\Project\malware\dataset\processed\dataset_rgb_stack_combined\AgentTesla\AgentTesla__76__sess-dump_largest_session_rgb_stack.png,AgentTesla,0,AgentTesla__76__sess-dump_largest_session_rgb_stack.png,.png,128,128,RGB,21857,e6318dff2082c22364e3e26053ac4d262ab20cc4d8379a02d1d7b84b0750c224,train,1,3
AgentTesla/AgentTesla__77__sess-dump_largest_session_rgb_stack.png,C:\Users\wwyl5\Project\malware\dataset\processed\dataset_rgb_stack_combined\AgentTesla\AgentTesla__77__sess-dump_largest_session_rgb_stack.png,AgentTesla,0,AgentTesla__77__sess-dump_largest_session_rgb_stack.png,.png,128,128,RGB,24468,3c2aa0050c66edaf56c20155ce6ae8b4108a649fb888ea020acb1724aa4d240c,train,0,2
AgentTesla/AgentTesla__78__sess-dump_largest_session_rgb_stack.png,C:\Users\wwyl5\Project\malware\dataset\processed\dataset_rgb_stack_combined\AgentTesla\AgentTesla__78__sess-dump_largest_session_rgb_stack.png,AgentTesla,0,AgentTesla__78__sess-dump_largest_session_rgb_stack.png,.png,128,128,RGB,21780,17157524de99809ab906f89cfd20e6fd1dddfc3e86bd345ac42fd2ef4b0dfaf8,test,-1,-1
AgentTesla/AgentTesla__79__sess-dump_largest_session_rgb_stack.png,C:\Users\wwyl5\Project\malware\dataset\processed\dataset_rgb_stack_combined\AgentTesla\AgentTesla__79__sess-dump_largest_session_rgb_stack.png,AgentTesla,0,AgentTesla__79__sess-dump_largest_session_rgb_stack.png,.png,128,128,RGB,23480,ea137144c1b81537887239af1f4b7be35f8d2554c6497b9db5f34805a63a8dd2,train,3,4
AgentTesla/AgentTesla__7__sess-dump_largest_session_rgb_stack.png,C:\Users\wwyl5\Project\malware\dataset\processed\dataset_rgb_stack_combined\AgentTesla\AgentTesla__7__sess-dump_largest_session_rgb_stack.png,AgentTesla,0,AgentTesla__7__sess-dump_largest_session_rgb_stack.png,.png,128,128,RGB,19369,4f6374ecf9de7785caa3dfef09adce4d150cd29db001d15233cb9b2b8116233d,train,3,2
AgentTesla/AgentTesla__80__sess-dump_largest_session_rgb_stack.png,C:\Users\wwyl5\Project\malware\dataset\processed\dataset_rgb_stack_combined\AgentTesla\AgentTesla__80__sess-dump_largest_session_rgb_stack.png,AgentTesla,0,AgentTesla__80__sess-dump_largest_session_rgb_stack.png,.png,128,128,RGB,21657,613849deed0a960ed87d33bee90df6bcda408c308fcb476518c4504d88355bba,train,2,3
AgentTesla/AgentTesla__81__sess-dump_largest_session_rgb_stack.png,C:\Users\wwyl5\Project\malware\dataset\processed\dataset_rgb_stack_combined\AgentTesla\AgentTesla__81__sess-dump_largest_session_rgb_stack.png,AgentTesla,0,AgentTesla__81__sess-dump_largest_session_rgb_stack.png,.png,128,128,RGB,20055,46989d163b64e4368c3271db29241bacb6d84d0b7f776c7583bf8eb2932846f1,val,-1,-1
AgentTesla/AgentTesla__82__sess-dump_largest_session_rgb_stack.png,C:\Users\wwyl5\Project\malware\dataset\processed\dataset_rgb_stack_combined\AgentTesla\AgentTesla__82__sess-dump_largest_session_rgb_stack.png,AgentTesla,0,AgentTesla__82__sess-dump_largest_session_rgb_stack.png,.png,128,128,RGB,12596,aace041c7ad4a2088eb38e9afeaaf491796b551d529d857628eb0cb5f9a2f75b,train,0,2
AgentTesla/AgentTesla__83__sess-dump_largest_session_rgb_stack.png,C:\Users\wwyl5\Project\malware\dataset\processed\dataset_rgb_stack_combined\AgentTesla\AgentTesla__83__sess-dump_largest_session_rgb_stack.png,AgentTesla,0,AgentTesla__83__sess-dump_largest_session_rgb_stack.png,.png,128,128,RGB,22619,86e73fdaa9413cd7c48af12a0a9f32ab5eccc68b941c9992f2f379b9646b6079,train,4,3
AgentTesla/AgentTesla__84__sess-dump_largest_session_rgb_stack.png,C:\Users\wwyl5\Project\malware\dataset\processed\dataset_rgb_stack_combined\AgentTesla\AgentTesla__84__sess-dump_largest_session_rgb_stack.png,AgentTesla,0,AgentTesla__84__sess-dump_largest_session_rgb_stack.png,.png,128,128,RGB,20822,e98178d43cae94939aac44948676896d172093e6fa339e72dfe0b2d463b82626,val,-1,-1
AgentTesla/AgentTesla__85__sess-dump_largest_session_rgb_stack.png,C:\Users\wwyl5\Project\malware\dataset\processed\dataset_rgb_stack_combined\AgentTesla\AgentTesla__85__sess-dump_largest_session_rgb_stack.png,AgentTesla,0,AgentTesla__85__sess-dump_largest_session_rgb_stack.png,.png,128,128,RGB,20925,83de7109238bbda2bdbf8d112939ec6d8dd35bebfd8a1b77f1873ad9ed9f3cc3,test,-1,-1
AgentTesla/AgentTesla__86__sess-dump_largest_session_rgb_stack.png,C:\Users\wwyl5\Project\malware\dataset\processed\dataset_rgb_stack_combined\AgentTesla\AgentTesla__86__sess-dump_largest_session_rgb_stack.png,AgentTesla,0,AgentTesla__86__sess-dump_largest_session_rgb_stack.png,.png,128,128,RGB,19490,50c2175c3afffbc0cdd2c0ec0b8bcdc1a1e0ab4aedb8eb573550baac63001704,train,2,3
AgentTesla/AgentTesla__87__sess-dump_largest_session_rgb_stack.png,C:\Users\wwyl5\Project\malware\dataset\processed\dataset_rgb_stack_combined\AgentTesla\AgentTesla__87__sess-dump_largest_session_rgb_stack.png,AgentTesla,0,AgentTesla__87__sess-dump_largest_session_rgb_stack.png,.png,128,128,RGB,23439,c45484a9bace2156ca53d8ba5b435dfcd25a24a804412d731d3a2e63b231b1b7,train,0,2
AgentTesla/AgentTesla__88__sess-dump_largest_session_rgb_stack.png,C:\Users\wwyl5\Project\malware\dataset\processed\dataset_rgb_stack_combined\AgentTesla\AgentTesla__88__sess-dump_largest_session_rgb_stack.png,AgentTesla,0,AgentTesla__88__sess-dump_largest_session_rgb_stack.png,.png,128,128,RGB,13992,b6f410c6e5a3f03fac3d554a324cb0c330b3559ee5dc7c46babd3b0265107abf,train,4,2
AgentTesla/AgentTesla__89__sess-dump_largest_session_rgb_stack.png,C:\Users\wwyl5\Project\malware\dataset\processed\dataset_rgb_stack_combined\AgentTesla\AgentTesla__89__sess-dump_largest_session_rgb_stack.png,AgentTesla,0,AgentTesla__89__sess-dump_largest_session_rgb_stack.png,.png,128,128,RGB,23760,11a403d3cb82013853510a471db7d2339a0eb4be23eaf92ab44717a9a835ff41,train,1,4
AgentTesla/AgentTesla__8__sess-dump_largest_session_rgb_stack.png,C:\Users\wwyl5\Project\malware\dataset\processed\dataset_rgb_stack_combined\AgentTesla\AgentTesla__8__sess-dump_largest_session_rgb_stack.png,AgentTesla,0,AgentTesla__8__sess-dump_largest_session_rgb_stack.png,.png,128,128,RGB,14565,84a5da9ccfeeaec9595ce1ff7e3d78ca05368729f1c0787c80660c93d26acee8,train,1,3
AgentTesla/AgentTesla__90__sess-dump_largest_session_rgb_stack.png,C:\Users\wwyl5\Project\malware\dataset\processed\dataset_rgb_stack_combined\AgentTesla\AgentTesla__90__sess-dump_largest_session_rgb_stack.png,AgentTesla,0,AgentTesla__90__sess-dump_largest_session_rgb_stack.png,.png,128,128,RGB,13583,14234ba2dbae89d65174027e6e4a07bfbec4d16d20091325b8ed04f9393008ed,train,2,2
AgentTesla/AgentTesla__91__sess-dump_largest_session_rgb_stack.png,C:\Users\wwyl5\Project\malware\dataset\processed\dataset_rgb_stack_combined\AgentTesla\AgentTesla__91__sess-dump_largest_session_rgb_stack.png,AgentTesla,0,AgentTesla__91__sess-dump_largest_session_rgb_stack.png,.png,128,128,RGB,21718,f62ecb0d0cda4b9393f8eda41899a10153dde3ef278db5fe73a485ee8acbb351,train,3,2
AgentTesla/AgentTesla__92__sess-dump_largest_session_rgb_stack.png,C:\Users\wwyl5\Project\malware\dataset\processed\dataset_rgb_stack_combined\AgentTesla\AgentTesla__92__sess-dump_largest_session_rgb_stack.png,AgentTesla,0,AgentTesla__92__sess-dump_largest_session_rgb_stack.png,.png,128,128,RGB,19703,3738f0cf3658773ce119d0365d41a787e8b5ff49bebe19e22da2c8260229a2a5,train,0,2
AgentTesla/AgentTesla__93__sess-dump_largest_session_rgb_stack.png,C:\Users\wwyl5\Project\malware\dataset\processed\dataset_rgb_stack_combined\AgentTesla\AgentTesla__93__sess-dump_largest_session_rgb_stack.png,AgentTesla,0,AgentTesla__93__sess-dump_largest_session_rgb_stack.png,.png,128,128,RGB,12068,68e0fa57ac0247ffb6d9600006bdcf8dbb178bcf0d4635f6f2cbc4d8be711a3e,test,-1,-1
AgentTesla/AgentTesla__94__sess-dump_largest_session_rgb_stack.png,C:\Users\wwyl5\Project\malware\dataset\processed\dataset_rgb_stack_combined\AgentTesla\AgentTesla__94__sess-dump_largest_session_rgb_stack.png,AgentTesla,0,AgentTesla__94__sess-dump_largest_session_rgb_stack.png,.png,128,128,RGB,21659,9dfe4a6fd23b382503e16ffadf30b8aade1d52680b80c6519aaa80850b9c2864,train,3,3
AgentTesla/AgentTesla__95__sess-dump_largest_session_rgb_stack.png,C:\Users\wwyl5\Project\malware\dataset\processed\dataset_rgb_stack_combined\AgentTesla\AgentTesla__95__sess-dump_largest_session_rgb_stack.png,AgentTesla,0,AgentTesla__95__sess-dump_largest_session_rgb_stack.png,.png,128,128,RGB,14003,44fca2563acb46a4d498229f766e857ba7dcdeb90e7ca54fc5c81b38c91b41cb,val,-1,-1
AgentTesla/AgentTesla__96__sess-dump_largest_session_rgb_stack.png,C:\Users\wwyl5\Project\malware\dataset\processed\dataset_rgb_stack_combined\AgentTesla\AgentTesla__96__sess-dump_largest_session_rgb_stack.png,AgentTesla,0,AgentTesla__96__sess-dump_largest_session_rgb_stack.png,.png,128,128,RGB,21906,c7052c36074bf5892a171a577b17fafd39a8f276deea4c8681fae6696fa9b254,train,2,2
AgentTesla/AgentTesla__97__sess-dump_largest_session_rgb_stack.png,C:\Users\wwyl5\Project\malware\dataset\processed\dataset_rgb_stack_combined\AgentTesla\AgentTesla__97__sess-dump_largest_session_rgb_stack.png,AgentTesla,0,AgentTesla__97__sess-dump_largest_session_rgb_stack.png,.png,128,128,RGB,13210,13b5b6cb27e79e6986fc8b9df1bc660e557d3cf954e1d07d7247cd080dffc240,train,1,2
AgentTesla/AgentTesla__98__sess-dump_largest_session_rgb_stack.png,C:\Users\wwyl5\Project\malware\dataset\processed\dataset_rgb_stack_combined\AgentTesla\AgentTesla__98__sess-dump_largest_session_rgb_stack.png,AgentTesla,0,AgentTesla__98__sess-dump_largest_session_rgb_stack.png,.png,128,128,RGB,23637,c9140fa71b2e95f2f2884352ae57e80dbf4091001a95f77416129cfaca00b87a,train,3,2
AgentTesla/AgentTesla__99__sess-dump_largest_session_rgb_stack.png,C:\Users\wwyl5\Project\malware\dataset\processed\dataset_rgb_stack_combined\AgentTesla\AgentTesla__99__sess-dump_largest_session_rgb_stack.png,AgentTesla,0,AgentTesla__99__sess-dump_largest_session_rgb_stack.png,.png,128,128,RGB,10988,926cf0b93e09450be122dabd8075a9b7bed217e43baf474d7c33f280c09efaa5,test,-1,-1
AgentTesla/AgentTesla__9__sess-dump_largest_session_rgb_stack.png,C:\Users\wwyl5\Project\malware\dataset\processed\dataset_rgb_stack_combined\AgentTesla\AgentTesla__9__sess-dump_largest_session_rgb_stack.png,AgentTesla,0,AgentTesla__9__sess-dump_largest_session_rgb_stack.png,.png,128,128,RGB,18731,ba8aca8cb14b55386c9a3d579125980f57f88df6d859b968ef94ef7a64e7fe1b,train,4,2
FormBook/FormBook__155__sess-dump_largest_session_rgb_stack.png,C:\Users\wwyl5\Project\malware\dataset\processed\dataset_rgb_stack_combined\FormBook\FormBook__155__sess-dump_largest_session_rgb_stack.png,FormBook,1,FormBook__155__sess-dump_largest_session_rgb_stack.png,.png,128,128,RGB,10094,846afdfc20b785cbb7e058c0b2d138e440032974dd0a53c30c28f0832218a34e,train,4,2
FormBook/FormBook__157__sess-dump_largest_session_rgb_stack.png,C:\Users\wwyl5\Project\malware\dataset\processed\dataset_rgb_stack_combined\FormBook\FormBook__157__sess-dump_largest_session_rgb_stack.png,FormBook,1,FormBook__157__sess-dump_largest_session_rgb_stack.png,.png,128,128,RGB,20156,ec54b600c6efaa939d8a898538abc65c3195137d91cf081c0bd4a8fb0648e145,train,3,4
FormBook/FormBook__158__sess-dump_largest_session_rgb_stack.png,C:\Users\wwyl5\Project\malware\dataset\processed\dataset_rgb_stack_combined\FormBook\FormBook__158__sess-dump_largest_session_rgb_stack.png,FormBook,1,FormBook__158__sess-dump_largest_session_rgb_stack.png,.png,128,128,RGB,10532,22e76ed0812da21465cf2759a3ece4c5af78492585529b7e654a83f53e2e969d,train,1,0
FormBook/FormBook__159__sess-dump_largest_session_rgb_stack.png,C:\Users\wwyl5\Project\malware\dataset\processed\dataset_rgb_stack_combined\FormBook\FormBook__159__sess-dump_largest_session_rgb_stack.png,FormBook,1,FormBook__159__sess-dump_largest_session_rgb_stack.png,.png,128,128,RGB,19324,308a5da57db62d7a9b6a7eddcdd8f16a42cba21a4ea99d661f7cef9f8c860f33,val,-1,-1
FormBook/FormBook__160__sess-dump_largest_session_rgb_stack.png,C:\Users\wwyl5\Project\malware\dataset\processed\dataset_rgb_stack_combined\FormBook\FormBook__160__sess-dump_largest_session_rgb_stack.png,FormBook,1,FormBook__160__sess-dump_largest_session_rgb_stack.png,.png,128,128,RGB,10256,0f0d8dbf701c247c2aa3397491b68748c060965864bac04354328de7987a940d,train,2,3
FormBook/FormBook__161__sess-dump_largest_session_rgb_stack.png,C:\Users\wwyl5\Project\malware\dataset\processed\dataset_rgb_stack_combined\FormBook\FormBook__161__sess-dump_largest_session_rgb_stack.png,FormBook,1,FormBook__161__sess-dump_largest_session_rgb_stack.png,.png,128,128,RGB,10246,e6af76e4a6ea6302c9dc9ca7113d898eb4ed9dc3f5d98a47b4e07570e70b734f,train,4,2
FormBook/FormBook__162__sess-dump_largest_session_rgb_stack.png,C:\Users\wwyl5\Project\malware\dataset\processed\dataset_rgb_stack_combined\FormBook\FormBook__162__sess-dump_largest_session_rgb_stack.png,FormBook,1,FormBook__162__sess-dump_largest_session_rgb_stack.png,.png,128,128,RGB,23126,73ad0cc1f0fe7dd64b88557370a83c5e0af9469e57d1ca5b4eb501501ed251ce,val,-1,-1
FormBook/FormBook__163__sess-dump_largest_session_rgb_stack.png,C:\Users\wwyl5\Project\malware\dataset\processed\dataset_rgb_stack_combined\FormBook\FormBook__163__sess-dump_largest_session_rgb_stack.png,FormBook,1,FormBook__163__sess-dump_largest_session_rgb_stack.png,.png,128,128,RGB,22890,f69a8af92dae5eb3e8f9441b9c42262133f252f14f15b20edf0ef9e04c15b00f,val,-1,-1
FormBook/FormBook__164__sess-dump_largest_session_rgb_stack.png,C:\Users\wwyl5\Project\malware\dataset\processed\dataset_rgb_stack_combined\FormBook\FormBook__164__sess-dump_largest_session_rgb_stack.png,FormBook,1,FormBook__164__sess-dump_largest_session_rgb_stack.png,.png,128,128,RGB,22286,cfd42f4e112fa72f0fe766a2b20e32d3521164d086f5e6ef1b10c71d8aa4d594,test,-1,-1
FormBook/FormBook__165__sess-dump_largest_session_rgb_stack.png,C:\Users\wwyl5\Project\malware\dataset\processed\dataset_rgb_stack_combined\FormBook\FormBook__165__sess-dump_largest_session_rgb_stack.png,FormBook,1,FormBook__165__sess-dump_largest_session_rgb_stack.png,.png,128,128,RGB,12184,e74e847e66092f86279c796a2c9827b6781ba5b97e6c2c6101b641ca25eda490,train,1,2
FormBook/FormBook__166__sess-dump_largest_session_rgb_stack.png,C:\Users\wwyl5\Project\malware\dataset\processed\dataset_rgb_stack_combined\FormBook\FormBook__166__sess-dump_largest_session_rgb_stack.png,FormBook,1,FormBook__166__sess-dump_largest_session_rgb_stack.png,.png,128,128,RGB,23019,252299623dbe39be6cf14b04257e319c81fd92a696fab9666ca8bc040d6be6c9,train,0,2
FormBook/FormBook__167__sess-dump_largest_session_rgb_stack.png,C:\Users\wwyl5\Project\malware\dataset\processed\dataset_rgb_stack_combined\FormBook\FormBook__167__sess-dump_largest_session_rgb_stack.png,FormBook,1,FormBook__167__sess-dump_largest_session_rgb_stack.png,.png,128,128,RGB,11733,ff2917545ea0fb3c8b2679610d0c0b93944d9ac0da30a9c6efd741e530a8d889,train,0,2
FormBook/FormBook__168__sess-dump_largest_session_rgb_stack.png,C:\Users\wwyl5\Project\malware\dataset\processed\dataset_rgb_stack_combined\FormBook\FormBook__168__sess-dump_largest_session_rgb_stack.png,FormBook,1,FormBook__168__sess-dump_largest_session_rgb_stack.png,.png,128,128,RGB,22890,735d0323a05708002db7e495f10a5317f486c2e532b965eb5837009214be4ce5,val,-1,-1
FormBook/FormBook__169__sess-dump_largest_session_rgb_stack.png,C:\Users\wwyl5\Project\malware\dataset\processed\dataset_rgb_stack_combined\FormBook\FormBook__169__sess-dump_largest_session_rgb_stack.png,FormBook,1,FormBook__169__sess-dump_largest_session_rgb_stack.png,.png,128,128,RGB,23270,e3b5e45176fbd67bad18ed69fdea866f317d37b526cdd9d78295f4c7ea0aae3a,train,2,2
FormBook/FormBook__170__sess-dump_largest_session_rgb_stack.png,C:\Users\wwyl5\Project\malware\dataset\processed\dataset_rgb_stack_combined\FormBook\FormBook__170__sess-dump_largest_session_rgb_stack.png,FormBook,1,FormBook__170__sess-dump_largest_session_rgb_stack.png,.png,128,128,RGB,22855,ae552c9151669402b320fa1c53aa562bc0a9e905e71e8d7c028665361e38a9ee,train,4,2
FormBook/FormBook__171__sess-dump_largest_session_rgb_stack.png,C:\Users\wwyl5\Project\malware\dataset\processed\dataset_rgb_stack_combined\FormBook\FormBook__171__sess-dump_largest_session_rgb_stack.png,FormBook,1,FormBook__171__sess-dump_largest_session_rgb_stack.png,.png,128,128,RGB,23232,a204d387e92eb80fbdf0f3e67e2ed430b8510a051207fc0b084423c27f1965cc,train,1,4
FormBook/FormBook__172__sess-dump_largest_session_rgb_stack.png,C:\Users\wwyl5\Project\malware\dataset\processed\dataset_rgb_stack_combined\FormBook\FormBook__172__sess-dump_largest_session_rgb_stack.png,FormBook,1,FormBook__172__sess-dump_largest_session_rgb_stack.png,.png,128,128,RGB,20321,27872c7aefb05c4b4889851fa829a6601bda20f5f3bd30a144df87f15f7b26ae,train,2,0
FormBook/FormBook__173__sess-dump_largest_session_rgb_stack.png,C:\Users\wwyl5\Project\malware\dataset\processed\dataset_rgb_stack_combined\FormBook\FormBook__173__sess-dump_largest_session_rgb_stack.png,FormBook,1,FormBook__173__sess-dump_largest_session_rgb_stack.png,.png,128,128,RGB,23347,dc6dc9991eb5dda356f801821358cffc00f4cd11aa4eb58d65f303db5cbd2fdf,train,4,2
FormBook/FormBook__174__sess-dump_largest_session_rgb_stack.png,C:\Users\wwyl5\Project\malware\dataset\processed\dataset_rgb_stack_combined\FormBook\FormBook__174__sess-dump_largest_session_rgb_stack.png,FormBook,1,FormBook__174__sess-dump_largest_session_rgb_stack.png,.png,128,128,RGB,14072,bf4bea1bae165f7c62fd715407553112cfcaab5c44a2f0a5e407ecc2d1fd265e,train,4,0
FormBook/FormBook__176__sess-dump_largest_session_rgb_stack.png,C:\Users\wwyl5\Project\malware\dataset\processed\dataset_rgb_stack_combined\FormBook\FormBook__176__sess-dump_largest_session_rgb_stack.png,FormBook,1,FormBook__176__sess-dump_largest_session_rgb_stack.png,.png,128,128,RGB,13716,0995509db90117a5686d0fc269110e3267802d584660d4d6f8b1eb092692a755,train,1,2
FormBook/FormBook__177__sess-dump_largest_session_rgb_stack.png,C:\Users\wwyl5\Project\malware\dataset\processed\dataset_rgb_stack_combined\FormBook\FormBook__177__sess-dump_largest_session_rgb_stack.png,FormBook,1,FormBook__177__sess-dump_largest_session_rgb_stack.png,.png,128,128,RGB,22020,a1f8ff48e476e7b5494f3240d84192d3651f70e624ef8d02ecdd1d9a06346753,train,2,2
FormBook/FormBook__178__sess-dump_largest_session_rgb_stack.png,C:\Users\wwyl5\Project\malware\dataset\processed\dataset_rgb_stack_combined\FormBook\FormBook__178__sess-dump_largest_session_rgb_stack.png,FormBook,1,FormBook__178__sess-dump_largest_session_rgb_stack.png,.png,128,128,RGB,23084,a4bb69495d2a3f3dbf892577dccab4c3c74228c4be38b26313b1964b8779829c,val,-1,-1
FormBook/FormBook__179__sess-dump_largest_session_rgb_stack.png,C:\Users\wwyl5\Project\malware\dataset\processed\dataset_rgb_stack_combined\FormBook\FormBook__179__sess-dump_largest_session_rgb_stack.png,FormBook,1,FormBook__179__sess-dump_largest_session_rgb_stack.png,.png,128,128,RGB,11798,7974f7ec97f465c5dc89db5fb0876167816ebd2668721e1e999c386b6ac16082,train,3,4
FormBook/FormBook__180__sess-dump_largest_session_rgb_stack.png,C:\Users\wwyl5\Project\malware\dataset\processed\dataset_rgb_stack_combined\FormBook\FormBook__180__sess-dump_largest_session_rgb_stack.png,FormBook,1,FormBook__180__sess-dump_largest_session_rgb_stack.png,.png,128,128,RGB,12575,f6eb65aba1e36c1a44a86a3c0c3a49575f4a753cea17196b07d3aba6917b4e8d,train,3,3
FormBook/FormBook__181__sess-dump_largest_session_rgb_stack.png,C:\Users\wwyl5\Project\malware\dataset\processed\dataset_rgb_stack_combined\FormBook\FormBook__181__sess-dump_largest_session_rgb_stack.png,FormBook,1,FormBook__181__sess-dump_largest_session_rgb_stack.png,.png,128,128,RGB,23772,74acdea3a378d9aad6713ae35ec35f4adfc3649d4675683550ded88f67d3c795,train,3,3
FormBook/FormBook__182__sess-dump_largest_session_rgb_stack.png,C:\Users\wwyl5\Project\malware\dataset\processed\dataset_rgb_stack_combined\FormBook\FormBook__182__sess-dump_largest_session_rgb_stack.png,FormBook,1,FormBook__182__sess-dump_largest_session_rgb_stack.png,.png,128,128,RGB,23250,82668d313ee15a7fb9209eec6ee250bcabc8224a81d4000ad31719b2ade1e936,train,1,3
FormBook/FormBook__183__sess-dump_largest_session_rgb_stack.png,C:\Users\wwyl5\Project\malware\dataset\processed\dataset_rgb_stack_combined\FormBook\FormBook__183__sess-dump_largest_session_rgb_stack.png,FormBook,1,FormBook__183__sess-dump_largest_session_rgb_stack.png,.png,128,128,RGB,19382,c2130bb2bb87ba425f1d189ce963c3d676eb863ba44298f59491151e697cc785,test,-1,-1
FormBook/FormBook__184__sess-dump_largest_session_rgb_stack.png,C:\Users\wwyl5\Project\malware\dataset\processed\dataset_rgb_stack_combined\FormBook\FormBook__184__sess-dump_largest_session_rgb_stack.png,FormBook,1,FormBook__184__sess-dump_largest_session_rgb_stack.png,.png,128,128,RGB,12892,907ef9c979298cbcc9ae4f7b6c999f9cd4c60c5de0d10667a0e3018336f1b0dd,train,1,2
FormBook/FormBook__185__sess-dump_largest_session_rgb_stack.png,C:\Users\wwyl5\Project\malware\dataset\processed\dataset_rgb_stack_combined\FormBook\FormBook__185__sess-dump_largest_session_rgb_stack.png,FormBook,1,FormBook__185__sess-dump_largest_session_rgb_stack.png,.png,128,128,RGB,22321,893f0d11a5a467fc0aeef072054672ca993c1b6676765bf38d76aea55b0e9990,train,2,0
FormBook/FormBook__186__sess-dump_largest_session_rgb_stack.png,C:\Users\wwyl5\Project\malware\dataset\processed\dataset_rgb_stack_combined\FormBook\FormBook__186__sess-dump_largest_session_rgb_stack.png,FormBook,1,FormBook__186__sess-dump_largest_session_rgb_stack.png,.png,128,128,RGB,11588,b844e8693418e8f07ee4c4e5ad65b649daa88ab50aca38d5476b2083d89403f1,test,-1,-1
FormBook/FormBook__187__sess-dump_largest_session_rgb_stack.png,C:\Users\wwyl5\Project\malware\dataset\processed\dataset_rgb_stack_combined\FormBook\FormBook__187__sess-dump_largest_session_rgb_stack.png,FormBook,1,FormBook__187__sess-dump_largest_session_rgb_stack.png,.png,128,128,RGB,23714,2be8a310c3f97a04e2ab2c2fb13b5f6aee13e4646e0a1bddeeb4d7ab62ea05e0,train,1,2
FormBook/FormBook__188__sess-dump_largest_session_rgb_stack.png,C:\Users\wwyl5\Project\malware\dataset\processed\dataset_rgb_stack_combined\FormBook\FormBook__188__sess-dump_largest_session_rgb_stack.png,FormBook,1,FormBook__188__sess-dump_largest_session_rgb_stack.png,.png,128,128,RGB,23511,5536e66cda2b1f75f3a9ecedc5ad91d9255588eadb34239518458bf00306743a,train,0,2
FormBook/FormBook__189__sess-dump_largest_session_rgb_stack.png,C:\Users\wwyl5\Project\malware\dataset\processed\dataset_rgb_stack_combined\FormBook\FormBook__189__sess-dump_largest_session_rgb_stack.png,FormBook,1,FormBook__189__sess-dump_largest_session_rgb_stack.png,.png,128,128,RGB,21721,b5205dedde8dfbdd1ffc0e978eaeda516c20a7fcab852a7a0fcd4343e846e921,train,4,0
FormBook/FormBook__190__sess-dump_largest_session_rgb_stack.png,C:\Users\wwyl5\Project\malware\dataset\processed\dataset_rgb_stack_combined\FormBook\FormBook__190__sess-dump_largest_session_rgb_stack.png,FormBook,1,FormBook__190__sess-dump_largest_session_rgb_stack.png,.png,128,128,RGB,12875,e62ed226fc1a1592298c36712836a88c9c5b82738ead727c1cfad4f12c775d33,train,4,3
FormBook/FormBook__191__sess-dump_largest_session_rgb_stack.png,C:\Users\wwyl5\Project\malware\dataset\processed\dataset_rgb_stack_combined\FormBook\FormBook__191__sess-dump_largest_session_rgb_stack.png,FormBook,1,FormBook__191__sess-dump_largest_session_rgb_stack.png,.png,128,128,RGB,13222,73f80e8b83ac301348565c14a143694258765c5fbb576b2fa52b8bbcdac0fd4a,train,0,0
FormBook/FormBook__192__sess-dump_largest_session_rgb_stack.png,C:\Users\wwyl5\Project\malware\dataset\processed\dataset_rgb_stack_combined\FormBook\FormBook__192__sess-dump_largest_session_rgb_stack.png,FormBook,1,FormBook__192__sess-dump_largest_session_rgb_stack.png,.png,128,128,RGB,13460,95ef2c854825f89ed524d1036dc49e89a215cdf4300df198b29aebe2dbe9264c,train,3,0
FormBook/FormBook__193__sess-dump_largest_session_rgb_stack.png,C:\Users\wwyl5\Project\malware\dataset\processed\dataset_rgb_stack_combined\FormBook\FormBook__193__sess-dump_largest_session_rgb_stack.png,FormBook,1,FormBook__193__sess-dump_largest_session_rgb_stack.png,.png,128,128,RGB,20737,a79cadcaf4cb56a76fd1dc79f4fb9fcf6d2b4bb328f41ae449684edd8f6a0900,train,2,1
FormBook/FormBook__194__sess-dump_largest_session_rgb_stack.png,C:\Users\wwyl5\Project\malware\dataset\processed\dataset_rgb_stack_combined\FormBook\FormBook__194__sess-dump_largest_session_rgb_stack.png,FormBook,1,FormBook__194__sess-dump_largest_session_rgb_stack.png,.png,128,128,RGB,23543,723918169413d19a6e089eca07793df4d50b651525bf79585450673f3113703e,train,4,2
FormBook/FormBook__195__sess-dump_largest_session_rgb_stack.png,C:\Users\wwyl5\Project\malware\dataset\processed\dataset_rgb_stack_combined\FormBook\FormBook__195__sess-dump_largest_session_rgb_stack.png,FormBook,1,FormBook__195__sess-dump_largest_session_rgb_stack.png,.png,128,128,RGB,14123,ec7eae10a6c9ecc741a749e7554cf177a84db446b42642b13b33c986c215ebaf,val,-1,-1
FormBook/FormBook__196__sess-dump_largest_session_rgb_stack.png,C:\Users\wwyl5\Project\malware\dataset\processed\dataset_rgb_stack_combined\FormBook\FormBook__196__sess-dump_largest_session_rgb_stack.png,FormBook,1,FormBook__196__sess-dump_largest_session_rgb_stack.png,.png,128,128,RGB,10892,cbce7f188a415a75e90362f23c414b5aa88a06344d429311d919eedb9b5deb95,val,-1,-1
FormBook/FormBook__197__sess-dump_largest_session_rgb_stack.png,C:\Users\wwyl5\Project\malware\dataset\processed\dataset_rgb_stack_combined\FormBook\FormBook__197__sess-dump_largest_session_rgb_stack.png,FormBook,1,FormBook__197__sess-dump_largest_session_rgb_stack.png,.png,128,128,RGB,13616,b2466f99ee4d15350b93ec45c9d5b32493651d26eb6a748597c70c7141f6d445,train,4,0
FormBook/FormBook__198__sess-dump_largest_session_rgb_stack.png,C:\Users\wwyl5\Project\malware\dataset\processed\dataset_rgb_stack_combined\FormBook\FormBook__198__sess-dump_largest_session_rgb_stack.png,FormBook,1,FormBook__198__sess-dump_largest_session_rgb_stack.png,.png,128,128,RGB,24372,8e95b7b29e3d572f66f4bedf5e457874e30c21ffaa97d65f48367c9554d423c2,val,-1,-1
FormBook/FormBook__199__sess-dump_largest_session_rgb_stack.png,C:\Users\wwyl5\Project\malware\dataset\processed\dataset_rgb_stack_combined\FormBook\FormBook__199__sess-dump_largest_session_rgb_stack.png,FormBook,1,FormBook__199__sess-dump_largest_session_rgb_stack.png,.png,128,128,RGB,13374,881eeeba192e24d329c4992e02d777b7f544e65787292937ad490329e9b29a40,train,3,0
FormBook/FormBook__200__sess-dump_largest_session_rgb_stack.png,C:\Users\wwyl5\Project\malware\dataset\processed\dataset_rgb_stack_combined\FormBook\FormBook__200__sess-dump_largest_session_rgb_stack.png,FormBook,1,FormBook__200__sess-dump_largest_session_rgb_stack.png,.png,128,128,RGB,22866,472fea583b27388c021dd0ea18a06877fafbf11707889d715815205ada276436,test,-1,-1
FormBook/FormBook__201__sess-dump_largest_session_rgb_stack.png,C:\Users\wwyl5\Project\malware\dataset\processed\dataset_rgb_stack_combined\FormBook\FormBook__201__sess-dump_largest_session_rgb_stack.png,FormBook,1,FormBook__201__sess-dump_largest_session_rgb_stack.png,.png,128,128,RGB,22077,51b62a3c241039143fdaf5b661d016ee112721abc8a5e0c02058b868726b61b0,test,-1,-1
FormBook/FormBook__202__sess-dump_largest_session_rgb_stack.png,C:\Users\wwyl5\Project\malware\dataset\processed\dataset_rgb_stack_combined\FormBook\FormBook__202__sess-dump_largest_session_rgb_stack.png,FormBook,1,FormBook__202__sess-dump_largest_session_rgb_stack.png,.png,128,128,RGB,23443,4d1f08efa67c004698adb9f8f36523e3c57fbe216c279cdcbb3329f63c3c3783,train,0,2
FormBook/FormBook__203__sess-dump_largest_session_rgb_stack.png,C:\Users\wwyl5\Project\malware\dataset\processed\dataset_rgb_stack_combined\FormBook\FormBook__203__sess-dump_largest_session_rgb_stack.png,FormBook,1,FormBook__203__sess-dump_largest_session_rgb_stack.png,.png,128,128,RGB,23697,1ada6a7870db686ea950d9a1dd610f4759b7dafd5bfe46261f6ec90127b7dc64,train,0,0
FormBook/FormBook__204__sess-dump_largest_session_rgb_stack.png,C:\Users\wwyl5\Project\malware\dataset\processed\dataset_rgb_stack_combined\FormBook\FormBook__204__sess-dump_largest_session_rgb_stack.png,FormBook,1,FormBook__204__sess-dump_largest_session_rgb_stack.png,.png,128,128,RGB,23752,93703a0acb0a2626ad8f43f59920ba1549e14e47a0f3792164f56ec7c13d3227,train,3,2
FormBook/FormBook__207__sess-dump_largest_session_rgb_stack.png,C:\Users\wwyl5\Project\malware\dataset\processed\dataset_rgb_stack_combined\FormBook\FormBook__207__sess-dump_largest_session_rgb_stack.png,FormBook,1,FormBook__207__sess-dump_largest_session_rgb_stack.png,.png,128,128,RGB,21468,8f5f79e78fa5d870400f8f19ab9ac6db3d7939e1933a9980f61fefb74696484e,train,0,0
FormBook/FormBook__208__sess-dump_largest_session_rgb_stack.png,C:\Users\wwyl5\Project\malware\dataset\processed\dataset_rgb_stack_combined\FormBook\FormBook__208__sess-dump_largest_session_rgb_stack.png,FormBook,1,FormBook__208__sess-dump_largest_session_rgb_stack.png,.png,128,128,RGB,21706,3c8c0088457856ec2db90c90afd9b8347767c3d2a349bb89b7e34f4c1a2de15e,train,0,2
FormBook/FormBook__209__sess-dump_largest_session_rgb_stack.png,C:\Users\wwyl5\Project\malware\dataset\processed\dataset_rgb_stack_combined\FormBook\FormBook__209__sess-dump_largest_session_rgb_stack.png,FormBook,1,FormBook__209__sess-dump_largest_session_rgb_stack.png,.png,128,128,RGB,24420,f531f1e9e06c2a85a94d7be85b3c3ce5a919b4446348530620b56059759faa10,test,-1,-1
FormBook/FormBook__210__sess-dump_largest_session_rgb_stack.png,C:\Users\wwyl5\Project\malware\dataset\processed\dataset_rgb_stack_combined\FormBook\FormBook__210__sess-dump_largest_session_rgb_stack.png,FormBook,1,FormBook__210__sess-dump_largest_session_rgb_stack.png,.png,128,128,RGB,14068,06737efb818579997196e69baee6eacc6e897b1224df07cf93812e542264c6db,train,4,2
FormBook/FormBook__211__sess-dump_largest_session_rgb_stack.png,C:\Users\wwyl5\Project\malware\dataset\processed\dataset_rgb_stack_combined\FormBook\FormBook__211__sess-dump_largest_session_rgb_stack.png,FormBook,1,FormBook__211__sess-dump_largest_session_rgb_stack.png,.png,128,128,RGB,23851,80e24a9e7686d5f7ebad9d45e4d655cad7fcdced222bd9586fd50d73a26d7b1c,test,-1,-1
FormBook/FormBook__212__sess-dump_largest_session_rgb_stack.png,C:\Users\wwyl5\Project\malware\dataset\processed\dataset_rgb_stack_combined\FormBook\FormBook__212__sess-dump_largest_session_rgb_stack.png,FormBook,1,FormBook__212__sess-dump_largest_session_rgb_stack.png,.png,128,128,RGB,21069,7eb6d61e4add43f0c7148e8e17a146a32b20c8ce50df32d1794ca7166b095d25,train,2,0
FormBook/FormBook__213__sess-dump_largest_session_rgb_stack.png,C:\Users\wwyl5\Project\malware\dataset\processed\dataset_rgb_stack_combined\FormBook\FormBook__213__sess-dump_largest_session_rgb_stack.png,FormBook,1,FormBook__213__sess-dump_largest_session_rgb_stack.png,.png,128,128,RGB,21972,8404bbae4253e08d10f5fe5353303bdad199cf37732c1352ec46ecb5074b59b1,test,-1,-1
FormBook/FormBook__216__sess-dump_largest_session_rgb_stack.png,C:\Users\wwyl5\Project\malware\dataset\processed\dataset_rgb_stack_combined\FormBook\FormBook__216__sess-dump_largest_session_rgb_stack.png,FormBook,1,FormBook__216__sess-dump_largest_session_rgb_stack.png,.png,128,128,RGB,13708,1f5b30f12760ce6937fda5e5354035dbf456df070bdd4733d1fd9fdc357d874a,train,1,4
FormBook/FormBook__217__sess-dump_largest_session_rgb_stack.png,C:\Users\wwyl5\Project\malware\dataset\processed\dataset_rgb_stack_combined\FormBook\FormBook__217__sess-dump_largest_session_rgb_stack.png,FormBook,1,FormBook__217__sess-dump_largest_session_rgb_stack.png,.png,128,128,RGB,23782,c9ab9242a77aa98dda5aff326f8456e42922d7a77d3fa75c314e919b98abc4c2,train,0,0
FormBook/FormBook__218__sess-dump_largest_session_rgb_stack.png,C:\Users\wwyl5\Project\malware\dataset\processed\dataset_rgb_stack_combined\FormBook\FormBook__218__sess-dump_largest_session_rgb_stack.png,FormBook,1,FormBook__218__sess-dump_largest_session_rgb_stack.png,.png,128,128,RGB,22545,23c626490559bbb4cfdf8ea40cee567a41012ba5966ddbd15266ce570327eac8,train,3,0
FormBook/FormBook__219__sess-dump_largest_session_rgb_stack.png,C:\Users\wwyl5\Project\malware\dataset\processed\dataset_rgb_stack_combined\FormBook\FormBook__219__sess-dump_largest_session_rgb_stack.png,FormBook,1,FormBook__219__sess-dump_largest_session_rgb_stack.png,.png,128,128,RGB,14230,608d0f8a34b70240dc318a9dfb313f58c2fc3bac3dfd6e8a8ae48715eef7e5f2,train,3,4
FormBook/FormBook__220__sess-dump_largest_session_rgb_stack.png,C:\Users\wwyl5\Project\malware\dataset\processed\dataset_rgb_stack_combined\FormBook\FormBook__220__sess-dump_largest_session_rgb_stack.png,FormBook,1,FormBook__220__sess-dump_largest_session_rgb_stack.png,.png,128,128,RGB,20233,fbec399b9787431593421c932551f34243d8841e7923ef534f0ac75d7fcf5d8b,train,0,0
FormBook/FormBook__221__sess-dump_largest_session_rgb_stack.png,C:\Users\wwyl5\Project\malware\dataset\processed\dataset_rgb_stack_combined\FormBook\FormBook__221__sess-dump_largest_session_rgb_stack.png,FormBook,1,FormBook__221__sess-dump_largest_session_rgb_stack.png,.png,128,128,RGB,13578,b632211e7a80021a170cd62a73fb51adb1cb7b20e5ba0821f7711575a341ade5,train,0,4
FormBook/FormBook__222__sess-dump_largest_session_rgb_stack.png,C:\Users\wwyl5\Project\malware\dataset\processed\dataset_rgb_stack_combined\FormBook\FormBook__222__sess-dump_largest_session_rgb_stack.png,FormBook,1,FormBook__222__sess-dump_largest_session_rgb_stack.png,.png,128,128,RGB,23242,ee67b97bc1b44cbfc0bebccf7f50651c2ca9d2d237ae90e680a6f5bdaf0d6389,train,1,2
FormBook/FormBook__223__sess-dump_largest_session_rgb_stack.png,C:\Users\wwyl5\Project\malware\dataset\processed\dataset_rgb_stack_combined\FormBook\FormBook__223__sess-dump_largest_session_rgb_stack.png,FormBook,1,FormBook__223__sess-dump_largest_session_rgb_stack.png,.png,128,128,RGB,20232,d07703a161640d7908f957d8e26545f322804b6862438e188a16393b14d30091,test,-1,-1
FormBook/FormBook__224__sess-dump_largest_session_rgb_stack.png,C:\Users\wwyl5\Project\malware\dataset\processed\dataset_rgb_stack_combined\FormBook\FormBook__224__sess-dump_largest_session_rgb_stack.png,FormBook,1,FormBook__224__sess-dump_largest_session_rgb_stack.png,.png,128,128,RGB,12359,2d260c8df5e39f932092ff99fdece9a49f3da43329ab74e392eefce8e4e9ec11,train,1,3
FormBook/FormBook__225__sess-dump_largest_session_rgb_stack.png,C:\Users\wwyl5\Project\malware\dataset\processed\dataset_rgb_stack_combined\FormBook\FormBook__225__sess-dump_largest_session_rgb_stack.png,FormBook,1,FormBook__225__sess-dump_largest_session_rgb_stack.png,.png,128,128,RGB,12955,064dba5894f257bedf592fa49abab2e6eaef8716b863ec8acb61f64a572b09ff,test,-1,-1
FormBook/FormBook__226__sess-dump_largest_session_rgb_stack.png,C:\Users\wwyl5\Project\malware\dataset\processed\dataset_rgb_stack_combined\FormBook\FormBook__226__sess-dump_largest_session_rgb_stack.png,FormBook,1,FormBook__226__sess-dump_largest_session_rgb_stack.png,.png,128,128,RGB,11312,d4eb6c676f4697f06ae002488c4c5eafb260fb83dbc141e3ac2c0885068d75d7,train,3,2
FormBook/FormBook__227__sess-dump_largest_session_rgb_stack.png,C:\Users\wwyl5\Project\malware\dataset\processed\dataset_rgb_stack_combined\FormBook\FormBook__227__sess-dump_largest_session_rgb_stack.png,FormBook,1,FormBook__227__sess-dump_largest_session_rgb_stack.png,.png,128,128,RGB,11338,33178e9b017c65a8cb7f3a96ac0970d0f760238c881a3f3820fd5377dc709f91,train,1,0
FormBook/FormBook__228__sess-dump_largest_session_rgb_stack.png,C:\Users\wwyl5\Project\malware\dataset\processed\dataset_rgb_stack_combined\FormBook\FormBook__228__sess-dump_largest_session_rgb_stack.png,FormBook,1,FormBook__228__sess-dump_largest_session_rgb_stack.png,.png,128,128,RGB,23563,7a730e0caa903d09625c1a215aa34a956c5754142dcc7159ae2788009f3458cb,train,0,1
FormBook/FormBook__229__sess-dump_largest_session_rgb_stack.png,C:\Users\wwyl5\Project\malware\dataset\processed\dataset_rgb_stack_combined\FormBook\FormBook__229__sess-dump_largest_session_rgb_stack.png,FormBook,1,FormBook__229__sess-dump_largest_session_rgb_stack.png,.png,128,128,RGB,14509,efca25b98b8c33756070fa79b1f095ac258c097e796e3e97812f14185edb3f96,train,2,0
FormBook/FormBook__230__sess-dump_largest_session_rgb_stack.png,C:\Users\wwyl5\Project\malware\dataset\processed\dataset_rgb_stack_combined\FormBook\FormBook__230__sess-dump_largest_session_rgb_stack.png,FormBook,1,FormBook__230__sess-dump_largest_session_rgb_stack.png,.png,128,128,RGB,23497,51d3c66ba055334fa5d52e4cb34034d07de022d9aafead7515ff3d2b8c19e833,test,-1,-1
FormBook/FormBook__231__sess-dump_largest_session_rgb_stack.png,C:\Users\wwyl5\Project\malware\dataset\processed\dataset_rgb_stack_combined\FormBook\FormBook__231__sess-dump_largest_session_rgb_stack.png,FormBook,1,FormBook__231__sess-dump_largest_session_rgb_stack.png,.png,128,128,RGB,23303,01311d9bf5dfa2d27a3c4aa57ee93a3fcf86b6b795be024f449ed8088f81ef92,val,-1,-1
FormBook/FormBook__232__sess-dump_largest_session_rgb_stack.png,C:\Users\wwyl5\Project\malware\dataset\processed\dataset_rgb_stack_combined\FormBook\FormBook__232__sess-dump_largest_session_rgb_stack.png,FormBook,1,FormBook__232__sess-dump_largest_session_rgb_stack.png,.png,128,128,RGB,23178,757d4ea66f7819b1be32897de8a31b1dcb454b914a6c7ab0e73847082f85e2a9,train,2,3
FormBook/FormBook__233__sess-dump_largest_session_rgb_stack.png,C:\Users\wwyl5\Project\malware\dataset\processed\dataset_rgb_stack_combined\FormBook\FormBook__233__sess-dump_largest_session_rgb_stack.png,FormBook,1,FormBook__233__sess-dump_largest_session_rgb_stack.png,.png,128,128,RGB,23278,8a72485bb42871632244124548ed95d75d7326ae83697b1af286ccbe2ec9ebb1,test,-1,-1
FormBook/FormBook__234__sess-dump_largest_session_rgb_stack.png,C:\Users\wwyl5\Project\malware\dataset\processed\dataset_rgb_stack_combined\FormBook\FormBook__234__sess-dump_largest_session_rgb_stack.png,FormBook,1,FormBook__234__sess-dump_largest_session_rgb_stack.png,.png,128,128,RGB,23794,74be1d80462f56e9f8026b6edc6493eb5134923a8a67a9f387d84ea20bea7f0d,train,4,3
FormBook/FormBook__236__sess-dump_largest_session_rgb_stack.png,C:\Users\wwyl5\Project\malware\dataset\processed\dataset_rgb_stack_combined\FormBook\FormBook__236__sess-dump_largest_session_rgb_stack.png,FormBook,1,FormBook__236__sess-dump_largest_session_rgb_stack.png,.png,128,128,RGB,12041,c48c06b1ba7c93bf14fd8cfb9e240f1a6fd1f272381ddd6ad617ea728ed254c6,train,1,2
FormBook/FormBook__237__sess-dump_largest_session_rgb_stack.png,C:\Users\wwyl5\Project\malware\dataset\processed\dataset_rgb_stack_combined\FormBook\FormBook__237__sess-dump_largest_session_rgb_stack.png,FormBook,1,FormBook__237__sess-dump_largest_session_rgb_stack.png,.png,128,128,RGB,21971,ec7b0eabd5a55841e41c5f9da3e6a016906299df16179ce9e3fce87d13ba3b99,train,1,3
FormBook/FormBook__238__sess-dump_largest_session_rgb_stack.png,C:\Users\wwyl5\Project\malware\dataset\processed\dataset_rgb_stack_combined\FormBook\FormBook__238__sess-dump_largest_session_rgb_stack.png,FormBook,1,FormBook__238__sess-dump_largest_session_rgb_stack.png,.png,128,128,RGB,18382,fafd721dd6a99d510fcf0094ab3efaf84ce45d6bbfd0c4d75cfec2b5a0a89bc0,val,-1,-1
FormBook/FormBook__239__sess-dump_largest_session_rgb_stack.png,C:\Users\wwyl5\Project\malware\dataset\processed\dataset_rgb_stack_combined\FormBook\FormBook__239__sess-dump_largest_session_rgb_stack.png,FormBook,1,FormBook__239__sess-dump_largest_session_rgb_stack.png,.png,128,128,RGB,23066,5c604eb3f984bf6fcea021272a15e66c2b7363fdcdb58cac0c4a36d8131ee934,test,-1,-1
FormBook/FormBook__240__sess-dump_largest_session_rgb_stack.png,C:\Users\wwyl5\Project\malware\dataset\processed\dataset_rgb_stack_combined\FormBook\FormBook__240__sess-dump_largest_session_rgb_stack.png,FormBook,1,FormBook__240__sess-dump_largest_session_rgb_stack.png,.png,128,128,RGB,11125,11796934c6de457ce7b72daafcd27a5d2e7b7d34e7f5cc421aef497618f87c44,train,3,2
FormBook/FormBook__241__sess-dump_largest_session_rgb_stack.png,C:\Users\wwyl5\Project\malware\dataset\processed\dataset_rgb_stack_combined\FormBook\FormBook__241__sess-dump_largest_session_rgb_stack.png,FormBook,1,FormBook__241__sess-dump_largest_session_rgb_stack.png,.png,128,128,RGB,22592,cb633460358b60e199cb57d60b999a08d3a822e44d319f550add386523e8c462,val,-1,-1
FormBook/FormBook__242__sess-dump_largest_session_rgb_stack.png,C:\Users\wwyl5\Project\malware\dataset\processed\dataset_rgb_stack_combined\FormBook\FormBook__242__sess-dump_largest_session_rgb_stack.png,FormBook,1,FormBook__242__sess-dump_largest_session_rgb_stack.png,.png,128,128,RGB,22133,f276648993b8ab2e365c2706c78a7e63a482007158aa885a61608700f605c597,train,0,3
FormBook/FormBook__243__sess-dump_largest_session_rgb_stack.png,C:\Users\wwyl5\Project\malware\dataset\processed\dataset_rgb_stack_combined\FormBook\FormBook__243__sess-dump_largest_session_rgb_stack.png,FormBook,1,FormBook__243__sess-dump_largest_session_rgb_stack.png,.png,128,128,RGB,20914,76f9a991716b945af2e42b13d1bc03b1b885ee11a236bba7cc61d6207d734d4a,train,2,2
FormBook/FormBook__244__sess-dump_largest_session_rgb_stack.png,C:\Users\wwyl5\Project\malware\dataset\processed\dataset_rgb_stack_combined\FormBook\FormBook__244__sess-dump_largest_session_rgb_stack.png,FormBook,1,FormBook__244__sess-dump_largest_session_rgb_stack.png,.png,128,128,RGB,11698,689b9a4978f7806423d83d2b7df64b2fc85600b5ffcc3c8b7525c77d25e36c80,train,1,3
FormBook/FormBook__245__sess-dump_largest_session_rgb_stack.png,C:\Users\wwyl5\Project\malware\dataset\processed\dataset_rgb_stack_combined\FormBook\FormBook__245__sess-dump_largest_session_rgb_stack.png,FormBook,1,FormBook__245__sess-dump_largest_session_rgb_stack.png,.png,128,128,RGB,20639,eef09bb5c8ffd5b3b1856a91f42ca12e1cded2aa1ec6b51128564076ae3eb953,train,4,0
FormBook/FormBook__246__sess-dump_largest_session_rgb_stack.png,C:\Users\wwyl5\Project\malware\dataset\processed\dataset_rgb_stack_combined\FormBook\FormBook__246__sess-dump_largest_session_rgb_stack.png,FormBook,1,FormBook__246__sess-dump_largest_session_rgb_stack.png,.png,128,128,RGB,12701,fac0304a5c50aff82322c5a2d6a0c13842d055cf368374d42c5f787219190a56,train,2,4
FormBook/FormBook__247__sess-dump_largest_session_rgb_stack.png,C:\Users\wwyl5\Project\malware\dataset\processed\dataset_rgb_stack_combined\FormBook\FormBook__247__sess-dump_largest_session_rgb_stack.png,FormBook,1,FormBook__247__sess-dump_largest_session_rgb_stack.png,.png,128,128,RGB,23271,38e8d1d8dbb746c92e64b27e63f58893f2e5cb705fe109370f922018dd1a7f79,train,4,3
FormBook/FormBook__248__sess-dump_largest_session_rgb_stack.png,C:\Users\wwyl5\Project\malware\dataset\processed\dataset_rgb_stack_combined\FormBook\FormBook__248__sess-dump_largest_session_rgb_stack.png,FormBook,1,FormBook__248__sess-dump_largest_session_rgb_stack.png,.png,128,128,RGB,11764,70be4c92922333ac23b6bcc446274972edf3bf018b2d32e6f08ed2ab65ca5bbb,test,-1,-1
FormBook/FormBook__249__sess-dump_largest_session_rgb_stack.png,C:\Users\wwyl5\Project\malware\dataset\processed\dataset_rgb_stack_combined\FormBook\FormBook__249__sess-dump_largest_session_rgb_stack.png,FormBook,1,FormBook__249__sess-dump_largest_session_rgb_stack.png,.png,128,128,RGB,20078,f1303653cf9e0df20cae1b3894eab932d4590c6203ca53a94770f0af035c73f6,val,-1,-1
FormBook/FormBook__250__sess-dump_largest_session_rgb_stack.png,C:\Users\wwyl5\Project\malware\dataset\processed\dataset_rgb_stack_combined\FormBook\FormBook__250__sess-dump_largest_session_rgb_stack.png,FormBook,1,FormBook__250__sess-dump_largest_session_rgb_stack.png,.png,128,128,RGB,23064,3eed4ee09116815493a1329409b958eaabef5609c4de5b046485e10a8e45dc3b,train,2,2
FormBook/FormBook__251__sess-dump_largest_session_rgb_stack.png,C:\Users\wwyl5\Project\malware\dataset\processed\dataset_rgb_stack_combined\FormBook\FormBook__251__sess-dump_largest_session_rgb_stack.png,FormBook,1,FormBook__251__sess-dump_largest_session_rgb_stack.png,.png,128,128,RGB,21146,68f5f757fe8338b592c37512c82b526d9470549d94b6b833313938f550fa1bd2,test,-1,-1
FormBook/FormBook__252__sess-dump_largest_session_rgb_stack.png,C:\Users\wwyl5\Project\malware\dataset\processed\dataset_rgb_stack_combined\FormBook\FormBook__252__sess-dump_largest_session_rgb_stack.png,FormBook,1,FormBook__252__sess-dump_largest_session_rgb_stack.png,.png,128,128,RGB,13717,95ad25286b56bdac654d82f2f0c7270546419d0606cea42003db479868f74f43,val,-1,-1
FormBook/FormBook__253__sess-dump_largest_session_rgb_stack.png,C:\Users\wwyl5\Project\malware\dataset\processed\dataset_rgb_stack_combined\FormBook\FormBook__253__sess-dump_largest_session_rgb_stack.png,FormBook,1,FormBook__253__sess-dump_largest_session_rgb_stack.png,.png,128,128,RGB,19363,af1ff22bdca82e478985831be3e04a03d5088b4c028809c412577938cffada9f,train,2,0
FormBook/FormBook__254__sess-dump_largest_session_rgb_stack.png,C:\Users\wwyl5\Project\malware\dataset\processed\dataset_rgb_stack_combined\FormBook\FormBook__254__sess-dump_largest_session_rgb_stack.png,FormBook,1,FormBook__254__sess-dump_largest_session_rgb_stack.png,.png,128,128,RGB,12302,cf52ba3f1806a28a2a351379d77eadf699e42d28281530391b0d7203db2998d0,train,4,2
FormBook/FormBook__372__sess-dump_largest_session_rgb_stack.png,C:\Users\wwyl5\Project\malware\dataset\processed\dataset_rgb_stack_combined\FormBook\FormBook__372__sess-dump_largest_session_rgb_stack.png,FormBook,1,FormBook__372__sess-dump_largest_session_rgb_stack.png,.png,128,128,RGB,11958,d79cfd7d1d1833c5ffe704418e642327bdce146d098daee8a3228b694f8e35d4,train,3,2
FormBook/FormBook__373__sess-dump_largest_session_rgb_stack.png,C:\Users\wwyl5\Project\malware\dataset\processed\dataset_rgb_stack_combined\FormBook\FormBook__373__sess-dump_largest_session_rgb_stack.png,FormBook,1,FormBook__373__sess-dump_largest_session_rgb_stack.png,.png,128,128,RGB,14256,e2d890aa8f03ceb2ec964df13ad6f3c8dd12a651f1840471a041de610404be81,train,0,3
FormBook/FormBook__374__sess-dump_largest_session_rgb_stack.png,C:\Users\wwyl5\Project\malware\dataset\processed\dataset_rgb_stack_combined\FormBook\FormBook__374__sess-dump_largest_session_rgb_stack.png,FormBook,1,FormBook__374__sess-dump_largest_session_rgb_stack.png,.png,128,128,RGB,14410,ed0389207e6d0f1da1f24e2e6b97fb35a652089c35bac1bc00121c9cc42f7b5d,train,3,2
FormBook/FormBook__375__sess-dump_largest_session_rgb_stack.png,C:\Users\wwyl5\Project\malware\dataset\processed\dataset_rgb_stack_combined\FormBook\FormBook__375__sess-dump_largest_session_rgb_stack.png,FormBook,1,FormBook__375__sess-dump_largest_session_rgb_stack.png,.png,128,128,RGB,20984,1eb779cba503e8d823d7c80f61121c5bc97a0580f23727d87fd1530d81ad18fa,train,2,0
FormBook/FormBook__376__sess-dump_largest_session_rgb_stack.png,C:\Users\wwyl5\Project\malware\dataset\processed\dataset_rgb_stack_combined\FormBook\FormBook__376__sess-dump_largest_session_rgb_stack.png,FormBook,1,FormBook__376__sess-dump_largest_session_rgb_stack.png,.png,128,128,RGB,14828,be0d24e3b58b9cfa8e0b92847d630cd2f17c2a9e8b5867ec5e80030ed5793a8c,val,-1,-1
FormBook/FormBook__377__sess-dump_largest_session_rgb_stack.png,C:\Users\wwyl5\Project\malware\dataset\processed\dataset_rgb_stack_combined\FormBook\FormBook__377__sess-dump_largest_session_rgb_stack.png,FormBook,1,FormBook__377__sess-dump_largest_session_rgb_stack.png,.png,128,128,RGB,23122,be050b5de7b23395900feee5bed99176ec028566a6de8faf375ca49023965c19,val,-1,-1
FormBook/FormBook__378__sess-dump_largest_session_rgb_stack.png,C:\Users\wwyl5\Project\malware\dataset\processed\dataset_rgb_stack_combined\FormBook\FormBook__378__sess-dump_largest_session_rgb_stack.png,FormBook,1,FormBook__378__sess-dump_largest_session_rgb_stack.png,.png,128,128,RGB,23626,f030002d377b5ebc563b3a4b8a4affc120277cea88e2478367de57c75575504a,train,3,2
SalatStealer/SalatStealer__263__sess-dump_largest_session_rgb_stack.png,C:\Users\wwyl5\Project\malware\dataset\processed\dataset_rgb_stack_combined\SalatStealer\SalatStealer__263__sess-dump_largest_session_rgb_stack.png,SalatStealer,2,SalatStealer__263__sess-dump_largest_session_rgb_stack.png,.png,128,128,RGB,10430,f523ec60552b18fe455c783ffd1288254928d3968ca3e9a6df117e3323a6082f,val,-1,-1
SalatStealer/SalatStealer__264__sess-dump_largest_session_rgb_stack.png,C:\Users\wwyl5\Project\malware\dataset\processed\dataset_rgb_stack_combined\SalatStealer\SalatStealer__264__sess-dump_largest_session_rgb_stack.png,SalatStealer,2,SalatStealer__264__sess-dump_largest_session_rgb_stack.png,.png,128,128,RGB,12432,dc998a9d05c896c87d9e0fb49c8f007d2b4faceb2bcf03d9f3520b20ccea0623,train,0,4
SalatStealer/SalatStealer__265__sess-dump_largest_session_rgb_stack.png,C:\Users\wwyl5\Project\malware\dataset\processed\dataset_rgb_stack_combined\SalatStealer\SalatStealer__265__sess-dump_largest_session_rgb_stack.png,SalatStealer,2,SalatStealer__265__sess-dump_largest_session_rgb_stack.png,.png,128,128,RGB,12935,8952f6a12a6eeaf52f67bcb59617eb6025c1d0260399f3befa84a6c88a588651,train,0,3
SalatStealer/SalatStealer__266__sess-dump_largest_session_rgb_stack.png,C:\Users\wwyl5\Project\malware\dataset\processed\dataset_rgb_stack_combined\SalatStealer\SalatStealer__266__sess-dump_largest_session_rgb_stack.png,SalatStealer,2,SalatStealer__266__sess-dump_largest_session_rgb_stack.png,.png,128,128,RGB,12658,2a491641f5174fa346277485d648f0bf4aa57903b54a928dc5f8dff8a8a6a81d,train,3,3
SalatStealer/SalatStealer__267__sess-dump_largest_session_rgb_stack.png,C:\Users\wwyl5\Project\malware\dataset\processed\dataset_rgb_stack_combined\SalatStealer\SalatStealer__267__sess-dump_largest_session_rgb_stack.png,SalatStealer,2,SalatStealer__267__sess-dump_largest_session_rgb_stack.png,.png,128,128,RGB,11511,575473dbdd08bd7fbc7e9f9994e5a99427f5625237841234d1dffdfe3c320632,train,0,4
SalatStealer/SalatStealer__268__sess-dump_largest_session_rgb_stack.png,C:\Users\wwyl5\Project\malware\dataset\processed\dataset_rgb_stack_combined\SalatStealer\SalatStealer__268__sess-dump_largest_session_rgb_stack.png,SalatStealer,2,SalatStealer__268__sess-dump_largest_session_rgb_stack.png,.png,128,128,RGB,12866,57d30f44325229ae3724e93258e3f19a2b6349b71e4daf33e676d9376f6af910,test,-1,-1
SalatStealer/SalatStealer__269__sess-dump_largest_session_rgb_stack.png,C:\Users\wwyl5\Project\malware\dataset\processed\dataset_rgb_stack_combined\SalatStealer\SalatStealer__269__sess-dump_largest_session_rgb_stack.png,SalatStealer,2,SalatStealer__269__sess-dump_largest_session_rgb_stack.png,.png,128,128,RGB,12303,24995fb805c8bce2408ca410c63440ddee7dd0939dbc56ecef0d2992f0d733b7,train,0,4
SalatStealer/SalatStealer__270__sess-dump_largest_session_rgb_stack.png,C:\Users\wwyl5\Project\malware\dataset\processed\dataset_rgb_stack_combined\SalatStealer\SalatStealer__270__sess-dump_largest_session_rgb_stack.png,SalatStealer,2,SalatStealer__270__sess-dump_largest_session_rgb_stack.png,.png,128,128,RGB,12592,0d9541a9f75e7e502203cf9e1c799124ac4f107c4e8622bc0ef5676bec7b66e2,val,-1,-1
SalatStealer/SalatStealer__271__sess-dump_largest_session_rgb_stack.png,C:\Users\wwyl5\Project\malware\dataset\processed\dataset_rgb_stack_combined\SalatStealer\SalatStealer__271__sess-dump_largest_session_rgb_stack.png,SalatStealer,2,SalatStealer__271__sess-dump_largest_session_rgb_stack.png,.png,128,128,RGB,13160,323b55fdf400d7d194a886f6ba14cb1dd554abb30198a7f627a88dda3a060478,test,-1,-1
SalatStealer/SalatStealer__272__sess-dump_largest_session_rgb_stack.png,C:\Users\wwyl5\Project\malware\dataset\processed\dataset_rgb_stack_combined\SalatStealer\SalatStealer__272__sess-dump_largest_session_rgb_stack.png,SalatStealer,2,SalatStealer__272__sess-dump_largest_session_rgb_stack.png,.png,128,128,RGB,11155,6f453dfbcecf30e786e159a6c58c213c3fffe15e2e20803ff2a34d22b5e861f6,test,-1,-1
SalatStealer/SalatStealer__273__sess-dump_largest_session_rgb_stack.png,C:\Users\wwyl5\Project\malware\dataset\processed\dataset_rgb_stack_combined\SalatStealer\SalatStealer__273__sess-dump_largest_session_rgb_stack.png,SalatStealer,2,SalatStealer__273__sess-dump_largest_session_rgb_stack.png,.png,128,128,RGB,12628,1888e420c98e010509b44b8fd38de731db81df62d45d8533210fcb4e99853619,test,-1,-1
SalatStealer/SalatStealer__274__sess-dump_largest_session_rgb_stack.png,C:\Users\wwyl5\Project\malware\dataset\processed\dataset_rgb_stack_combined\SalatStealer\SalatStealer__274__sess-dump_largest_session_rgb_stack.png,SalatStealer,2,SalatStealer__274__sess-dump_largest_session_rgb_stack.png,.png,128,128,RGB,13173,aba42c589c5fe801503e5db50c5d68e29c9800c16f941f78785e897e84d33426,val,-1,-1
SalatStealer/SalatStealer__275__sess-dump_largest_session_rgb_stack.png,C:\Users\wwyl5\Project\malware\dataset\processed\dataset_rgb_stack_combined\SalatStealer\SalatStealer__275__sess-dump_largest_session_rgb_stack.png,SalatStealer,2,SalatStealer__275__sess-dump_largest_session_rgb_stack.png,.png,128,128,RGB,13044,d0ae59c0f4e7e8c0453d0a8bc3541649b0ebc352ecb16dff5311a99cab42ba36,train,4,1
SalatStealer/SalatStealer__276__sess-dump_largest_session_rgb_stack.png,C:\Users\wwyl5\Project\malware\dataset\processed\dataset_rgb_stack_combined\SalatStealer\SalatStealer__276__sess-dump_largest_session_rgb_stack.png,SalatStealer,2,SalatStealer__276__sess-dump_largest_session_rgb_stack.png,.png,128,128,RGB,12646,5e94c852153aa5e6cd98acc2e7d467bcbb4788a5cd388e04437a35c968587703,train,1,1
SalatStealer/SalatStealer__277__sess-dump_largest_session_rgb_stack.png,C:\Users\wwyl5\Project\malware\dataset\processed\dataset_rgb_stack_combined\SalatStealer\SalatStealer__277__sess-dump_largest_session_rgb_stack.png,SalatStealer,2,SalatStealer__277__sess-dump_largest_session_rgb_stack.png,.png,128,128,RGB,13148,c19e070d3d084141b1376954df7a79cf050ab5dc1cfc65686b9c6749de5e0dce,train,4,1
SalatStealer/SalatStealer__278__sess-dump_largest_session_rgb_stack.png,C:\Users\wwyl5\Project\malware\dataset\processed\dataset_rgb_stack_combined\SalatStealer\SalatStealer__278__sess-dump_largest_session_rgb_stack.png,SalatStealer,2,SalatStealer__278__sess-dump_largest_session_rgb_stack.png,.png,128,128,RGB,12133,9f6b08de07ee0b75bf11a3af268e84433ccce77fdbadd8df22aeefba79023150,val,-1,-1
SalatStealer/SalatStealer__279__sess-dump_largest_session_rgb_stack.png,C:\Users\wwyl5\Project\malware\dataset\processed\dataset_rgb_stack_combined\SalatStealer\SalatStealer__279__sess-dump_largest_session_rgb_stack.png,SalatStealer,2,SalatStealer__279__sess-dump_largest_session_rgb_stack.png,.png,128,128,RGB,12413,095fc62d0e09aed15ea8d7523540e6aa5742c146d8270ec615c48250b2978b9e,val,-1,-1
SalatStealer/SalatStealer__280__sess-dump_largest_session_rgb_stack.png,C:\Users\wwyl5\Project\malware\dataset\processed\dataset_rgb_stack_combined\SalatStealer\SalatStealer__280__sess-dump_largest_session_rgb_stack.png,SalatStealer,2,SalatStealer__280__sess-dump_largest_session_rgb_stack.png,.png,128,128,RGB,25137,3509e16de35cfee0ac215847c353c886b5ae7af9ef0cf86da27d0a1fc3c7897a,train,2,3
SalatStealer/SalatStealer__281__sess-dump_largest_session_rgb_stack.png,C:\Users\wwyl5\Project\malware\dataset\processed\dataset_rgb_stack_combined\SalatStealer\SalatStealer__281__sess-dump_largest_session_rgb_stack.png,SalatStealer,2,SalatStealer__281__sess-dump_largest_session_rgb_stack.png,.png,128,128,RGB,19282,b14969b6531f6bafbc11a2dfc5165414e288c95a107a403c3cba25711b06daf4,train,3,1
SalatStealer/SalatStealer__282__sess-dump_largest_session_rgb_stack.png,C:\Users\wwyl5\Project\malware\dataset\processed\dataset_rgb_stack_combined\SalatStealer\SalatStealer__282__sess-dump_largest_session_rgb_stack.png,SalatStealer,2,SalatStealer__282__sess-dump_largest_session_rgb_stack.png,.png,128,128,RGB,11822,6600a0901de4c93506f891ec64eae1df1d804b556652c93fdcb917c94de081ca,train,4,4
SalatStealer/SalatStealer__283__sess-dump_largest_session_rgb_stack.png,C:\Users\wwyl5\Project\malware\dataset\processed\dataset_rgb_stack_combined\SalatStealer\SalatStealer__283__sess-dump_largest_session_rgb_stack.png,SalatStealer,2,SalatStealer__283__sess-dump_largest_session_rgb_stack.png,.png,128,128,RGB,12379,bd81bf5d44925291b65528d4c3ef4e516e1353c6c3cb3a954fc0c4a00136fb53,train,2,3
SalatStealer/SalatStealer__284__sess-dump_largest_session_rgb_stack.png,C:\Users\wwyl5\Project\malware\dataset\processed\dataset_rgb_stack_combined\SalatStealer\SalatStealer__284__sess-dump_largest_session_rgb_stack.png,SalatStealer,2,SalatStealer__284__sess-dump_largest_session_rgb_stack.png,.png,128,128,RGB,11636,991b1dd8aee871d946c12957ca60065eb4ec1947699782bfcf9f404770225968,test,-1,-1
SalatStealer/SalatStealer__285__sess-dump_largest_session_rgb_stack.png,C:\Users\wwyl5\Project\malware\dataset\processed\dataset_rgb_stack_combined\SalatStealer\SalatStealer__285__sess-dump_largest_session_rgb_stack.png,SalatStealer,2,SalatStealer__285__sess-dump_largest_session_rgb_stack.png,.png,128,128,RGB,12961,6f0c65cec4368e91043c68ba147d6e06fabb4eebd3eb8d3244572ffefff6bb7b,train,0,4
SalatStealer/SalatStealer__286__sess-dump_largest_session_rgb_stack.png,C:\Users\wwyl5\Project\malware\dataset\processed\dataset_rgb_stack_combined\SalatStealer\SalatStealer__286__sess-dump_largest_session_rgb_stack.png,SalatStealer,2,SalatStealer__286__sess-dump_largest_session_rgb_stack.png,.png,128,128,RGB,11459,2998c960e84ed44399a86d135e9c27cc01d176610697f7842ac8c4d82bdefaf0,train,4,1
SalatStealer/SalatStealer__287__sess-dump_largest_session_rgb_stack.png,C:\Users\wwyl5\Project\malware\dataset\processed\dataset_rgb_stack_combined\SalatStealer\SalatStealer__287__sess-dump_largest_session_rgb_stack.png,SalatStealer,2,SalatStealer__287__sess-dump_largest_session_rgb_stack.png,.png,128,128,RGB,12427,26b50c8578b06dcc7a370fbb11a43bc4169b03bb79bd51095a6d7604b3c8c4b5,train,1,3
SalatStealer/SalatStealer__288__sess-dump_largest_session_rgb_stack.png,C:\Users\wwyl5\Project\malware\dataset\processed\dataset_rgb_stack_combined\SalatStealer\SalatStealer__288__sess-dump_largest_session_rgb_stack.png,SalatStealer,2,SalatStealer__288__sess-dump_largest_session_rgb_stack.png,.png,128,128,RGB,12385,f36f976978c3242c4dcc353bc8e466a63da19d9f81b3a1b6d9e201e8a1392e98,train,4,4
SalatStealer/SalatStealer__289__sess-dump_largest_session_rgb_stack.png,C:\Users\wwyl5\Project\malware\dataset\processed\dataset_rgb_stack_combined\SalatStealer\SalatStealer__289__sess-dump_largest_session_rgb_stack.png,SalatStealer,2,SalatStealer__289__sess-dump_largest_session_rgb_stack.png,.png,128,128,RGB,12740,0e18fd69d6ae8cb2d322b08957dd3f9091d71416102f3742b44e90ccc371ea0c,train,2,3
SalatStealer/SalatStealer__290__sess-dump_largest_session_rgb_stack.png,C:\Users\wwyl5\Project\malware\dataset\processed\dataset_rgb_stack_combined\SalatStealer\SalatStealer__290__sess-dump_largest_session_rgb_stack.png,SalatStealer,2,SalatStealer__290__sess-dump_largest_session_rgb_stack.png,.png,128,128,RGB,12263,4b9c3a7ee2350090c68476d0585122df7158df98ec337412629944fca2b4bf41,val,-1,-1
SalatStealer/SalatStealer__292__sess-dump_largest_session_rgb_stack.png,C:\Users\wwyl5\Project\malware\dataset\processed\dataset_rgb_stack_combined\SalatStealer\SalatStealer__292__sess-dump_largest_session_rgb_stack.png,SalatStealer,2,SalatStealer__292__sess-dump_largest_session_rgb_stack.png,.png,128,128,RGB,11054,186a31977f97c1cf290e900ab8c106270256fbe8496c2f865a4200c42abfe655,test,-1,-1
SalatStealer/SalatStealer__293__sess-dump_largest_session_rgb_stack.png,C:\Users\wwyl5\Project\malware\dataset\processed\dataset_rgb_stack_combined\SalatStealer\SalatStealer__293__sess-dump_largest_session_rgb_stack.png,SalatStealer,2,SalatStealer__293__sess-dump_largest_session_rgb_stack.png,.png,128,128,RGB,12075,d5e3fd3328e13e4a7fe2a49206e9f4741d5893a0473f8963f977db9ae753fd13,train,2,1
SalatStealer/SalatStealer__294__sess-dump_largest_session_rgb_stack.png,C:\Users\wwyl5\Project\malware\dataset\processed\dataset_rgb_stack_combined\SalatStealer\SalatStealer__294__sess-dump_largest_session_rgb_stack.png,SalatStealer,2,SalatStealer__294__sess-dump_largest_session_rgb_stack.png,.png,128,128,RGB,13144,5715bb41602cad3d1aab3fcce14a86d4ad662c8f79381fb5ae6f2c65bb9406e0,train,1,3
SalatStealer/SalatStealer__295__sess-dump_largest_session_rgb_stack.png,C:\Users\wwyl5\Project\malware\dataset\processed\dataset_rgb_stack_combined\SalatStealer\SalatStealer__295__sess-dump_largest_session_rgb_stack.png,SalatStealer,2,SalatStealer__295__sess-dump_largest_session_rgb_stack.png,.png,128,128,RGB,12006,1700d1896760dbd8da31b506c43d37f04e40e1889fa532eb36c030923088283e,train,1,3
SalatStealer/SalatStealer__296__sess-dump_largest_session_rgb_stack.png,C:\Users\wwyl5\Project\malware\dataset\processed\dataset_rgb_stack_combined\SalatStealer\SalatStealer__296__sess-dump_largest_session_rgb_stack.png,SalatStealer,2,SalatStealer__296__sess-dump_largest_session_rgb_stack.png,.png,128,128,RGB,12621,4be98acdb1baef15aecc6371a8081204556660d27a00b6bd0c410ad83a3f7e1b,test,-1,-1
SalatStealer/SalatStealer__297__sess-dump_largest_session_rgb_stack.png,C:\Users\wwyl5\Project\malware\dataset\processed\dataset_rgb_stack_combined\SalatStealer\SalatStealer__297__sess-dump_largest_session_rgb_stack.png,SalatStealer,2,SalatStealer__297__sess-dump_largest_session_rgb_stack.png,.png,128,128,RGB,12281,4ecd10a0b3f422d871f0ad0a97a72bd0a42ea3257aebf46395863b1810e9308d,train,2,1
SalatStealer/SalatStealer__298__sess-dump_largest_session_rgb_stack.png,C:\Users\wwyl5\Project\malware\dataset\processed\dataset_rgb_stack_combined\SalatStealer\SalatStealer__298__sess-dump_largest_session_rgb_stack.png,SalatStealer,2,SalatStealer__298__sess-dump_largest_session_rgb_stack.png,.png,128,128,RGB,12631,4589814cbd1fac818eb710d8cfd5d25ce014389986bf6cef0a3ff2249cea35f3,train,2,4
SalatStealer/SalatStealer__299__sess-dump_largest_session_rgb_stack.png,C:\Users\wwyl5\Project\malware\dataset\processed\dataset_rgb_stack_combined\SalatStealer\SalatStealer__299__sess-dump_largest_session_rgb_stack.png,SalatStealer,2,SalatStealer__299__sess-dump_largest_session_rgb_stack.png,.png,128,128,RGB,12958,db7218240e96c9acf8162b69349b1e3a59b38f4a30bc601b178d198c17413851,train,0,1
SalatStealer/SalatStealer__300__sess-dump_largest_session_rgb_stack.png,C:\Users\wwyl5\Project\malware\dataset\processed\dataset_rgb_stack_combined\SalatStealer\SalatStealer__300__sess-dump_largest_session_rgb_stack.png,SalatStealer,2,SalatStealer__300__sess-dump_largest_session_rgb_stack.png,.png,128,128,RGB,10745,c38a764be57e612a2cb18994fcbbefc3cd9a1f2379b0fc9a2d6fd620be728ba7,train,3,4
SalatStealer/SalatStealer__302__sess-dump_largest_session_rgb_stack.png,C:\Users\wwyl5\Project\malware\dataset\processed\dataset_rgb_stack_combined\SalatStealer\SalatStealer__302__sess-dump_largest_session_rgb_stack.png,SalatStealer,2,SalatStealer__302__sess-dump_largest_session_rgb_stack.png,.png,128,128,RGB,11667,384bae68dda616e0b5baf342425acc36b3c9dc0111bab73e0ba11529de5c8c92,train,1,4
SalatStealer/SalatStealer__303__sess-dump_largest_session_rgb_stack.png,C:\Users\wwyl5\Project\malware\dataset\processed\dataset_rgb_stack_combined\SalatStealer\SalatStealer__303__sess-dump_largest_session_rgb_stack.png,SalatStealer,2,SalatStealer__303__sess-dump_largest_session_rgb_stack.png,.png,128,128,RGB,13490,61e66361e79d2760e4535855ebebcbde7349f2565a73c989a7cad7eb1f1a6509,train,2,4
SalatStealer/SalatStealer__304__sess-dump_largest_session_rgb_stack.png,C:\Users\wwyl5\Project\malware\dataset\processed\dataset_rgb_stack_combined\SalatStealer\SalatStealer__304__sess-dump_largest_session_rgb_stack.png,SalatStealer,2,SalatStealer__304__sess-dump_largest_session_rgb_stack.png,.png,128,128,RGB,12656,c66b26c88278305854e25430a2de8720149415f1434fc9c16baba30697fa4c88,train,3,4
SalatStealer/SalatStealer__305__sess-dump_largest_session_rgb_stack.png,C:\Users\wwyl5\Project\malware\dataset\processed\dataset_rgb_stack_combined\SalatStealer\SalatStealer__305__sess-dump_largest_session_rgb_stack.png,SalatStealer,2,SalatStealer__305__sess-dump_largest_session_rgb_stack.png,.png,128,128,RGB,12703,23708359e71704e9e9979c4787e1cbe329e5ca70290a475092b05643a9eb04a3,val,-1,-1
SalatStealer/SalatStealer__306__sess-dump_largest_session_rgb_stack.png,C:\Users\wwyl5\Project\malware\dataset\processed\dataset_rgb_stack_combined\SalatStealer\SalatStealer__306__sess-dump_largest_session_rgb_stack.png,SalatStealer,2,SalatStealer__306__sess-dump_largest_session_rgb_stack.png,.png,128,128,RGB,13070,116135d5bd31ee2eed0c050a63f7ffaf04ce55279421b5c306578646f39ee4ad,train,1,3
SalatStealer/SalatStealer__307__sess-dump_largest_session_rgb_stack.png,C:\Users\wwyl5\Project\malware\dataset\processed\dataset_rgb_stack_combined\SalatStealer\SalatStealer__307__sess-dump_largest_session_rgb_stack.png,SalatStealer,2,SalatStealer__307__sess-dump_largest_session_rgb_stack.png,.png,128,128,RGB,25379,e1b0a4b2503fbea8d8929842416c2402feb640a073293d06702faf5415516412,val,-1,-1
SalatStealer/SalatStealer__308__sess-dump_largest_session_rgb_stack.png,C:\Users\wwyl5\Project\malware\dataset\processed\dataset_rgb_stack_combined\SalatStealer\SalatStealer__308__sess-dump_largest_session_rgb_stack.png,SalatStealer,2,SalatStealer__308__sess-dump_largest_session_rgb_stack.png,.png,128,128,RGB,21125,fcc559b82f03d3331b122822ced3c81e2b175c4f0fb5a7c5ce8d7cab9d844b9d,val,-1,-1
SalatStealer/SalatStealer__309__sess-dump_largest_session_rgb_stack.png,C:\Users\wwyl5\Project\malware\dataset\processed\dataset_rgb_stack_combined\SalatStealer\SalatStealer__309__sess-dump_largest_session_rgb_stack.png,SalatStealer,2,SalatStealer__309__sess-dump_largest_session_rgb_stack.png,.png,128,128,RGB,13025,5f1c1a3426c6a5fe3e56a5c9b73b79703e9a0f03cf736ac741a322979dc398e3,test,-1,-1
SalatStealer/SalatStealer__310__sess-dump_largest_session_rgb_stack.png,C:\Users\wwyl5\Project\malware\dataset\processed\dataset_rgb_stack_combined\SalatStealer\SalatStealer__310__sess-dump_largest_session_rgb_stack.png,SalatStealer,2,SalatStealer__310__sess-dump_largest_session_rgb_stack.png,.png,128,128,RGB,12373,6838abe586a3f365e3b1813fb610b5ef7cb0687229e047f133c23edafe719b98,train,1,0
SalatStealer/SalatStealer__311__sess-dump_largest_session_rgb_stack.png,C:\Users\wwyl5\Project\malware\dataset\processed\dataset_rgb_stack_combined\SalatStealer\SalatStealer__311__sess-dump_largest_session_rgb_stack.png,SalatStealer,2,SalatStealer__311__sess-dump_largest_session_rgb_stack.png,.png,128,128,RGB,11410,0e1b22ae14b83e2216df6c8b16f66f8bc5ceccfcc03fe29d65a4d40d214dd644,val,-1,-1
SalatStealer/SalatStealer__312__sess-dump_largest_session_rgb_stack.png,C:\Users\wwyl5\Project\malware\dataset\processed\dataset_rgb_stack_combined\SalatStealer\SalatStealer__312__sess-dump_largest_session_rgb_stack.png,SalatStealer,2,SalatStealer__312__sess-dump_largest_session_rgb_stack.png,.png,128,128,RGB,13017,8b65a6fd8cb99b6cdbe04dbe2f844327186d17fa01ec9cc403af49713959533c,train,0,3
SalatStealer/SalatStealer__313__sess-dump_largest_session_rgb_stack.png,C:\Users\wwyl5\Project\malware\dataset\processed\dataset_rgb_stack_combined\SalatStealer\SalatStealer__313__sess-dump_largest_session_rgb_stack.png,SalatStealer,2,SalatStealer__313__sess-dump_largest_session_rgb_stack.png,.png,128,128,RGB,18054,383dd6a8ed1f7e1f358fbcb1af8452762f7528fee0241edc5ecfc770c0b1817a,test,-1,-1
SalatStealer/SalatStealer__314__sess-dump_largest_session_rgb_stack.png,C:\Users\wwyl5\Project\malware\dataset\processed\dataset_rgb_stack_combined\SalatStealer\SalatStealer__314__sess-dump_largest_session_rgb_stack.png,SalatStealer,2,SalatStealer__314__sess-dump_largest_session_rgb_stack.png,.png,128,128,RGB,12792,0896f030111407f73f9275855fcf0b627551ace4cf1906039261d94abbbee37e,train,0,3
SalatStealer/SalatStealer__315__sess-dump_largest_session_rgb_stack.png,C:\Users\wwyl5\Project\malware\dataset\processed\dataset_rgb_stack_combined\SalatStealer\SalatStealer__315__sess-dump_largest_session_rgb_stack.png,SalatStealer,2,SalatStealer__315__sess-dump_largest_session_rgb_stack.png,.png,128,128,RGB,12814,0d0dabddb11839f942390ec44cc35b988b9d49bf5dd826ae8e7b042ec479d1fb,train,2,3
SalatStealer/SalatStealer__316__sess-dump_largest_session_rgb_stack.png,C:\Users\wwyl5\Project\malware\dataset\processed\dataset_rgb_stack_combined\SalatStealer\SalatStealer__316__sess-dump_largest_session_rgb_stack.png,SalatStealer,2,SalatStealer__316__sess-dump_largest_session_rgb_stack.png,.png,128,128,RGB,13923,beeb3230056dcd93fd503cd202ec5855f939261eb8180368be60d8296790c983,test,-1,-1
SalatStealer/SalatStealer__317__sess-dump_largest_session_rgb_stack.png,C:\Users\wwyl5\Project\malware\dataset\processed\dataset_rgb_stack_combined\SalatStealer\SalatStealer__317__sess-dump_largest_session_rgb_stack.png,SalatStealer,2,SalatStealer__317__sess-dump_largest_session_rgb_stack.png,.png,128,128,RGB,12510,9f616818e1ec322dedb1d80f5ca1e3047c51c6f1f840400fc7e06d5ebf047228,val,-1,-1
SalatStealer/SalatStealer__318__sess-dump_largest_session_rgb_stack.png,C:\Users\wwyl5\Project\malware\dataset\processed\dataset_rgb_stack_combined\SalatStealer\SalatStealer__318__sess-dump_largest_session_rgb_stack.png,SalatStealer,2,SalatStealer__318__sess-dump_largest_session_rgb_stack.png,.png,128,128,RGB,12891,8866aba48383fd2113ad03a661935a8d37ed28c696d1e10af3150c8bb82ab889,train,0,0
SalatStealer/SalatStealer__319__sess-dump_largest_session_rgb_stack.png,C:\Users\wwyl5\Project\malware\dataset\processed\dataset_rgb_stack_combined\SalatStealer\SalatStealer__319__sess-dump_largest_session_rgb_stack.png,SalatStealer,2,SalatStealer__319__sess-dump_largest_session_rgb_stack.png,.png,128,128,RGB,12469,7c526de65596701a707815d14a08dabea935e1306ff9be7a4187831131f0151d,val,-1,-1
SalatStealer/SalatStealer__320__sess-dump_largest_session_rgb_stack.png,C:\Users\wwyl5\Project\malware\dataset\processed\dataset_rgb_stack_combined\SalatStealer\SalatStealer__320__sess-dump_largest_session_rgb_stack.png,SalatStealer,2,SalatStealer__320__sess-dump_largest_session_rgb_stack.png,.png,128,128,RGB,13462,080a433a8efbdb6b52b72d55199eccc3f5a33b752f9d5da180414c87f615b694,train,3,3
SalatStealer/SalatStealer__321__sess-dump_largest_session_rgb_stack.png,C:\Users\wwyl5\Project\malware\dataset\processed\dataset_rgb_stack_combined\SalatStealer\SalatStealer__321__sess-dump_largest_session_rgb_stack.png,SalatStealer,2,SalatStealer__321__sess-dump_largest_session_rgb_stack.png,.png,128,128,RGB,12059,1c6fe9982dbbfe841deccb24d9b0b1fb349ff75d8217dc533cb87e49c0656366,test,-1,-1
SalatStealer/SalatStealer__322__sess-dump_largest_session_rgb_stack.png,C:\Users\wwyl5\Project\malware\dataset\processed\dataset_rgb_stack_combined\SalatStealer\SalatStealer__322__sess-dump_largest_session_rgb_stack.png,SalatStealer,2,SalatStealer__322__sess-dump_largest_session_rgb_stack.png,.png,128,128,RGB,13157,b47d0c05251a1521e9b3f3cdd08e6acb900fbb32bd313f857540a9004c509308,train,4,3
SalatStealer/SalatStealer__323__sess-dump_largest_session_rgb_stack.png,C:\Users\wwyl5\Project\malware\dataset\processed\dataset_rgb_stack_combined\SalatStealer\SalatStealer__323__sess-dump_largest_session_rgb_stack.png,SalatStealer,2,SalatStealer__323__sess-dump_largest_session_rgb_stack.png,.png,128,128,RGB,12840,5485e4fe8f483737d4c6c9b8a4420b8d4f63822558042c25d831fd1952b6823f,val,-1,-1
SalatStealer/SalatStealer__324__sess-dump_largest_session_rgb_stack.png,C:\Users\wwyl5\Project\malware\dataset\processed\dataset_rgb_stack_combined\SalatStealer\SalatStealer__324__sess-dump_largest_session_rgb_stack.png,SalatStealer,2,SalatStealer__324__sess-dump_largest_session_rgb_stack.png,.png,128,128,RGB,12533,f3eb6962857d7efbd35cbf097c8e7b39fadf74887e9b76e94ba754d893810c35,train,2,3
SalatStealer/SalatStealer__325__sess-dump_largest_session_rgb_stack.png,C:\Users\wwyl5\Project\malware\dataset\processed\dataset_rgb_stack_combined\SalatStealer\SalatStealer__325__sess-dump_largest_session_rgb_stack.png,SalatStealer,2,SalatStealer__325__sess-dump_largest_session_rgb_stack.png,.png,128,128,RGB,13115,d00f0281d3694c7eb18c6723eb178a8caa1b83e47a8acc60e31b95f3aac921e8,train,1,1
SalatStealer/SalatStealer__326__sess-dump_largest_session_rgb_stack.png,C:\Users\wwyl5\Project\malware\dataset\processed\dataset_rgb_stack_combined\SalatStealer\SalatStealer__326__sess-dump_largest_session_rgb_stack.png,SalatStealer,2,SalatStealer__326__sess-dump_largest_session_rgb_stack.png,.png,128,128,RGB,21149,02acc467236bb08996d093ba585fd3a3d679d0f78dbe6a4eadb0b4d1c3016b2f,train,3,0
SalatStealer/SalatStealer__327__sess-dump_largest_session_rgb_stack.png,C:\Users\wwyl5\Project\malware\dataset\processed\dataset_rgb_stack_combined\SalatStealer\SalatStealer__327__sess-dump_largest_session_rgb_stack.png,SalatStealer,2,SalatStealer__327__sess-dump_largest_session_rgb_stack.png,.png,128,128,RGB,12532,8d726347b29b22e381ca73c968b963be759c699652b3bd69a48148234abde3fc,train,2,4
SalatStealer/SalatStealer__328__sess-dump_largest_session_rgb_stack.png,C:\Users\wwyl5\Project\malware\dataset\processed\dataset_rgb_stack_combined\SalatStealer\SalatStealer__328__sess-dump_largest_session_rgb_stack.png,SalatStealer,2,SalatStealer__328__sess-dump_largest_session_rgb_stack.png,.png,128,128,RGB,12103,63c36f5ad07e550815b643f19f0364a01bf0d35ff7ad2c4393ec2fc47d09f6d3,train,4,3
SalatStealer/SalatStealer__329__sess-dump_largest_session_rgb_stack.png,C:\Users\wwyl5\Project\malware\dataset\processed\dataset_rgb_stack_combined\SalatStealer\SalatStealer__329__sess-dump_largest_session_rgb_stack.png,SalatStealer,2,SalatStealer__329__sess-dump_largest_session_rgb_stack.png,.png,128,128,RGB,12355,3c06993de0f95c021bab72355cfb272915679e7c9a8278cc9e51fcae409ac822,test,-1,-1
SalatStealer/SalatStealer__330__sess-dump_largest_session_rgb_stack.png,C:\Users\wwyl5\Project\malware\dataset\processed\dataset_rgb_stack_combined\SalatStealer\SalatStealer__330__sess-dump_largest_session_rgb_stack.png,SalatStealer,2,SalatStealer__330__sess-dump_largest_session_rgb_stack.png,.png,128,128,RGB,12807,aa2b8ed3e3d534861f5fb742af57687ed7c82e7e8903b72124b7cc28510d907b,train,0,0
SalatStealer/SalatStealer__331__sess-dump_largest_session_rgb_stack.png,C:\Users\wwyl5\Project\malware\dataset\processed\dataset_rgb_stack_combined\SalatStealer\SalatStealer__331__sess-dump_largest_session_rgb_stack.png,SalatStealer,2,SalatStealer__331__sess-dump_largest_session_rgb_stack.png,.png,128,128,RGB,12632,9fa4375f37b84a51c169e4ab11795875c6019a87a27cd00190d3652dcb3b322d,train,2,4
SalatStealer/SalatStealer__332__sess-dump_largest_session_rgb_stack.png,C:\Users\wwyl5\Project\malware\dataset\processed\dataset_rgb_stack_combined\SalatStealer\SalatStealer__332__sess-dump_largest_session_rgb_stack.png,SalatStealer,2,SalatStealer__332__sess-dump_largest_session_rgb_stack.png,.png,128,128,RGB,12665,bb22d6caaeef751acc5d950ad0aa8b37380cdce6711d9665977f5c1e90adfe85,train,3,3
SalatStealer/SalatStealer__333__sess-dump_largest_session_rgb_stack.png,C:\Users\wwyl5\Project\malware\dataset\processed\dataset_rgb_stack_combined\SalatStealer\SalatStealer__333__sess-dump_largest_session_rgb_stack.png,SalatStealer,2,SalatStealer__333__sess-dump_largest_session_rgb_stack.png,.png,128,128,RGB,12494,abe4b8e90f8171af2a1328051764e8fc622d021013b8b675beb835a270e6979a,train,4,4
SalatStealer/SalatStealer__334__sess-dump_largest_session_rgb_stack.png,C:\Users\wwyl5\Project\malware\dataset\processed\dataset_rgb_stack_combined\SalatStealer\SalatStealer__334__sess-dump_largest_session_rgb_stack.png,SalatStealer,2,SalatStealer__334__sess-dump_largest_session_rgb_stack.png,.png,128,128,RGB,12368,b38ef75ba0aa3e1af615b524e7790c740910f925220382ccfb5f2a9d70e5bfd8,train,2,4
SalatStealer/SalatStealer__335__sess-dump_largest_session_rgb_stack.png,C:\Users\wwyl5\Project\malware\dataset\processed\dataset_rgb_stack_combined\SalatStealer\SalatStealer__335__sess-dump_largest_session_rgb_stack.png,SalatStealer,2,SalatStealer__335__sess-dump_largest_session_rgb_stack.png,.png,128,128,RGB,12662,4c7f13d63b6e2ac477c5c7a26ff7ae1cb60628a9dc9b5989cc6bada291ae24be,train,0,4
SalatStealer/SalatStealer__336__sess-dump_largest_session_rgb_stack.png,C:\Users\wwyl5\Project\malware\dataset\processed\dataset_rgb_stack_combined\SalatStealer\SalatStealer__336__sess-dump_largest_session_rgb_stack.png,SalatStealer,2,SalatStealer__336__sess-dump_largest_session_rgb_stack.png,.png,128,128,RGB,12701,02574b449988861a7b8e414dcaad2cdd76fb7bbce69fe3c5222cbd248dade5e9,train,1,4
SalatStealer/SalatStealer__337__sess-dump_largest_session_rgb_stack.png,C:\Users\wwyl5\Project\malware\dataset\processed\dataset_rgb_stack_combined\SalatStealer\SalatStealer__337__sess-dump_largest_session_rgb_stack.png,SalatStealer,2,SalatStealer__337__sess-dump_largest_session_rgb_stack.png,.png,128,128,RGB,12420,0b7a7c71f9318bb083dd592502c92b0e6bc9a0b86f093b872241c0981d7f668c,train,0,0
SalatStealer/SalatStealer__338__sess-dump_largest_session_rgb_stack.png,C:\Users\wwyl5\Project\malware\dataset\processed\dataset_rgb_stack_combined\SalatStealer\SalatStealer__338__sess-dump_largest_session_rgb_stack.png,SalatStealer,2,SalatStealer__338__sess-dump_largest_session_rgb_stack.png,.png,128,128,RGB,12661,59d3372bc486ccdb7ef37917732677783d3db61935f3e652e3320099aad1a194,train,1,3
SalatStealer/SalatStealer__339__sess-dump_largest_session_rgb_stack.png,C:\Users\wwyl5\Project\malware\dataset\processed\dataset_rgb_stack_combined\SalatStealer\SalatStealer__339__sess-dump_largest_session_rgb_stack.png,SalatStealer,2,SalatStealer__339__sess-dump_largest_session_rgb_stack.png,.png,128,128,RGB,12673,c7049e191e546af269cb45676b974f17d6aaf57916edcfb5eb08ce6c974949e0,train,1,3
SalatStealer/SalatStealer__340__sess-dump_largest_session_rgb_stack.png,C:\Users\wwyl5\Project\malware\dataset\processed\dataset_rgb_stack_combined\SalatStealer\SalatStealer__340__sess-dump_largest_session_rgb_stack.png,SalatStealer,2,SalatStealer__340__sess-dump_largest_session_rgb_stack.png,.png,128,128,RGB,12630,213ff3bac509be9c5fdeb5c16f07e94c23d69517671699bd82828169465b2e51,train,2,4
SalatStealer/SalatStealer__341__sess-dump_largest_session_rgb_stack.png,C:\Users\wwyl5\Project\malware\dataset\processed\dataset_rgb_stack_combined\SalatStealer\SalatStealer__341__sess-dump_largest_session_rgb_stack.png,SalatStealer,2,SalatStealer__341__sess-dump_largest_session_rgb_stack.png,.png,128,128,RGB,13008,362da52aff7397a026161fcadbba8614acef6c649a0fce3a7047fee202a2ec01,train,4,3
SalatStealer/SalatStealer__342__sess-dump_largest_session_rgb_stack.png,C:\Users\wwyl5\Project\malware\dataset\processed\dataset_rgb_stack_combined\SalatStealer\SalatStealer__342__sess-dump_largest_session_rgb_stack.png,SalatStealer,2,SalatStealer__342__sess-dump_largest_session_rgb_stack.png,.png,128,128,RGB,12687,81da522a345ca52dfa01b668dda8ab6c7f29ba1ef641ea57f4175a610866df03,val,-1,-1
SalatStealer/SalatStealer__343__sess-dump_largest_session_rgb_stack.png,C:\Users\wwyl5\Project\malware\dataset\processed\dataset_rgb_stack_combined\SalatStealer\SalatStealer__343__sess-dump_largest_session_rgb_stack.png,SalatStealer,2,SalatStealer__343__sess-dump_largest_session_rgb_stack.png,.png,128,128,RGB,12937,7f7bd04db7f46047b113f1da22d62cc62dbdcdf44b4fe35602253dabe900e634,train,3,1
SalatStealer/SalatStealer__344__sess-dump_largest_session_rgb_stack.png,C:\Users\wwyl5\Project\malware\dataset\processed\dataset_rgb_stack_combined\SalatStealer\SalatStealer__344__sess-dump_largest_session_rgb_stack.png,SalatStealer,2,SalatStealer__344__sess-dump_largest_session_rgb_stack.png,.png,128,128,RGB,21619,e08bfa3d408e6562933770d7bc29a1e8c821465d28a36487fd082150f27900f7,train,4,3
SalatStealer/SalatStealer__345__sess-dump_largest_session_rgb_stack.png,C:\Users\wwyl5\Project\malware\dataset\processed\dataset_rgb_stack_combined\SalatStealer\SalatStealer__345__sess-dump_largest_session_rgb_stack.png,SalatStealer,2,SalatStealer__345__sess-dump_largest_session_rgb_stack.png,.png,128,128,RGB,11837,f42e1e546e67586256fed904517193aaf2d23b6a9038c55feaf90d02b5c264cc,train,1,3
SalatStealer/SalatStealer__346__sess-dump_largest_session_rgb_stack.png,C:\Users\wwyl5\Project\malware\dataset\processed\dataset_rgb_stack_combined\SalatStealer\SalatStealer__346__sess-dump_largest_session_rgb_stack.png,SalatStealer,2,SalatStealer__346__sess-dump_largest_session_rgb_stack.png,.png,128,128,RGB,12525,c8a52d838e0881f43fb209abcbb57671f4e5c31dad9de8c668c5acc5a4363a33,train,3,4
SalatStealer/SalatStealer__347__sess-dump_largest_session_rgb_stack.png,C:\Users\wwyl5\Project\malware\dataset\processed\dataset_rgb_stack_combined\SalatStealer\SalatStealer__347__sess-dump_largest_session_rgb_stack.png,SalatStealer,2,SalatStealer__347__sess-dump_largest_session_rgb_stack.png,.png,128,128,RGB,12799,886bb0d98850d3e2e43432535f511cc6c48db9faf57002939af4afe0b899b89c,val,-1,-1
SalatStealer/SalatStealer__348__sess-dump_largest_session_rgb_stack.png,C:\Users\wwyl5\Project\malware\dataset\processed\dataset_rgb_stack_combined\SalatStealer\SalatStealer__348__sess-dump_largest_session_rgb_stack.png,SalatStealer,2,SalatStealer__348__sess-dump_largest_session_rgb_stack.png,.png,128,128,RGB,12860,553056a127d7eb6be27c4fde301ee48933a16554305d3b5ab1a3d325fe03268f,test,-1,-1
SalatStealer/SalatStealer__349__sess-dump_largest_session_rgb_stack.png,C:\Users\wwyl5\Project\malware\dataset\processed\dataset_rgb_stack_combined\SalatStealer\SalatStealer__349__sess-dump_largest_session_rgb_stack.png,SalatStealer,2,SalatStealer__349__sess-dump_largest_session_rgb_stack.png,.png,128,128,RGB,12833,92fe1ddcac4195d37ee900e900b7aaacd392a2565561fb4c00229bcf213207ca,train,4,1
SalatStealer/SalatStealer__350__sess-dump_largest_session_rgb_stack.png,C:\Users\wwyl5\Project\malware\dataset\processed\dataset_rgb_stack_combined\SalatStealer\SalatStealer__350__sess-dump_largest_session_rgb_stack.png,SalatStealer,2,SalatStealer__350__sess-dump_largest_session_rgb_stack.png,.png,128,128,RGB,13404,eb03db29bebe0a477bf4ec5b0f029f5c6eb4394543f2b4cfccf4e1b66e66a981,train,3,1
SalatStealer/SalatStealer__351__sess-dump_largest_session_rgb_stack.png,C:\Users\wwyl5\Project\malware\dataset\processed\dataset_rgb_stack_combined\SalatStealer\SalatStealer__351__sess-dump_largest_session_rgb_stack.png,SalatStealer,2,SalatStealer__351__sess-dump_largest_session_rgb_stack.png,.png,128,128,RGB,13210,fc8335f2b21600b4d004aefbe9bfb33f57144dd31acc1b0f0cc1424efcd29439,train,2,1
SalatStealer/SalatStealer__352__sess-dump_largest_session_rgb_stack.png,C:\Users\wwyl5\Project\malware\dataset\processed\dataset_rgb_stack_combined\SalatStealer\SalatStealer__352__sess-dump_largest_session_rgb_stack.png,SalatStealer,2,SalatStealer__352__sess-dump_largest_session_rgb_stack.png,.png,128,128,RGB,10467,9f908293e8dad2f90b4382aecaf843c740a17d93bc12b3c248e06d78643584d6,train,3,3
SalatStealer/SalatStealer__353__sess-dump_largest_session_rgb_stack.png,C:\Users\wwyl5\Project\malware\dataset\processed\dataset_rgb_stack_combined\SalatStealer\SalatStealer__353__sess-dump_largest_session_rgb_stack.png,SalatStealer,2,SalatStealer__353__sess-dump_largest_session_rgb_stack.png,.png,128,128,RGB,13147,e1535c3310477384ad4016f11df97103c06896c4a3f0ecc91140b3be80a010a3,train,1,3
SalatStealer/SalatStealer__354__sess-dump_largest_session_rgb_stack.png,C:\Users\wwyl5\Project\malware\dataset\processed\dataset_rgb_stack_combined\SalatStealer\SalatStealer__354__sess-dump_largest_session_rgb_stack.png,SalatStealer,2,SalatStealer__354__sess-dump_largest_session_rgb_stack.png,.png,128,128,RGB,12675,fa64d3c3c407bc5e96ade669b8197dd732398b67ff46c3088846ed45bc1c200d,test,-1,-1
SalatStealer/SalatStealer__355__sess-dump_largest_session_rgb_stack.png,C:\Users\wwyl5\Project\malware\dataset\processed\dataset_rgb_stack_combined\SalatStealer\SalatStealer__355__sess-dump_largest_session_rgb_stack.png,SalatStealer,2,SalatStealer__355__sess-dump_largest_session_rgb_stack.png,.png,128,128,RGB,12412,f1d836864c1c9a4c5ab7c700c72b3e72040dd16f8201a273e1b62125ef09531d,train,4,4
SalatStealer/SalatStealer__356__sess-dump_largest_session_rgb_stack.png,C:\Users\wwyl5\Project\malware\dataset\processed\dataset_rgb_stack_combined\SalatStealer\SalatStealer__356__sess-dump_largest_session_rgb_stack.png,SalatStealer,2,SalatStealer__356__sess-dump_largest_session_rgb_stack.png,.png,128,128,RGB,13039,3aeba299186032ca7b1503fff2ab6c67145134488224abe210fd0faa0ca11721,test,-1,-1
SalatStealer/SalatStealer__357__sess-dump_largest_session_rgb_stack.png,C:\Users\wwyl5\Project\malware\dataset\processed\dataset_rgb_stack_combined\SalatStealer\SalatStealer__357__sess-dump_largest_session_rgb_stack.png,SalatStealer,2,SalatStealer__357__sess-dump_largest_session_rgb_stack.png,.png,128,128,RGB,12692,064f84b7121451568c4ea4caec10663d41dba73dcb5ad240ead4726350abf514,train,0,0
SalatStealer/SalatStealer__359__sess-dump_largest_session_rgb_stack.png,C:\Users\wwyl5\Project\malware\dataset\processed\dataset_rgb_stack_combined\SalatStealer\SalatStealer__359__sess-dump_largest_session_rgb_stack.png,SalatStealer,2,SalatStealer__359__sess-dump_largest_session_rgb_stack.png,.png,128,128,RGB,13401,a65275beab658c50af18412fe0c9585ec1c1bc2aeaed2b65cc6a949f48f13be3,train,4,4
SalatStealer/SalatStealer__360__sess-dump_largest_session_rgb_stack.png,C:\Users\wwyl5\Project\malware\dataset\processed\dataset_rgb_stack_combined\SalatStealer\SalatStealer__360__sess-dump_largest_session_rgb_stack.png,SalatStealer,2,SalatStealer__360__sess-dump_largest_session_rgb_stack.png,.png,128,128,RGB,13568,7ed112d0160806a49dc77088c4de64461c9c5135cca62354834597a237c376ad,train,3,4
SalatStealer/SalatStealer__361__sess-dump_largest_session_rgb_stack.png,C:\Users\wwyl5\Project\malware\dataset\processed\dataset_rgb_stack_combined\SalatStealer\SalatStealer__361__sess-dump_largest_session_rgb_stack.png,SalatStealer,2,SalatStealer__361__sess-dump_largest_session_rgb_stack.png,.png,128,128,RGB,12764,3aee58ece6e7e54f1b40fe453353891faeceae480eeb3b3002975df6db6207e4,train,3,1
SalatStealer/SalatStealer__363__sess-dump_largest_session_rgb_stack.png,C:\Users\wwyl5\Project\malware\dataset\processed\dataset_rgb_stack_combined\SalatStealer\SalatStealer__363__sess-dump_largest_session_rgb_stack.png,SalatStealer,2,SalatStealer__363__sess-dump_largest_session_rgb_stack.png,.png,128,128,RGB,13479,5229e6da3fc278c44d2b8252ac95427fdd81c5ecc1db4270f48e1a49911401c2,train,3,4
SalatStealer/SalatStealer__364__sess-dump_largest_session_rgb_stack.png,C:\Users\wwyl5\Project\malware\dataset\processed\dataset_rgb_stack_combined\SalatStealer\SalatStealer__364__sess-dump_largest_session_rgb_stack.png,SalatStealer,2,SalatStealer__364__sess-dump_largest_session_rgb_stack.png,.png,128,128,RGB,12516,0e0b6f0c80f5718ee173267ad0b98b0dbee6ef87c468db82ed5208f4cd34167e,train,1,0
SalatStealer/SalatStealer__367__sess-dump_largest_session_rgb_stack.png,C:\Users\wwyl5\Project\malware\dataset\processed\dataset_rgb_stack_combined\SalatStealer\SalatStealer__367__sess-dump_largest_session_rgb_stack.png,SalatStealer,2,SalatStealer__367__sess-dump_largest_session_rgb_stack.png,.png,128,128,RGB,10727,15d2fe857d90baffe8e41a5589234aa8f0604b4aba906eaa650ce1a5e7d19766,train,0,4
SalatStealer/SalatStealer__384__sess-dump_largest_session_rgb_stack.png,C:\Users\wwyl5\Project\malware\dataset\processed\dataset_rgb_stack_combined\SalatStealer\SalatStealer__384__sess-dump_largest_session_rgb_stack.png,SalatStealer,2,SalatStealer__384__sess-dump_largest_session_rgb_stack.png,.png,128,128,RGB,10741,d37528de1c9b75672d6a3336f8a4ae5eb41bcc5be1bab98f56571a6fac09f7bd,train,4,3
StealC/StealC__152__sess-dump_largest_session_rgb_stack.png,C:\Users\wwyl5\Project\malware\dataset\processed\dataset_rgb_stack_combined\StealC\StealC__152__sess-dump_largest_session_rgb_stack.png,StealC,3,StealC__152__sess-dump_largest_session_rgb_stack.png,.png,128,128,RGB,14217,ccd71969571572fa1807ee83e146788bd07b86cfbb2d43b34a64eb4bd636928c,test,-1,-1
StealC/StealC__153__sess-dump_largest_session_rgb_stack.png,C:\Users\wwyl5\Project\malware\dataset\processed\dataset_rgb_stack_combined\StealC\StealC__153__sess-dump_largest_session_rgb_stack.png,StealC,3,StealC__153__sess-dump_largest_session_rgb_stack.png,.png,128,128,RGB,22663,2a598536fddab19d9d9dba91927ddb634ae4dcadd0961f79cc32d8427b24ab43,train,4,1
StealC/StealC__154__sess-dump_largest_session_rgb_stack.png,C:\Users\wwyl5\Project\malware\dataset\processed\dataset_rgb_stack_combined\StealC\StealC__154__sess-dump_largest_session_rgb_stack.png,StealC,3,StealC__154__sess-dump_largest_session_rgb_stack.png,.png,128,128,RGB,10153,d812c6baa6d7d625ade428d5721f00c4dc18a90c4413545dd52506200999db75,test,-1,-1
StealC/StealC__155__sess-dump_largest_session_rgb_stack.png,C:\Users\wwyl5\Project\malware\dataset\processed\dataset_rgb_stack_combined\StealC\StealC__155__sess-dump_largest_session_rgb_stack.png,StealC,3,StealC__155__sess-dump_largest_session_rgb_stack.png,.png,128,128,RGB,24222,70ef11d8ebcb4d93464da0e84acd8d009b17caf55d0304e1c6aad4d52a9dbeed,train,2,3
StealC/StealC__157__sess-dump_largest_session_rgb_stack.png,C:\Users\wwyl5\Project\malware\dataset\processed\dataset_rgb_stack_combined\StealC\StealC__157__sess-dump_largest_session_rgb_stack.png,StealC,3,StealC__157__sess-dump_largest_session_rgb_stack.png,.png,128,128,RGB,12713,35ee989d806d2b1b00912b9cc9cd8eed8880749fbd07b96bfa423da2d18e7423,train,4,3
StealC/StealC__158__sess-dump_largest_session_rgb_stack.png,C:\Users\wwyl5\Project\malware\dataset\processed\dataset_rgb_stack_combined\StealC\StealC__158__sess-dump_largest_session_rgb_stack.png,StealC,3,StealC__158__sess-dump_largest_session_rgb_stack.png,.png,128,128,RGB,12767,4d67a746170fd492f13aa1b2f94eafc59a91da1a036eee3f40d515fb13ab1c7e,test,-1,-1
StealC/StealC__159__sess-dump_largest_session_rgb_stack.png,C:\Users\wwyl5\Project\malware\dataset\processed\dataset_rgb_stack_combined\StealC\StealC__159__sess-dump_largest_session_rgb_stack.png,StealC,3,StealC__159__sess-dump_largest_session_rgb_stack.png,.png,128,128,RGB,20345,3c2b7fad94d707a11fed6cb9fed320ca9197da4bf505518e59d4708998c2f3c9,train,0,3
StealC/StealC__160__sess-dump_largest_session_rgb_stack.png,C:\Users\wwyl5\Project\malware\dataset\processed\dataset_rgb_stack_combined\StealC\StealC__160__sess-dump_largest_session_rgb_stack.png,StealC,3,StealC__160__sess-dump_largest_session_rgb_stack.png,.png,128,128,RGB,20356,f8fb331beb41fe6f3de7a41d5adfccfb965dd1195954f108fba0a7d73672c2a7,train,2,3
StealC/StealC__161__sess-dump_largest_session_rgb_stack.png,C:\Users\wwyl5\Project\malware\dataset\processed\dataset_rgb_stack_combined\StealC\StealC__161__sess-dump_largest_session_rgb_stack.png,StealC,3,StealC__161__sess-dump_largest_session_rgb_stack.png,.png,128,128,RGB,20242,113473a2dd59b3cb9bfce06b69985b2ac1bf2b3218f0b7c2d65c8b7bfa175769,train,4,3
StealC/StealC__162__sess-dump_largest_session_rgb_stack.png,C:\Users\wwyl5\Project\malware\dataset\processed\dataset_rgb_stack_combined\StealC\StealC__162__sess-dump_largest_session_rgb_stack.png,StealC,3,StealC__162__sess-dump_largest_session_rgb_stack.png,.png,128,128,RGB,10215,44436a64a18d897a9bc63f0c410a953d4e3707cb18c91f3f5e6df3afb026e81c,val,-1,-1
StealC/StealC__163__sess-dump_largest_session_rgb_stack.png,C:\Users\wwyl5\Project\malware\dataset\processed\dataset_rgb_stack_combined\StealC\StealC__163__sess-dump_largest_session_rgb_stack.png,StealC,3,StealC__163__sess-dump_largest_session_rgb_stack.png,.png,128,128,RGB,12180,ed7f35498b3fb6b9af4480a7d0a5b9599ff36fb61d7967370b6b9322ec83e978,train,0,3
StealC/StealC__164__sess-dump_largest_session_rgb_stack.png,C:\Users\wwyl5\Project\malware\dataset\processed\dataset_rgb_stack_combined\StealC\StealC__164__sess-dump_largest_session_rgb_stack.png,StealC,3,StealC__164__sess-dump_largest_session_rgb_stack.png,.png,128,128,RGB,11894,3167110bd2f2a9deb36788e67655adec9fd1b210ceaa6f1c803a60bb293bddd8,test,-1,-1
StealC/StealC__165__sess-dump_largest_session_rgb_stack.png,C:\Users\wwyl5\Project\malware\dataset\processed\dataset_rgb_stack_combined\StealC\StealC__165__sess-dump_largest_session_rgb_stack.png,StealC,3,StealC__165__sess-dump_largest_session_rgb_stack.png,.png,128,128,RGB,10633,dc28eddc2be43dc9e8507bc33c1274b4865e423262162869eb0cdcfbea4d61d3,train,0,3
StealC/StealC__166__sess-dump_largest_session_rgb_stack.png,C:\Users\wwyl5\Project\malware\dataset\processed\dataset_rgb_stack_combined\StealC\StealC__166__sess-dump_largest_session_rgb_stack.png,StealC,3,StealC__166__sess-dump_largest_session_rgb_stack.png,.png,128,128,RGB,13426,2cbe673d27471e5d4f6e63048aacf6fd38ee7ba40b8385b604c9b9d68ca1574e,train,2,3
StealC/StealC__167__sess-dump_largest_session_rgb_stack.png,C:\Users\wwyl5\Project\malware\dataset\processed\dataset_rgb_stack_combined\StealC\StealC__167__sess-dump_largest_session_rgb_stack.png,StealC,3,StealC__167__sess-dump_largest_session_rgb_stack.png,.png,128,128,RGB,10633,7902c6433dfd5bfee6cecde64f72e2cd1db0fb570ffd3643855a20618a6175ae,train,1,3
StealC/StealC__168__sess-dump_largest_session_rgb_stack.png,C:\Users\wwyl5\Project\malware\dataset\processed\dataset_rgb_stack_combined\StealC\StealC__168__sess-dump_largest_session_rgb_stack.png,StealC,3,StealC__168__sess-dump_largest_session_rgb_stack.png,.png,128,128,RGB,10841,fb40355fc2e26e7c7a63a54fbbd11d984fdc84e072a58d21e6e6411e9ecda778,val,-1,-1
StealC/StealC__169__sess-dump_largest_session_rgb_stack.png,C:\Users\wwyl5\Project\malware\dataset\processed\dataset_rgb_stack_combined\StealC\StealC__169__sess-dump_largest_session_rgb_stack.png,StealC,3,StealC__169__sess-dump_largest_session_rgb_stack.png,.png,128,128,RGB,12374,0e44039d56babdd339a21a2c3386124eeffa34c11d71123df742f23e7ca20b5c,val,-1,-1
StealC/StealC__170__sess-dump_largest_session_rgb_stack.png,C:\Users\wwyl5\Project\malware\dataset\processed\dataset_rgb_stack_combined\StealC\StealC__170__sess-dump_largest_session_rgb_stack.png,StealC,3,StealC__170__sess-dump_largest_session_rgb_stack.png,.png,128,128,RGB,22320,75b8118458d20b5ab387ce6ba8525fed2e25d8a1c511c5d7e55d1f654cc95c79,train,1,3
StealC/StealC__171__sess-dump_largest_session_rgb_stack.png,C:\Users\wwyl5\Project\malware\dataset\processed\dataset_rgb_stack_combined\StealC\StealC__171__sess-dump_largest_session_rgb_stack.png,StealC,3,StealC__171__sess-dump_largest_session_rgb_stack.png,.png,128,128,RGB,21241,320c9ab4f4cf36152cac6771fde2bb95d4b3bfc9124e3d6478787f6f0a8e5e88,train,1,1
StealC/StealC__172__sess-dump_largest_session_rgb_stack.png,C:\Users\wwyl5\Project\malware\dataset\processed\dataset_rgb_stack_combined\StealC\StealC__172__sess-dump_largest_session_rgb_stack.png,StealC,3,StealC__172__sess-dump_largest_session_rgb_stack.png,.png,128,128,RGB,12731,a5e0fa044c6f0d6d119a6fc90497392c60285cc5c34415a7d6ad81be8010f26f,train,3,1
StealC/StealC__176__sess-dump_largest_session_rgb_stack.png,C:\Users\wwyl5\Project\malware\dataset\processed\dataset_rgb_stack_combined\StealC\StealC__176__sess-dump_largest_session_rgb_stack.png,StealC,3,StealC__176__sess-dump_largest_session_rgb_stack.png,.png,128,128,RGB,11918,0b624819595496b53056c43058b297bebc1458fba2139002b4f87895eca8a5dc,val,-1,-1
StealC/StealC__177__sess-dump_largest_session_rgb_stack.png,C:\Users\wwyl5\Project\malware\dataset\processed\dataset_rgb_stack_combined\StealC\StealC__177__sess-dump_largest_session_rgb_stack.png,StealC,3,StealC__177__sess-dump_largest_session_rgb_stack.png,.png,128,128,RGB,12016,89cc484562fa20f852e344d259bd3d4f54e699af9e1a5ad5c52cb9d4f200315a,test,-1,-1
StealC/StealC__178__sess-dump_largest_session_rgb_stack.png,C:\Users\wwyl5\Project\malware\dataset\processed\dataset_rgb_stack_combined\StealC\StealC__178__sess-dump_largest_session_rgb_stack.png,StealC,3,StealC__178__sess-dump_largest_session_rgb_stack.png,.png,128,128,RGB,11358,15095131f4a2f68885c225a5317b07999716aebd3c24e2739e7998db01b4c29a,train,0,3
StealC/StealC__179__sess-dump_largest_session_rgb_stack.png,C:\Users\wwyl5\Project\malware\dataset\processed\dataset_rgb_stack_combined\StealC\StealC__179__sess-dump_largest_session_rgb_stack.png,StealC,3,StealC__179__sess-dump_largest_session_rgb_stack.png,.png,128,128,RGB,11485,d23531bd3b6f40be244d358792d4a5ac79acbcb078571ee84b58551e6a1c3779,train,3,1
StealC/StealC__180__sess-dump_largest_session_rgb_stack.png,C:\Users\wwyl5\Project\malware\dataset\processed\dataset_rgb_stack_combined\StealC\StealC__180__sess-dump_largest_session_rgb_stack.png,StealC,3,StealC__180__sess-dump_largest_session_rgb_stack.png,.png,128,128,RGB,12821,14c3f3f79ad4c777b5b07f4cf4a2d923c5bcd9eaf6fbca7f686fe029d1b78f88,train,1,3
StealC/StealC__181__sess-dump_largest_session_rgb_stack.png,C:\Users\wwyl5\Project\malware\dataset\processed\dataset_rgb_stack_combined\StealC\StealC__181__sess-dump_largest_session_rgb_stack.png,StealC,3,StealC__181__sess-dump_largest_session_rgb_stack.png,.png,128,128,RGB,11015,ef8c4b0eaa35e6e4ac6ba4e74fcbc68f919878dee49fdcac5bc6f60f86b8c179,train,1,1
StealC/StealC__182__sess-dump_largest_session_rgb_stack.png,C:\Users\wwyl5\Project\malware\dataset\processed\dataset_rgb_stack_combined\StealC\StealC__182__sess-dump_largest_session_rgb_stack.png,StealC,3,StealC__182__sess-dump_largest_session_rgb_stack.png,.png,128,128,RGB,11092,cbf34a6e9f81faebf96e5d24b1e7d8b8e413c4c1f7202c9d0e2ccabe37069cdd,train,0,2
StealC/StealC__183__sess-dump_largest_session_rgb_stack.png,C:\Users\wwyl5\Project\malware\dataset\processed\dataset_rgb_stack_combined\StealC\StealC__183__sess-dump_largest_session_rgb_stack.png,StealC,3,StealC__183__sess-dump_largest_session_rgb_stack.png,.png,128,128,RGB,12140,1726960bfca2b622aae0c7177de5ec1fcc7d9b5f35fd54d690592dcfaf135a93,train,4,3
StealC/StealC__184__sess-dump_largest_session_rgb_stack.png,C:\Users\wwyl5\Project\malware\dataset\processed\dataset_rgb_stack_combined\StealC\StealC__184__sess-dump_largest_session_rgb_stack.png,StealC,3,StealC__184__sess-dump_largest_session_rgb_stack.png,.png,128,128,RGB,24092,b39974fc09ca2f2bb663d470f3f9501d33991d6126491e73ad0177d2fa2005c5,train,3,1
StealC/StealC__185__sess-dump_largest_session_rgb_stack.png,C:\Users\wwyl5\Project\malware\dataset\processed\dataset_rgb_stack_combined\StealC\StealC__185__sess-dump_largest_session_rgb_stack.png,StealC,3,StealC__185__sess-dump_largest_session_rgb_stack.png,.png,128,128,RGB,11748,2d40f142d2a1b9afa697888eb2c1918bed9e00af265cfd797857f487f522d4c9,train,4,2
StealC/StealC__186__sess-dump_largest_session_rgb_stack.png,C:\Users\wwyl5\Project\malware\dataset\processed\dataset_rgb_stack_combined\StealC\StealC__186__sess-dump_largest_session_rgb_stack.png,StealC,3,StealC__186__sess-dump_largest_session_rgb_stack.png,.png,128,128,RGB,10854,6641374d2da09a553aa6977842c4270e22b79ed1c1abb92457e0e1a03f74c6a6,train,3,3
StealC/StealC__187__sess-dump_largest_session_rgb_stack.png,C:\Users\wwyl5\Project\malware\dataset\processed\dataset_rgb_stack_combined\StealC\StealC__187__sess-dump_largest_session_rgb_stack.png,StealC,3,StealC__187__sess-dump_largest_session_rgb_stack.png,.png,128,128,RGB,12361,8401014c6a6d743b31f33785ff0c03b0ecbf8e6dd03c86ea4040624c9a367724,train,3,3
StealC/StealC__188__sess-dump_largest_session_rgb_stack.png,C:\Users\wwyl5\Project\malware\dataset\processed\dataset_rgb_stack_combined\StealC\StealC__188__sess-dump_largest_session_rgb_stack.png,StealC,3,StealC__188__sess-dump_largest_session_rgb_stack.png,.png,128,128,RGB,11550,164bd03e02d5a5c8f64e5683ffec63e96280e3345d2def90b8ee418a1e06277e,test,-1,-1
StealC/StealC__189__sess-dump_largest_session_rgb_stack.png,C:\Users\wwyl5\Project\malware\dataset\processed\dataset_rgb_stack_combined\StealC\StealC__189__sess-dump_largest_session_rgb_stack.png,StealC,3,StealC__189__sess-dump_largest_session_rgb_stack.png,.png,128,128,RGB,10495,a7dea8ba63b9fb45cdacaf46dff7d134e82a3f5765fd603fd4d566f49db06f47,test,-1,-1
StealC/StealC__190__sess-dump_largest_session_rgb_stack.png,C:\Users\wwyl5\Project\malware\dataset\processed\dataset_rgb_stack_combined\StealC\StealC__190__sess-dump_largest_session_rgb_stack.png,StealC,3,StealC__190__sess-dump_largest_session_rgb_stack.png,.png,128,128,RGB,11645,66f6a15f34a71b34ed7e2e47f576fc6669414b7476fb919b91ff5dd59db4598a,train,0,2
StealC/StealC__191__sess-dump_largest_session_rgb_stack.png,C:\Users\wwyl5\Project\malware\dataset\processed\dataset_rgb_stack_combined\StealC\StealC__191__sess-dump_largest_session_rgb_stack.png,StealC,3,StealC__191__sess-dump_largest_session_rgb_stack.png,.png,128,128,RGB,10827,2166e7151c19cdaf1522b7960978a88cafb0e01d284941403f4211dd60632f53,test,-1,-1
StealC/StealC__192__sess-dump_largest_session_rgb_stack.png,C:\Users\wwyl5\Project\malware\dataset\processed\dataset_rgb_stack_combined\StealC\StealC__192__sess-dump_largest_session_rgb_stack.png,StealC,3,StealC__192__sess-dump_largest_session_rgb_stack.png,.png,128,128,RGB,11561,63e18eced42cd40a5fce24baace280fc7104f8c21737c47d17fca159f447e017,val,-1,-1
StealC/StealC__193__sess-dump_largest_session_rgb_stack.png,C:\Users\wwyl5\Project\malware\dataset\processed\dataset_rgb_stack_combined\StealC\StealC__193__sess-dump_largest_session_rgb_stack.png,StealC,3,StealC__193__sess-dump_largest_session_rgb_stack.png,.png,128,128,RGB,11926,37ee43cde8cf451de5eb9e4b2c004eed432068487f20ebcd133ba0c7ae62955e,test,-1,-1
StealC/StealC__194__sess-dump_largest_session_rgb_stack.png,C:\Users\wwyl5\Project\malware\dataset\processed\dataset_rgb_stack_combined\StealC\StealC__194__sess-dump_largest_session_rgb_stack.png,StealC,3,StealC__194__sess-dump_largest_session_rgb_stack.png,.png,128,128,RGB,12388,54b8c8ce3e5f02e805de37d0335e49dd3778f3084c5720678d5fdb0ac5ab4f01,train,0,3
StealC/StealC__195__sess-dump_largest_session_rgb_stack.png,C:\Users\wwyl5\Project\malware\dataset\processed\dataset_rgb_stack_combined\StealC\StealC__195__sess-dump_largest_session_rgb_stack.png,StealC,3,StealC__195__sess-dump_largest_session_rgb_stack.png,.png,128,128,RGB,10506,a745101cf8f842ea2524bd1d00c3c1bdd655fbbe769936f9d02b83209d35179d,test,-1,-1
StealC/StealC__196__sess-dump_largest_session_rgb_stack.png,C:\Users\wwyl5\Project\malware\dataset\processed\dataset_rgb_stack_combined\StealC\StealC__196__sess-dump_largest_session_rgb_stack.png,StealC,3,StealC__196__sess-dump_largest_session_rgb_stack.png,.png,128,128,RGB,11756,553fd9b87217590456449cb87f970b24f9b466a42fdb4350db0c604d05b2b279,train,2,3
StealC/StealC__197__sess-dump_largest_session_rgb_stack.png,C:\Users\wwyl5\Project\malware\dataset\processed\dataset_rgb_stack_combined\StealC\StealC__197__sess-dump_largest_session_rgb_stack.png,StealC,3,StealC__197__sess-dump_largest_session_rgb_stack.png,.png,128,128,RGB,10937,33fd194f4e4df777dc724359acfaa6f7b3f084a7759ac09f44c5d08eb684f2ec,train,4,3
StealC/StealC__198__sess-dump_largest_session_rgb_stack.png,C:\Users\wwyl5\Project\malware\dataset\processed\dataset_rgb_stack_combined\StealC\StealC__198__sess-dump_largest_session_rgb_stack.png,StealC,3,StealC__198__sess-dump_largest_session_rgb_stack.png,.png,128,128,RGB,11752,61ae913d7fc2b048d3ff6bc60e7f2c67f1ea57b0509af8d319a211bb1cb506a1,train,3,3
StealC/StealC__199__sess-dump_largest_session_rgb_stack.png,C:\Users\wwyl5\Project\malware\dataset\processed\dataset_rgb_stack_combined\StealC\StealC__199__sess-dump_largest_session_rgb_stack.png,StealC,3,StealC__199__sess-dump_largest_session_rgb_stack.png,.png,128,128,RGB,10099,de2ee9c986217decae03f63f1cc94e966ac409534deeff3a33f27f7511a1c397,train,1,2
StealC/StealC__200__sess-dump_largest_session_rgb_stack.png,C:\Users\wwyl5\Project\malware\dataset\processed\dataset_rgb_stack_combined\StealC\StealC__200__sess-dump_largest_session_rgb_stack.png,StealC,3,StealC__200__sess-dump_largest_session_rgb_stack.png,.png,128,128,RGB,10191,b9f134abca4ba01ff94e7aeb8178bb95b977a9b044f6d001884d1b755c1199be,val,-1,-1
StealC/StealC__201__sess-dump_largest_session_rgb_stack.png,C:\Users\wwyl5\Project\malware\dataset\processed\dataset_rgb_stack_combined\StealC\StealC__201__sess-dump_largest_session_rgb_stack.png,StealC,3,StealC__201__sess-dump_largest_session_rgb_stack.png,.png,128,128,RGB,10069,2c29056f509f660b47265560d8468fe4b9e4d94cbfd4946f0aea1470ac4cda17,train,0,3
StealC/StealC__204__sess-dump_largest_session_rgb_stack.png,C:\Users\wwyl5\Project\malware\dataset\processed\dataset_rgb_stack_combined\StealC\StealC__204__sess-dump_largest_session_rgb_stack.png,StealC,3,StealC__204__sess-dump_largest_session_rgb_stack.png,.png,128,128,RGB,11855,dba0dd467c7edea06fc6b84bb398e8d77587a0b6fb2bdf779ecbaa785f54d22a,val,-1,-1
StealC/StealC__205__sess-dump_largest_session_rgb_stack.png,C:\Users\wwyl5\Project\malware\dataset\processed\dataset_rgb_stack_combined\StealC\StealC__205__sess-dump_largest_session_rgb_stack.png,StealC,3,StealC__205__sess-dump_largest_session_rgb_stack.png,.png,128,128,RGB,11676,7f45d1dd2f089e624941c0ed975da9c853ffe23277c18f58d49c0d032702c0cb,val,-1,-1
StealC/StealC__206__sess-dump_largest_session_rgb_stack.png,C:\Users\wwyl5\Project\malware\dataset\processed\dataset_rgb_stack_combined\StealC\StealC__206__sess-dump_largest_session_rgb_stack.png,StealC,3,StealC__206__sess-dump_largest_session_rgb_stack.png,.png,128,128,RGB,10863,129669b38e7aff44933abe64aae91ecbcb4050fc0f518a3daff2c4b0117bc040,train,2,1
StealC/StealC__207__sess-dump_largest_session_rgb_stack.png,C:\Users\wwyl5\Project\malware\dataset\processed\dataset_rgb_stack_combined\StealC\StealC__207__sess-dump_largest_session_rgb_stack.png,StealC,3,StealC__207__sess-dump_largest_session_rgb_stack.png,.png,128,128,RGB,10618,67ddbf8d741ac28b383610e69436d8f0d9bd5d08c73af0760e38d1be5d6350a6,train,4,1
StealC/StealC__208__sess-dump_largest_session_rgb_stack.png,C:\Users\wwyl5\Project\malware\dataset\processed\dataset_rgb_stack_combined\StealC\StealC__208__sess-dump_largest_session_rgb_stack.png,StealC,3,StealC__208__sess-dump_largest_session_rgb_stack.png,.png,128,128,RGB,10723,3fd7bc7383e618da310dd10e50a767f4d38b4befbf7e3b74df0c7ff1dddc1fd9,train,0,3
StealC/StealC__209__sess-dump_largest_session_rgb_stack.png,C:\Users\wwyl5\Project\malware\dataset\processed\dataset_rgb_stack_combined\StealC\StealC__209__sess-dump_largest_session_rgb_stack.png,StealC,3,StealC__209__sess-dump_largest_session_rgb_stack.png,.png,128,128,RGB,11379,b267d1a8cc3e1de6cc3f7298c88d1d95862f9fa62b40dd10f0dc2cd8bdffffd1,train,0,3
StealC/StealC__210__sess-dump_largest_session_rgb_stack.png,C:\Users\wwyl5\Project\malware\dataset\processed\dataset_rgb_stack_combined\StealC\StealC__210__sess-dump_largest_session_rgb_stack.png,StealC,3,StealC__210__sess-dump_largest_session_rgb_stack.png,.png,128,128,RGB,13722,5fff81f06ba82f5c9f68ff0f36bdd0c379fda5ba36c6a5bde824c83e6072eeb3,train,4,3
StealC/StealC__213__sess-dump_largest_session_rgb_stack.png,C:\Users\wwyl5\Project\malware\dataset\processed\dataset_rgb_stack_combined\StealC\StealC__213__sess-dump_largest_session_rgb_stack.png,StealC,3,StealC__213__sess-dump_largest_session_rgb_stack.png,.png,128,128,RGB,10814,73096447e968b0b0296e8adb5607f6cc7e21140b7b54438cd819730072ecc809,train,2,3
StealC/StealC__214__sess-dump_largest_session_rgb_stack.png,C:\Users\wwyl5\Project\malware\dataset\processed\dataset_rgb_stack_combined\StealC\StealC__214__sess-dump_largest_session_rgb_stack.png,StealC,3,StealC__214__sess-dump_largest_session_rgb_stack.png,.png,128,128,RGB,11490,243621c371dc7c27e0712b2de1c33657c63c5a314b4423441baaa08c2ee8f80a,train,0,3
StealC/StealC__215__sess-dump_largest_session_rgb_stack.png,C:\Users\wwyl5\Project\malware\dataset\processed\dataset_rgb_stack_combined\StealC\StealC__215__sess-dump_largest_session_rgb_stack.png,StealC,3,StealC__215__sess-dump_largest_session_rgb_stack.png,.png,128,128,RGB,11580,ad5861b4d9c2fad4a63692edf4ceb14b1f4f7e942f3e72aaa4e528c19dcbe99f,test,-1,-1
StealC/StealC__216__sess-dump_largest_session_rgb_stack.png,C:\Users\wwyl5\Project\malware\dataset\processed\dataset_rgb_stack_combined\StealC\StealC__216__sess-dump_largest_session_rgb_stack.png,StealC,3,StealC__216__sess-dump_largest_session_rgb_stack.png,.png,128,128,RGB,12533,7afdbea5a57d530bba5afa224524adbfc5627760a6120000d9c4f7d6a08e19c1,train,4,1
StealC/StealC__217__sess-dump_largest_session_rgb_stack.png,C:\Users\wwyl5\Project\malware\dataset\processed\dataset_rgb_stack_combined\StealC\StealC__217__sess-dump_largest_session_rgb_stack.png,StealC,3,StealC__217__sess-dump_largest_session_rgb_stack.png,.png,128,128,RGB,12377,d22b29edb4dfadc7302fffca277c5417c7ebb162d69e3c9e8ceacdb49c6bc4e7,train,1,3
StealC/StealC__218__sess-dump_largest_session_rgb_stack.png,C:\Users\wwyl5\Project\malware\dataset\processed\dataset_rgb_stack_combined\StealC\StealC__218__sess-dump_largest_session_rgb_stack.png,StealC,3,StealC__218__sess-dump_largest_session_rgb_stack.png,.png,128,128,RGB,10151,48af08eaeabe8ee925b215e48f38fe107799de2de02e9068c8ae60d3c7694fbe,train,1,2
StealC/StealC__219__sess-dump_largest_session_rgb_stack.png,C:\Users\wwyl5\Project\malware\dataset\processed\dataset_rgb_stack_combined\StealC\StealC__219__sess-dump_largest_session_rgb_stack.png,StealC,3,StealC__219__sess-dump_largest_session_rgb_stack.png,.png,128,128,RGB,10612,07fc3a7b6fcc57fde5d19aaf24b29b83a927f6ceecc098e1db6b442ff8ac9899,train,3,3
StealC/StealC__220__sess-dump_largest_session_rgb_stack.png,C:\Users\wwyl5\Project\malware\dataset\processed\dataset_rgb_stack_combined\StealC\StealC__220__sess-dump_largest_session_rgb_stack.png,StealC,3,StealC__220__sess-dump_largest_session_rgb_stack.png,.png,128,128,RGB,10599,b1c71c442fbace7bc2ba986c449456a9c29b1448600a52e54e96e948d22847ff,train,3,3
StealC/StealC__221__sess-dump_largest_session_rgb_stack.png,C:\Users\wwyl5\Project\malware\dataset\processed\dataset_rgb_stack_combined\StealC\StealC__221__sess-dump_largest_session_rgb_stack.png,StealC,3,StealC__221__sess-dump_largest_session_rgb_stack.png,.png,128,128,RGB,12516,5c19fac4367d5d633436d296b729f74e271feda827f1a6dfb0b1a2d319f97ee7,train,0,1
StealC/StealC__223__sess-dump_largest_session_rgb_stack.png,C:\Users\wwyl5\Project\malware\dataset\processed\dataset_rgb_stack_combined\StealC\StealC__223__sess-dump_largest_session_rgb_stack.png,StealC,3,StealC__223__sess-dump_largest_session_rgb_stack.png,.png,128,128,RGB,12347,ba8c0cf055e155da9950c7452740219f34d48133e76989cf67c7c882e1fdb049,test,-1,-1
StealC/StealC__224__sess-dump_largest_session_rgb_stack.png,C:\Users\wwyl5\Project\malware\dataset\processed\dataset_rgb_stack_combined\StealC\StealC__224__sess-dump_largest_session_rgb_stack.png,StealC,3,StealC__224__sess-dump_largest_session_rgb_stack.png,.png,128,128,RGB,11961,c310791b429e9c7de27722e4e3f957e686604cbdaf908dca83adc30ad63dcb83,train,1,2
StealC/StealC__225__sess-dump_largest_session_rgb_stack.png,C:\Users\wwyl5\Project\malware\dataset\processed\dataset_rgb_stack_combined\StealC\StealC__225__sess-dump_largest_session_rgb_stack.png,StealC,3,StealC__225__sess-dump_largest_session_rgb_stack.png,.png,128,128,RGB,12001,8b00eb94023f7406dd927b36da1e2dd8c701418058603d78194d60bdf91fcbef,train,4,3
StealC/StealC__226__sess-dump_largest_session_rgb_stack.png,C:\Users\wwyl5\Project\malware\dataset\processed\dataset_rgb_stack_combined\StealC\StealC__226__sess-dump_largest_session_rgb_stack.png,StealC,3,StealC__226__sess-dump_largest_session_rgb_stack.png,.png,128,128,RGB,11834,8627592bcdcdeff6b4f5215483c8f39d84d40064076fb874c0e9e17e18d902cf,train,3,3
StealC/StealC__227__sess-dump_largest_session_rgb_stack.png,C:\Users\wwyl5\Project\malware\dataset\processed\dataset_rgb_stack_combined\StealC\StealC__227__sess-dump_largest_session_rgb_stack.png,StealC,3,StealC__227__sess-dump_largest_session_rgb_stack.png,.png,128,128,RGB,11857,69a6c5d25ff7b899e61544189cf9ca7063828fdade5c77c7f1751710066f5520,test,-1,-1
StealC/StealC__228__sess-dump_largest_session_rgb_stack.png,C:\Users\wwyl5\Project\malware\dataset\processed\dataset_rgb_stack_combined\StealC\StealC__228__sess-dump_largest_session_rgb_stack.png,StealC,3,StealC__228__sess-dump_largest_session_rgb_stack.png,.png,128,128,RGB,11910,77ae53f167e94eedbce2abd05bea6b5e5a2ffcdba310e98ded5bd92e59666a7e,train,3,3
StealC/StealC__229__sess-dump_largest_session_rgb_stack.png,C:\Users\wwyl5\Project\malware\dataset\processed\dataset_rgb_stack_combined\StealC\StealC__229__sess-dump_largest_session_rgb_stack.png,StealC,3,StealC__229__sess-dump_largest_session_rgb_stack.png,.png,128,128,RGB,11651,b0088f7378336585364f03a116b1dfb5394d2f5bbe976b7d745972ff5fedefe2,train,4,3
StealC/StealC__230__sess-dump_largest_session_rgb_stack.png,C:\Users\wwyl5\Project\malware\dataset\processed\dataset_rgb_stack_combined\StealC\StealC__230__sess-dump_largest_session_rgb_stack.png,StealC,3,StealC__230__sess-dump_largest_session_rgb_stack.png,.png,128,128,RGB,11957,fe8193866b0c47576b9dd2e7d73ffffa9ebfed1ec044deeaacfa595040e850af,train,0,3
StealC/StealC__231__sess-dump_largest_session_rgb_stack.png,C:\Users\wwyl5\Project\malware\dataset\processed\dataset_rgb_stack_combined\StealC\StealC__231__sess-dump_largest_session_rgb_stack.png,StealC,3,StealC__231__sess-dump_largest_session_rgb_stack.png,.png,128,128,RGB,12878,4eadb284ddae3f1b0cd62bb1ff53f4767bb1639a29eb7ae307724b82414e22b5,val,-1,-1
StealC/StealC__232__sess-dump_largest_session_rgb_stack.png,C:\Users\wwyl5\Project\malware\dataset\processed\dataset_rgb_stack_combined\StealC\StealC__232__sess-dump_largest_session_rgb_stack.png,StealC,3,StealC__232__sess-dump_largest_session_rgb_stack.png,.png,128,128,RGB,12086,cea2e7adc68c47aff9894048f7f11e81ba8106c6385100efc65bc4c0b8e1b298,train,1,2
StealC/StealC__233__sess-dump_largest_session_rgb_stack.png,C:\Users\wwyl5\Project\malware\dataset\processed\dataset_rgb_stack_combined\StealC\StealC__233__sess-dump_largest_session_rgb_stack.png,StealC,3,StealC__233__sess-dump_largest_session_rgb_stack.png,.png,128,128,RGB,12289,7a30e490ad2a5bebfdeeb781ae9857621f4456dcda5aa1650272bc184fb37f84,train,1,3
StealC/StealC__234__sess-dump_largest_session_rgb_stack.png,C:\Users\wwyl5\Project\malware\dataset\processed\dataset_rgb_stack_combined\StealC\StealC__234__sess-dump_largest_session_rgb_stack.png,StealC,3,StealC__234__sess-dump_largest_session_rgb_stack.png,.png,128,128,RGB,11953,a5276655658914b266dcee93b2fa3364c0ca917747afe6d99205fa62841d9fbc,val,-1,-1
StealC/StealC__237__sess-dump_largest_session_rgb_stack.png,C:\Users\wwyl5\Project\malware\dataset\processed\dataset_rgb_stack_combined\StealC\StealC__237__sess-dump_largest_session_rgb_stack.png,StealC,3,StealC__237__sess-dump_largest_session_rgb_stack.png,.png,128,128,RGB,11847,680e5dd775f80b2bd2eaa6a6b41dee67ab05903560f7bcd1b26709d63d6b95b1,train,2,2
StealC/StealC__238__sess-dump_largest_session_rgb_stack.png,C:\Users\wwyl5\Project\malware\dataset\processed\dataset_rgb_stack_combined\StealC\StealC__238__sess-dump_largest_session_rgb_stack.png,StealC,3,StealC__238__sess-dump_largest_session_rgb_stack.png,.png,128,128,RGB,12190,9bd84f46685e0075ca548f0ceb79d06910255315551d8a58e2af5ee146011ac5,train,2,3
StealC/StealC__239__sess-dump_largest_session_rgb_stack.png,C:\Users\wwyl5\Project\malware\dataset\processed\dataset_rgb_stack_combined\StealC\StealC__239__sess-dump_largest_session_rgb_stack.png,StealC,3,StealC__239__sess-dump_largest_session_rgb_stack.png,.png,128,128,RGB,12678,14f7d332a9be3186b01e455ed618779ed56f6c59250545e4d164a67d2840b18d,train,4,3
StealC/StealC__240__sess-dump_largest_session_rgb_stack.png,C:\Users\wwyl5\Project\malware\dataset\processed\dataset_rgb_stack_combined\StealC\StealC__240__sess-dump_largest_session_rgb_stack.png,StealC,3,StealC__240__sess-dump_largest_session_rgb_stack.png,.png,128,128,RGB,11935,5e5ffe451d59519f01963e5e4450d7dc10bbf36bbe58798b734261971c414c7f,train,3,2
StealC/StealC__241__sess-dump_largest_session_rgb_stack.png,C:\Users\wwyl5\Project\malware\dataset\processed\dataset_rgb_stack_combined\StealC\StealC__241__sess-dump_largest_session_rgb_stack.png,StealC,3,StealC__241__sess-dump_largest_session_rgb_stack.png,.png,128,128,RGB,11198,00110fc98bb4dda3d4052408122ae68e24ff120b6664d2b6e74ff1fcb76ac95f,val,-1,-1
StealC/StealC__242__sess-dump_largest_session_rgb_stack.png,C:\Users\wwyl5\Project\malware\dataset\processed\dataset_rgb_stack_combined\StealC\StealC__242__sess-dump_largest_session_rgb_stack.png,StealC,3,StealC__242__sess-dump_largest_session_rgb_stack.png,.png,128,128,RGB,12431,b0ba7732ae648313f68eaf3c74cdf298779e592db19a467410ae4b83bcf4a378,val,-1,-1
StealC/StealC__243__sess-dump_largest_session_rgb_stack.png,C:\Users\wwyl5\Project\malware\dataset\processed\dataset_rgb_stack_combined\StealC\StealC__243__sess-dump_largest_session_rgb_stack.png,StealC,3,StealC__243__sess-dump_largest_session_rgb_stack.png,.png,128,128,RGB,12568,eabb3579ed2d8472de7494550213b648fda5cbf18e42f313895c4852eeaa7b06,train,2,3
StealC/StealC__244__sess-dump_largest_session_rgb_stack.png,C:\Users\wwyl5\Project\malware\dataset\processed\dataset_rgb_stack_combined\StealC\StealC__244__sess-dump_largest_session_rgb_stack.png,StealC,3,StealC__244__sess-dump_largest_session_rgb_stack.png,.png,128,128,RGB,11519,51d551c7504d46ba256c1b26b965279a3c0413fa87517119c136640dd348ec58,train,3,3
StealC/StealC__245__sess-dump_largest_session_rgb_stack.png,C:\Users\wwyl5\Project\malware\dataset\processed\dataset_rgb_stack_combined\StealC\StealC__245__sess-dump_largest_session_rgb_stack.png,StealC,3,StealC__245__sess-dump_largest_session_rgb_stack.png,.png,128,128,RGB,12525,a60b9a0f88f7f3a7150ab993bff3ce7d3d40fd81ec9a47af8823c5d1ca79b5f7,train,3,2
StealC/StealC__246__sess-dump_largest_session_rgb_stack.png,C:\Users\wwyl5\Project\malware\dataset\processed\dataset_rgb_stack_combined\StealC\StealC__246__sess-dump_largest_session_rgb_stack.png,StealC,3,StealC__246__sess-dump_largest_session_rgb_stack.png,.png,128,128,RGB,11871,ddd79b48c6cb42777c1d37112dff5cf8e67cddfac0562711fe4b566c67fddee1,train,2,2
StealC/StealC__247__sess-dump_largest_session_rgb_stack.png,C:\Users\wwyl5\Project\malware\dataset\processed\dataset_rgb_stack_combined\StealC\StealC__247__sess-dump_largest_session_rgb_stack.png,StealC,3,StealC__247__sess-dump_largest_session_rgb_stack.png,.png,128,128,RGB,12496,093cef70c224f408cfe5b1227d2d268fdade54bbeb3b10b37e7cef904ce8c5b1,train,4,2
StealC/StealC__248__sess-dump_largest_session_rgb_stack.png,C:\Users\wwyl5\Project\malware\dataset\processed\dataset_rgb_stack_combined\StealC\StealC__248__sess-dump_largest_session_rgb_stack.png,StealC,3,StealC__248__sess-dump_largest_session_rgb_stack.png,.png,128,128,RGB,11639,ad8820ba1f18eac550679d1fa0d71a54fe211d55936082bd81bea7f6f86a674a,train,3,1
StealC/StealC__249__sess-dump_largest_session_rgb_stack.png,C:\Users\wwyl5\Project\malware\dataset\processed\dataset_rgb_stack_combined\StealC\StealC__249__sess-dump_largest_session_rgb_stack.png,StealC,3,StealC__249__sess-dump_largest_session_rgb_stack.png,.png,128,128,RGB,12260,a77494aff574fb7fbea8c3a8df1c1f6823f7707d95d307c7d2bdb4fba41f2b42,train,4,3
StealC/StealC__250__sess-dump_largest_session_rgb_stack.png,C:\Users\wwyl5\Project\malware\dataset\processed\dataset_rgb_stack_combined\StealC\StealC__250__sess-dump_largest_session_rgb_stack.png,StealC,3,StealC__250__sess-dump_largest_session_rgb_stack.png,.png,128,128,RGB,12182,24c34be1d6afddb9d5b36c8855b2d4a22cd23b71fece90ead4babf87db195949,train,1,2
StealC/StealC__251__sess-dump_largest_session_rgb_stack.png,C:\Users\wwyl5\Project\malware\dataset\processed\dataset_rgb_stack_combined\StealC\StealC__251__sess-dump_largest_session_rgb_stack.png,StealC,3,StealC__251__sess-dump_largest_session_rgb_stack.png,.png,128,128,RGB,13528,b60adfc72f19d6b5c376cebf9d1c885b8a3f445fb309da2af005648a101e945c,train,2,2
StealC/StealC__252__sess-dump_largest_session_rgb_stack.png,C:\Users\wwyl5\Project\malware\dataset\processed\dataset_rgb_stack_combined\StealC\StealC__252__sess-dump_largest_session_rgb_stack.png,StealC,3,StealC__252__sess-dump_largest_session_rgb_stack.png,.png,128,128,RGB,12062,222c2d7b364dc441dee4c964193ad34b34913e12406fc8f8fb220ec809852c8b,test,-1,-1
StealC/StealC__253__sess-dump_largest_session_rgb_stack.png,C:\Users\wwyl5\Project\malware\dataset\processed\dataset_rgb_stack_combined\StealC\StealC__253__sess-dump_largest_session_rgb_stack.png,StealC,3,StealC__253__sess-dump_largest_session_rgb_stack.png,.png,128,128,RGB,12224,fcdf766ea4dc289a0b014908491806e23616b29f1f7829412487129fed5abfb4,train,0,3
StealC/StealC__255__sess-dump_largest_session_rgb_stack.png,C:\Users\wwyl5\Project\malware\dataset\processed\dataset_rgb_stack_combined\StealC\StealC__255__sess-dump_largest_session_rgb_stack.png,StealC,3,StealC__255__sess-dump_largest_session_rgb_stack.png,.png,128,128,RGB,11941,f437c20192d146e73a6871b9cd04a84142a040f192bb1cf9301d7636e656582c,val,-1,-1
StealC/StealC__256__sess-dump_largest_session_rgb_stack.png,C:\Users\wwyl5\Project\malware\dataset\processed\dataset_rgb_stack_combined\StealC\StealC__256__sess-dump_largest_session_rgb_stack.png,StealC,3,StealC__256__sess-dump_largest_session_rgb_stack.png,.png,128,128,RGB,12867,72882ee86af44180732211c5bf207e59c4ae1ece2c895e561c8204eeab3b4d4e,train,1,3
StealC/StealC__257__sess-dump_largest_session_rgb_stack.png,C:\Users\wwyl5\Project\malware\dataset\processed\dataset_rgb_stack_combined\StealC\StealC__257__sess-dump_largest_session_rgb_stack.png,StealC,3,StealC__257__sess-dump_largest_session_rgb_stack.png,.png,128,128,RGB,12299,18a3681ba228d3a45755d1e724f8c55f3d511e641d965bc65a45343cb63bc854,val,-1,-1
StealC/StealC__258__sess-dump_largest_session_rgb_stack.png,C:\Users\wwyl5\Project\malware\dataset\processed\dataset_rgb_stack_combined\StealC\StealC__258__sess-dump_largest_session_rgb_stack.png,StealC,3,StealC__258__sess-dump_largest_session_rgb_stack.png,.png,128,128,RGB,11309,5faeebd81ba3dea02a7e9ae4f507715b43dd4f8effb8b78649641c4a6db3a238,test,-1,-1
StealC/StealC__259__sess-dump_largest_session_rgb_stack.png,C:\Users\wwyl5\Project\malware\dataset\processed\dataset_rgb_stack_combined\StealC\StealC__259__sess-dump_largest_session_rgb_stack.png,StealC,3,StealC__259__sess-dump_largest_session_rgb_stack.png,.png,128,128,RGB,12191,f7f0ac1622f23da672f5cb9aaa3653e10a7d89dfa90af8a449fb1090e1f35ecf,train,2,2
StealC/StealC__260__sess-dump_largest_session_rgb_stack.png,C:\Users\wwyl5\Project\malware\dataset\processed\dataset_rgb_stack_combined\StealC\StealC__260__sess-dump_largest_session_rgb_stack.png,StealC,3,StealC__260__sess-dump_largest_session_rgb_stack.png,.png,128,128,RGB,12328,b66cfd55e27c190db10d3701a3e0ad894438125942259ac7aac28dbc53e830ca,train,2,3
StealC/StealC__261__sess-dump_largest_session_rgb_stack.png,C:\Users\wwyl5\Project\malware\dataset\processed\dataset_rgb_stack_combined\StealC\StealC__261__sess-dump_largest_session_rgb_stack.png,StealC,3,StealC__261__sess-dump_largest_session_rgb_stack.png,.png,128,128,RGB,12591,3550190187f5ce5315bb28e5af93d84f4ccabd5f3e819e210a015a12521ea5d5,train,2,2
StealC/StealC__262__sess-dump_largest_session_rgb_stack.png,C:\Users\wwyl5\Project\malware\dataset\processed\dataset_rgb_stack_combined\StealC\StealC__262__sess-dump_largest_session_rgb_stack.png,StealC,3,StealC__262__sess-dump_largest_session_rgb_stack.png,.png,128,128,RGB,12191,ec6c8bc002cedf9ff9f0450628c324e354bfb08b435a0c14485e295123d822b6,val,-1,-1
StealC/StealC__383__sess-dump_largest_session_rgb_stack.png,C:\Users\wwyl5\Project\malware\dataset\processed\dataset_rgb_stack_combined\StealC\StealC__383__sess-dump_largest_session_rgb_stack.png,StealC,3,StealC__383__sess-dump_largest_session_rgb_stack.png,.png,128,128,RGB,12460,f3981791cf8d7e9dbb99052d99fca3dd98b00e22c8e62f2b3d325c7e85d19522,train,1,3
Vidar/Vidar__100__sess-dump_largest_session_rgb_stack.png,C:\Users\wwyl5\Project\malware\dataset\processed\dataset_rgb_stack_combined\Vidar\Vidar__100__sess-dump_largest_session_rgb_stack.png,Vidar,4,Vidar__100__sess-dump_largest_session_rgb_stack.png,.png,128,128,RGB,12218,06f69ce85feda0e882e45d5c4ca338dc05376404c7110b1c1dd17c95fcea0942,val,-1,-1
Vidar/Vidar__101__sess-dump_largest_session_rgb_stack.png,C:\Users\wwyl5\Project\malware\dataset\processed\dataset_rgb_stack_combined\Vidar\Vidar__101__sess-dump_largest_session_rgb_stack.png,Vidar,4,Vidar__101__sess-dump_largest_session_rgb_stack.png,.png,128,128,RGB,11007,51353a96f336154e3156138ccc578a89c1f99f3d3ef1ef637a10b31b7630d463,train,4,2
Vidar/Vidar__102__sess-dump_largest_session_rgb_stack.png,C:\Users\wwyl5\Project\malware\dataset\processed\dataset_rgb_stack_combined\Vidar\Vidar__102__sess-dump_largest_session_rgb_stack.png,Vidar,4,Vidar__102__sess-dump_largest_session_rgb_stack.png,.png,128,128,RGB,10788,757e1a32b797632a8c60a9013bd10c44e046f167b07a690c5d7b18c1a0063f52,val,-1,-1
Vidar/Vidar__104__sess-dump_largest_session_rgb_stack.png,C:\Users\wwyl5\Project\malware\dataset\processed\dataset_rgb_stack_combined\Vidar\Vidar__104__sess-dump_largest_session_rgb_stack.png,Vidar,4,Vidar__104__sess-dump_largest_session_rgb_stack.png,.png,128,128,RGB,11102,789df60ea90a6e57f3634e3055051766bedb787cc6144c4179a88f12387f75b4,train,1,3
Vidar/Vidar__105__sess-dump_largest_session_rgb_stack.png,C:\Users\wwyl5\Project\malware\dataset\processed\dataset_rgb_stack_combined\Vidar\Vidar__105__sess-dump_largest_session_rgb_stack.png,Vidar,4,Vidar__105__sess-dump_largest_session_rgb_stack.png,.png,128,128,RGB,18320,2a7725d0c01923daf2d1eda9d1e76c791d814a0ce9c4e462558147d9be65d5a4,test,-1,-1
Vidar/Vidar__106__sess-dump_largest_session_rgb_stack.png,C:\Users\wwyl5\Project\malware\dataset\processed\dataset_rgb_stack_combined\Vidar\Vidar__106__sess-dump_largest_session_rgb_stack.png,Vidar,4,Vidar__106__sess-dump_largest_session_rgb_stack.png,.png,128,128,RGB,18293,7b1b570b7eb7ed9b9f15f65f3a3b5259151b7afd09396d82a50b3b95e4e9414a,train,1,3
Vidar/Vidar__10__sess-dump_largest_session_rgb_stack.png,C:\Users\wwyl5\Project\malware\dataset\processed\dataset_rgb_stack_combined\Vidar\Vidar__10__sess-dump_largest_session_rgb_stack.png,Vidar,4,Vidar__10__sess-dump_largest_session_rgb_stack.png,.png,128,128,RGB,10293,de086b32aca05f8154d088c38ab41d0ae4499f02fe4d40e533111ca30bd40205,train,0,2
Vidar/Vidar__11__sess-dump_largest_session_rgb_stack.png,C:\Users\wwyl5\Project\malware\dataset\processed\dataset_rgb_stack_combined\Vidar\Vidar__11__sess-dump_largest_session_rgb_stack.png,Vidar,4,Vidar__11__sess-dump_largest_session_rgb_stack.png,.png,128,128,RGB,9926,4fccb680b9c3afbc5c9f83ea8efc6dbfc244a0ac5f5ad57f35f2958f00bd16fa,test,-1,-1
Vidar/Vidar__12__sess-dump_largest_session_rgb_stack.png,C:\Users\wwyl5\Project\malware\dataset\processed\dataset_rgb_stack_combined\Vidar\Vidar__12__sess-dump_largest_session_rgb_stack.png,Vidar,4,Vidar__12__sess-dump_largest_session_rgb_stack.png,.png,128,128,RGB,9940,454c305b5171d35df15eedd81027786363358439e002857ad68e53910432c6a5,train,3,3
Vidar/Vidar__13__sess-dump_largest_session_rgb_stack.png,C:\Users\wwyl5\Project\malware\dataset\processed\dataset_rgb_stack_combined\Vidar\Vidar__13__sess-dump_largest_session_rgb_stack.png,Vidar,4,Vidar__13__sess-dump_largest_session_rgb_stack.png,.png,128,128,RGB,17859,244ff18abfdb5f8d6d32625b20522c1e0ca3030dd7426a46f8dd88fd7ed7a1df,train,4,3
Vidar/Vidar__15__sess-dump_largest_session_rgb_stack.png,C:\Users\wwyl5\Project\malware\dataset\processed\dataset_rgb_stack_combined\Vidar\Vidar__15__sess-dump_largest_session_rgb_stack.png,Vidar,4,Vidar__15__sess-dump_largest_session_rgb_stack.png,.png,128,128,RGB,11026,5452c554b5094c8c5ddc5a7941f61114b800a604b1a351c5f54b4fa92f68a92e,train,3,0
Vidar/Vidar__16__sess-dump_largest_session_rgb_stack.png,C:\Users\wwyl5\Project\malware\dataset\processed\dataset_rgb_stack_combined\Vidar\Vidar__16__sess-dump_largest_session_rgb_stack.png,Vidar,4,Vidar__16__sess-dump_largest_session_rgb_stack.png,.png,128,128,RGB,22810,6d15b046e9d9ce0f78419e2e3e798b9240cbf1743df032b0ebbd274b2ccebcfc,val,-1,-1
Vidar/Vidar__17__sess-dump_largest_session_rgb_stack.png,C:\Users\wwyl5\Project\malware\dataset\processed\dataset_rgb_stack_combined\Vidar\Vidar__17__sess-dump_largest_session_rgb_stack.png,Vidar,4,Vidar__17__sess-dump_largest_session_rgb_stack.png,.png,128,128,RGB,10234,e68402c9d454d9b3163ea0f57dedde6a23e1ed5279fdcdea4e553bb378ea532c,train,2,0
Vidar/Vidar__18__sess-dump_largest_session_rgb_stack.png,C:\Users\wwyl5\Project\malware\dataset\processed\dataset_rgb_stack_combined\Vidar\Vidar__18__sess-dump_largest_session_rgb_stack.png,Vidar,4,Vidar__18__sess-dump_largest_session_rgb_stack.png,.png,128,128,RGB,10980,9fef211a5552f78a988452df93b35855d52aa9fb7b5975a342bf3feb005da53a,train,1,4
Vidar/Vidar__19__sess-dump_largest_session_rgb_stack.png,C:\Users\wwyl5\Project\malware\dataset\processed\dataset_rgb_stack_combined\Vidar\Vidar__19__sess-dump_largest_session_rgb_stack.png,Vidar,4,Vidar__19__sess-dump_largest_session_rgb_stack.png,.png,128,128,RGB,22420,3e0992fe2fd4b97c10a35fb041312b8e64f2bdb163279d7bd75d2bf6dd3d8b6b,train,3,3
Vidar/Vidar__1__sess-dump_largest_session_rgb_stack.png,C:\Users\wwyl5\Project\malware\dataset\processed\dataset_rgb_stack_combined\Vidar\Vidar__1__sess-dump_largest_session_rgb_stack.png,Vidar,4,Vidar__1__sess-dump_largest_session_rgb_stack.png,.png,128,128,RGB,10672,51363e6ebd73a82bd3d95265d909e0b2d0c2879f77dc0b390a5836fb29548455,train,3,3
Vidar/Vidar__20__sess-dump_largest_session_rgb_stack.png,C:\Users\wwyl5\Project\malware\dataset\processed\dataset_rgb_stack_combined\Vidar\Vidar__20__sess-dump_largest_session_rgb_stack.png,Vidar,4,Vidar__20__sess-dump_largest_session_rgb_stack.png,.png,128,128,RGB,18089,4b36d686ac43afb96743280a30b39dbf3b6e98e628f0fe96ac9ddf6fe5d96ebe,train,0,0
Vidar/Vidar__21__sess-dump_largest_session_rgb_stack.png,C:\Users\wwyl5\Project\malware\dataset\processed\dataset_rgb_stack_combined\Vidar\Vidar__21__sess-dump_largest_session_rgb_stack.png,Vidar,4,Vidar__21__sess-dump_largest_session_rgb_stack.png,.png,128,128,RGB,10181,297fd94dacdb49f9c6c2cb2f9ef93edfca6da6494de70ad457c8444a604ca227,train,1,3
Vidar/Vidar__22__sess-dump_largest_session_rgb_stack.png,C:\Users\wwyl5\Project\malware\dataset\processed\dataset_rgb_stack_combined\Vidar\Vidar__22__sess-dump_largest_session_rgb_stack.png,Vidar,4,Vidar__22__sess-dump_largest_session_rgb_stack.png,.png,128,128,RGB,10261,7cd8149340a8a0912fa51e22dbf75e34a4fa97c82b235f72c2f00fcd7d039d8a,train,1,3
Vidar/Vidar__23__sess-dump_largest_session_rgb_stack.png,C:\Users\wwyl5\Project\malware\dataset\processed\dataset_rgb_stack_combined\Vidar\Vidar__23__sess-dump_largest_session_rgb_stack.png,Vidar,4,Vidar__23__sess-dump_largest_session_rgb_stack.png,.png,128,128,RGB,10180,39e19413f1ea8fd4b27856558bf1c374a2c2b78da7f3b124bb701ee6cdfab960,test,-1,-1
Vidar/Vidar__24__sess-dump_largest_session_rgb_stack.png,C:\Users\wwyl5\Project\malware\dataset\processed\dataset_rgb_stack_combined\Vidar\Vidar__24__sess-dump_largest_session_rgb_stack.png,Vidar,4,Vidar__24__sess-dump_largest_session_rgb_stack.png,.png,128,128,RGB,10265,7d780f0003e0ca4426c548f7d48514c1c241d75ea48bd73e3874b52802b73bb1,val,-1,-1
Vidar/Vidar__25__sess-dump_largest_session_rgb_stack.png,C:\Users\wwyl5\Project\malware\dataset\processed\dataset_rgb_stack_combined\Vidar\Vidar__25__sess-dump_largest_session_rgb_stack.png,Vidar,4,Vidar__25__sess-dump_largest_session_rgb_stack.png,.png,128,128,RGB,9922,59aee3f7842838175c73b6a2288ca5f9b8d3d7e55b9bf94f171512d9421a3b6d,train,4,2
Vidar/Vidar__27__sess-dump_largest_session_rgb_stack.png,C:\Users\wwyl5\Project\malware\dataset\processed\dataset_rgb_stack_combined\Vidar\Vidar__27__sess-dump_largest_session_rgb_stack.png,Vidar,4,Vidar__27__sess-dump_largest_session_rgb_stack.png,.png,128,128,RGB,11123,eaaa554b926fa5e3d1cc1ff7275a95bdab518d1957577b1e03d028de35bff308,train,4,0
Vidar/Vidar__28__sess-dump_largest_session_rgb_stack.png,C:\Users\wwyl5\Project\malware\dataset\processed\dataset_rgb_stack_combined\Vidar\Vidar__28__sess-dump_largest_session_rgb_stack.png,Vidar,4,Vidar__28__sess-dump_largest_session_rgb_stack.png,.png,128,128,RGB,12872,ca51eb9fb1446fa5653aa35830f2f57d321fa797a5f0b009560c7699ebc37bb8,train,4,4
Vidar/Vidar__29__sess-dump_largest_session_rgb_stack.png,C:\Users\wwyl5\Project\malware\dataset\processed\dataset_rgb_stack_combined\Vidar\Vidar__29__sess-dump_largest_session_rgb_stack.png,Vidar,4,Vidar__29__sess-dump_largest_session_rgb_stack.png,.png,128,128,RGB,20125,0a1928a2325fcb21fcfd2c39efd2b1d0fd85a58327fb66e33f37c43627f7949c,train,2,3
Vidar/Vidar__2__sess-dump_largest_session_rgb_stack.png,C:\Users\wwyl5\Project\malware\dataset\processed\dataset_rgb_stack_combined\Vidar\Vidar__2__sess-dump_largest_session_rgb_stack.png,Vidar,4,Vidar__2__sess-dump_largest_session_rgb_stack.png,.png,128,128,RGB,11371,7c7365b6243321813110aa7e6d0411b8994093ab02996b54df8a670ccaf90692,train,0,3
Vidar/Vidar__30__sess-dump_largest_session_rgb_stack.png,C:\Users\wwyl5\Project\malware\dataset\processed\dataset_rgb_stack_combined\Vidar\Vidar__30__sess-dump_largest_session_rgb_stack.png,Vidar,4,Vidar__30__sess-dump_largest_session_rgb_stack.png,.png,128,128,RGB,20705,46b932e25c71f280603b027792b1ddb9e831ed1ce4d546b4f1de6517f9fe7d5c,test,-1,-1
Vidar/Vidar__31__sess-dump_largest_session_rgb_stack.png,C:\Users\wwyl5\Project\malware\dataset\processed\dataset_rgb_stack_combined\Vidar\Vidar__31__sess-dump_largest_session_rgb_stack.png,Vidar,4,Vidar__31__sess-dump_largest_session_rgb_stack.png,.png,128,128,RGB,10881,33f5f47d8f35a1ef7d036045488e29caf093515d715b97fce4c17cf40be38f5d,train,2,0
Vidar/Vidar__32__sess-dump_largest_session_rgb_stack.png,C:\Users\wwyl5\Project\malware\dataset\processed\dataset_rgb_stack_combined\Vidar\Vidar__32__sess-dump_largest_session_rgb_stack.png,Vidar,4,Vidar__32__sess-dump_largest_session_rgb_stack.png,.png,128,128,RGB,20073,ada4e52df4267ca3be387dd9b1d9bf1d97e70b2a6d98584cc90fafabf72b0b93,train,1,3
Vidar/Vidar__33__sess-dump_largest_session_rgb_stack.png,C:\Users\wwyl5\Project\malware\dataset\processed\dataset_rgb_stack_combined\Vidar\Vidar__33__sess-dump_largest_session_rgb_stack.png,Vidar,4,Vidar__33__sess-dump_largest_session_rgb_stack.png,.png,128,128,RGB,17910,228aa3f137b3859c17d18b14377b41eba9f87ad9a04cc4064fb948d04dd5df09,train,3,2
Vidar/Vidar__34__sess-dump_largest_session_rgb_stack.png,C:\Users\wwyl5\Project\malware\dataset\processed\dataset_rgb_stack_combined\Vidar\Vidar__34__sess-dump_largest_session_rgb_stack.png,Vidar,4,Vidar__34__sess-dump_largest_session_rgb_stack.png,.png,128,128,RGB,10110,af640c318196bfde29e594baeac6a72f28edcf8b3848497b45862e8b2364cb44,train,4,3
Vidar/Vidar__35__sess-dump_largest_session_rgb_stack.png,C:\Users\wwyl5\Project\malware\dataset\processed\dataset_rgb_stack_combined\Vidar\Vidar__35__sess-dump_largest_session_rgb_stack.png,Vidar,4,Vidar__35__sess-dump_largest_session_rgb_stack.png,.png,128,128,RGB,18086,c73478e282cd3db912cb0216b60b8d81f6d33ec0faf3fd15f9d119f79ea5bc73,train,1,2
Vidar/Vidar__36__sess-dump_largest_session_rgb_stack.png,C:\Users\wwyl5\Project\malware\dataset\processed\dataset_rgb_stack_combined\Vidar\Vidar__36__sess-dump_largest_session_rgb_stack.png,Vidar,4,Vidar__36__sess-dump_largest_session_rgb_stack.png,.png,128,128,RGB,20183,d1c082b7f3ada976b4dd53f774b530cbe5b9989e896b50970700513871a7aaa9,train,0,3
Vidar/Vidar__379__sess-dump_largest_session_rgb_stack.png,C:\Users\wwyl5\Project\malware\dataset\processed\dataset_rgb_stack_combined\Vidar\Vidar__379__sess-dump_largest_session_rgb_stack.png,Vidar,4,Vidar__379__sess-dump_largest_session_rgb_stack.png,.png,128,128,RGB,12065,14fab7e6183dd52e458d775f7695ff69f7a76565bce7e4c4f1df3080cf3bb8cd,train,1,3
Vidar/Vidar__37__sess-dump_largest_session_rgb_stack.png,C:\Users\wwyl5\Project\malware\dataset\processed\dataset_rgb_stack_combined\Vidar\Vidar__37__sess-dump_largest_session_rgb_stack.png,Vidar,4,Vidar__37__sess-dump_largest_session_rgb_stack.png,.png,128,128,RGB,18110,5019c69b1a0b2e4aa90c406be85ad1f67b4c3a0c9b39d45500210ee5610b64d4,val,-1,-1
Vidar/Vidar__380__sess-dump_largest_session_rgb_stack.png,C:\Users\wwyl5\Project\malware\dataset\processed\dataset_rgb_stack_combined\Vidar\Vidar__380__sess-dump_largest_session_rgb_stack.png,Vidar,4,Vidar__380__sess-dump_largest_session_rgb_stack.png,.png,128,128,RGB,12695,c65e0505bd228a44da0516b74944e234cef4073b7be6e48aae2d90af7c62c04e,train,0,3
Vidar/Vidar__381__sess-dump_largest_session_rgb_stack.png,C:\Users\wwyl5\Project\malware\dataset\processed\dataset_rgb_stack_combined\Vidar\Vidar__381__sess-dump_largest_session_rgb_stack.png,Vidar,4,Vidar__381__sess-dump_largest_session_rgb_stack.png,.png,128,128,RGB,13162,140f32df876abf6593f8a551628fe0c917d52afce616d3d6647d57dd92f920a5,train,3,0
Vidar/Vidar__382__sess-dump_largest_session_rgb_stack.png,C:\Users\wwyl5\Project\malware\dataset\processed\dataset_rgb_stack_combined\Vidar\Vidar__382__sess-dump_largest_session_rgb_stack.png,Vidar,4,Vidar__382__sess-dump_largest_session_rgb_stack.png,.png,128,128,RGB,13140,2a29a2b1fc53f36c2b472d974a40a4861a7c0f6544c45640db2e800877212a53,val,-1,-1
Vidar/Vidar__38__sess-dump_largest_session_rgb_stack.png,C:\Users\wwyl5\Project\malware\dataset\processed\dataset_rgb_stack_combined\Vidar\Vidar__38__sess-dump_largest_session_rgb_stack.png,Vidar,4,Vidar__38__sess-dump_largest_session_rgb_stack.png,.png,128,128,RGB,17909,67c4f781b07b0fc5d5ac581825e9637dc9521f5aaece36f39026fb451d2a0a32,train,2,3
Vidar/Vidar__39__sess-dump_largest_session_rgb_stack.png,C:\Users\wwyl5\Project\malware\dataset\processed\dataset_rgb_stack_combined\Vidar\Vidar__39__sess-dump_largest_session_rgb_stack.png,Vidar,4,Vidar__39__sess-dump_largest_session_rgb_stack.png,.png,128,128,RGB,9953,9ec8f868cb7be8c4b9a88de3e4428568d084aac2118095ac135b07b69031af00,val,-1,-1
Vidar/Vidar__3__sess-dump_largest_session_rgb_stack.png,C:\Users\wwyl5\Project\malware\dataset\processed\dataset_rgb_stack_combined\Vidar\Vidar__3__sess-dump_largest_session_rgb_stack.png,Vidar,4,Vidar__3__sess-dump_largest_session_rgb_stack.png,.png,128,128,RGB,20127,cc249754c24ade2b576646743265ae4515675efd9b4b1d08e4cb9c4aa2611319,train,4,0
Vidar/Vidar__40__sess-dump_largest_session_rgb_stack.png,C:\Users\wwyl5\Project\malware\dataset\processed\dataset_rgb_stack_combined\Vidar\Vidar__40__sess-dump_largest_session_rgb_stack.png,Vidar,4,Vidar__40__sess-dump_largest_session_rgb_stack.png,.png,128,128,RGB,17856,500baec19f4017e9ee246f15dbedd0f578cfaeaa3428a77082051139717ec7d1,test,-1,-1
Vidar/Vidar__41__sess-dump_largest_session_rgb_stack.png,C:\Users\wwyl5\Project\malware\dataset\processed\dataset_rgb_stack_combined\Vidar\Vidar__41__sess-dump_largest_session_rgb_stack.png,Vidar,4,Vidar__41__sess-dump_largest_session_rgb_stack.png,.png,128,128,RGB,20025,11f3ce69ea258ef17f59ee3188952e738aa88ae92af98ac1b4e77f55cf96a4f3,train,0,3
Vidar/Vidar__42__sess-dump_largest_session_rgb_stack.png,C:\Users\wwyl5\Project\malware\dataset\processed\dataset_rgb_stack_combined\Vidar\Vidar__42__sess-dump_largest_session_rgb_stack.png,Vidar,4,Vidar__42__sess-dump_largest_session_rgb_stack.png,.png,128,128,RGB,17864,e5cda7dee355da157e1709b48933be3a72fbef5767730493f0578f92c33032b1,train,1,3
Vidar/Vidar__43__sess-dump_largest_session_rgb_stack.png,C:\Users\wwyl5\Project\malware\dataset\processed\dataset_rgb_stack_combined\Vidar\Vidar__43__sess-dump_largest_session_rgb_stack.png,Vidar,4,Vidar__43__sess-dump_largest_session_rgb_stack.png,.png,128,128,RGB,17856,500baec19f4017e9ee246f15dbedd0f578cfaeaa3428a77082051139717ec7d1,train,3,0
Vidar/Vidar__44__sess-dump_largest_session_rgb_stack.png,C:\Users\wwyl5\Project\malware\dataset\processed\dataset_rgb_stack_combined\Vidar\Vidar__44__sess-dump_largest_session_rgb_stack.png,Vidar,4,Vidar__44__sess-dump_largest_session_rgb_stack.png,.png,128,128,RGB,12184,bfa3b27cb2f9df057c2a8d51c96fae00a192184506a6970940a5e92bbde80855,train,4,3
Vidar/Vidar__45__sess-dump_largest_session_rgb_stack.png,C:\Users\wwyl5\Project\malware\dataset\processed\dataset_rgb_stack_combined\Vidar\Vidar__45__sess-dump_largest_session_rgb_stack.png,Vidar,4,Vidar__45__sess-dump_largest_session_rgb_stack.png,.png,128,128,RGB,12846,fe44b073c3d60946edc523ca3ec0035eb5c295e71d60dde3cf05d42a26205c49,train,2,3
Vidar/Vidar__46__sess-dump_largest_session_rgb_stack.png,C:\Users\wwyl5\Project\malware\dataset\processed\dataset_rgb_stack_combined\Vidar\Vidar__46__sess-dump_largest_session_rgb_stack.png,Vidar,4,Vidar__46__sess-dump_largest_session_rgb_stack.png,.png,128,128,RGB,12983,e9e1e00558e0a099181cf515574730d44436750cdd1ce1535f61c09d0516d7d7,train,4,3
Vidar/Vidar__47__sess-dump_largest_session_rgb_stack.png,C:\Users\wwyl5\Project\malware\dataset\processed\dataset_rgb_stack_combined\Vidar\Vidar__47__sess-dump_largest_session_rgb_stack.png,Vidar,4,Vidar__47__sess-dump_largest_session_rgb_stack.png,.png,128,128,RGB,13115,9196d368ea5758fc91a02990cb93e48b9b64f63b2e401218118d00a65f86ca57,train,1,3
Vidar/Vidar__48__sess-dump_largest_session_rgb_stack.png,C:\Users\wwyl5\Project\malware\dataset\processed\dataset_rgb_stack_combined\Vidar\Vidar__48__sess-dump_largest_session_rgb_stack.png,Vidar,4,Vidar__48__sess-dump_largest_session_rgb_stack.png,.png,128,128,RGB,24428,23248512df7b73947f3079d51b90d2fc77a0b9b7b1790e55c5267e4c16a3e6d5,train,0,3
Vidar/Vidar__49__sess-dump_largest_session_rgb_stack.png,C:\Users\wwyl5\Project\malware\dataset\processed\dataset_rgb_stack_combined\Vidar\Vidar__49__sess-dump_largest_session_rgb_stack.png,Vidar,4,Vidar__49__sess-dump_largest_session_rgb_stack.png,.png,128,128,RGB,22855,91f69928a9d134079e553b6be22df4e5d47fe4cc1e2be11a5cee69623ccc134e,test,-1,-1
Vidar/Vidar__4__sess-dump_largest_session_rgb_stack.png,C:\Users\wwyl5\Project\malware\dataset\processed\dataset_rgb_stack_combined\Vidar\Vidar__4__sess-dump_largest_session_rgb_stack.png,Vidar,4,Vidar__4__sess-dump_largest_session_rgb_stack.png,.png,128,128,RGB,10279,dc91cc6eaace0b3ef2de2e2922bfc9efe12c1fd23288d471230bc5979638c2c3,train,0,2
Vidar/Vidar__50__sess-dump_largest_session_rgb_stack.png,C:\Users\wwyl5\Project\malware\dataset\processed\dataset_rgb_stack_combined\Vidar\Vidar__50__sess-dump_largest_session_rgb_stack.png,Vidar,4,Vidar__50__sess-dump_largest_session_rgb_stack.png,.png,128,128,RGB,22617,539c8b1b46d4a908f1635094de6df4bf54f4760b261f36693b55bee04cc0d8e7,test,-1,-1
Vidar/Vidar__51__sess-dump_largest_session_rgb_stack.png,C:\Users\wwyl5\Project\malware\dataset\processed\dataset_rgb_stack_combined\Vidar\Vidar__51__sess-dump_largest_session_rgb_stack.png,Vidar,4,Vidar__51__sess-dump_largest_session_rgb_stack.png,.png,128,128,RGB,21913,7d49f73fe803b4fa0388a3da0e6c5f10b9b9f5fb3ed98d6f41d7d7b1280aaa89,train,3,2
Vidar/Vidar__52__sess-dump_largest_session_rgb_stack.png,C:\Users\wwyl5\Project\malware\dataset\processed\dataset_rgb_stack_combined\Vidar\Vidar__52__sess-dump_largest_session_rgb_stack.png,Vidar,4,Vidar__52__sess-dump_largest_session_rgb_stack.png,.png,128,128,RGB,13249,6dfaee84a9df30522f4a7889f4c79aeadf39be4a3040b497fa5a38035eaec688,train,4,3
Vidar/Vidar__53__sess-dump_largest_session_rgb_stack.png,C:\Users\wwyl5\Project\malware\dataset\processed\dataset_rgb_stack_combined\Vidar\Vidar__53__sess-dump_largest_session_rgb_stack.png,Vidar,4,Vidar__53__sess-dump_largest_session_rgb_stack.png,.png,128,128,RGB,22980,5838a163c60ef2d6c95b8af0da310d231d166fa08b5d9aef26a1332b74bb5782,train,2,2
Vidar/Vidar__54__sess-dump_largest_session_rgb_stack.png,C:\Users\wwyl5\Project\malware\dataset\processed\dataset_rgb_stack_combined\Vidar\Vidar__54__sess-dump_largest_session_rgb_stack.png,Vidar,4,Vidar__54__sess-dump_largest_session_rgb_stack.png,.png,128,128,RGB,22807,74c54db303b20b3f81194151943811de7c0307bee17a126d85127652eff40528,test,-1,-1
Vidar/Vidar__55__sess-dump_largest_session_rgb_stack.png,C:\Users\wwyl5\Project\malware\dataset\processed\dataset_rgb_stack_combined\Vidar\Vidar__55__sess-dump_largest_session_rgb_stack.png,Vidar,4,Vidar__55__sess-dump_largest_session_rgb_stack.png,.png,128,128,RGB,22186,e4fa28da318a84988cb84790dd804b1a71ad1fb21ea06f8af0e5dfe55281f2fc,val,-1,-1
Vidar/Vidar__56__sess-dump_largest_session_rgb_stack.png,C:\Users\wwyl5\Project\malware\dataset\processed\dataset_rgb_stack_combined\Vidar\Vidar__56__sess-dump_largest_session_rgb_stack.png,Vidar,4,Vidar__56__sess-dump_largest_session_rgb_stack.png,.png,128,128,RGB,12661,0f582f28184b938daca247187fe7d6bbffefb979d53a89c68139722a9c2c26f1,test,-1,-1
Vidar/Vidar__57__sess-dump_largest_session_rgb_stack.png,C:\Users\wwyl5\Project\malware\dataset\processed\dataset_rgb_stack_combined\Vidar\Vidar__57__sess-dump_largest_session_rgb_stack.png,Vidar,4,Vidar__57__sess-dump_largest_session_rgb_stack.png,.png,128,128,RGB,12712,dcb20679a729ab9458a3ae504884b4c521725429407353bc82b1d8183b723acf,train,3,3
Vidar/Vidar__58__sess-dump_largest_session_rgb_stack.png,C:\Users\wwyl5\Project\malware\dataset\processed\dataset_rgb_stack_combined\Vidar\Vidar__58__sess-dump_largest_session_rgb_stack.png,Vidar,4,Vidar__58__sess-dump_largest_session_rgb_stack.png,.png,128,128,RGB,12969,36888b803db538d8d2654d2aed8666596170f89834e7c8b4b30feea7b6dbed9c,train,4,3
Vidar/Vidar__59__sess-dump_largest_session_rgb_stack.png,C:\Users\wwyl5\Project\malware\dataset\processed\dataset_rgb_stack_combined\Vidar\Vidar__59__sess-dump_largest_session_rgb_stack.png,Vidar,4,Vidar__59__sess-dump_largest_session_rgb_stack.png,.png,128,128,RGB,12745,8b431029d87843e62f052cdf9bbac0b1bd52809e813feb0c2325b4d3a71c3d7d,train,4,4
Vidar/Vidar__5__sess-dump_largest_session_rgb_stack.png,C:\Users\wwyl5\Project\malware\dataset\processed\dataset_rgb_stack_combined\Vidar\Vidar__5__sess-dump_largest_session_rgb_stack.png,Vidar,4,Vidar__5__sess-dump_largest_session_rgb_stack.png,.png,128,128,RGB,10738,ab1fbfbec4f67fa491ff062efd56f7842ce8d6be3ae0d2e496fa998c70817615,train,1,2
Vidar/Vidar__60__sess-dump_largest_session_rgb_stack.png,C:\Users\wwyl5\Project\malware\dataset\processed\dataset_rgb_stack_combined\Vidar\Vidar__60__sess-dump_largest_session_rgb_stack.png,Vidar,4,Vidar__60__sess-dump_largest_session_rgb_stack.png,.png,128,128,RGB,11009,64400873bdcc9883173f405890953b4e21d397305215474fba67556f2e6ecfa8,val,-1,-1
Vidar/Vidar__61__sess-dump_largest_session_rgb_stack.png,C:\Users\wwyl5\Project\malware\dataset\processed\dataset_rgb_stack_combined\Vidar\Vidar__61__sess-dump_largest_session_rgb_stack.png,Vidar,4,Vidar__61__sess-dump_largest_session_rgb_stack.png,.png,128,128,RGB,11723,ad9a961e627b4e468292f9cdf13abc0b5529ca8f1e0d4a932aec635790d9b39e,train,0,1
Vidar/Vidar__62__sess-dump_largest_session_rgb_stack.png,C:\Users\wwyl5\Project\malware\dataset\processed\dataset_rgb_stack_combined\Vidar\Vidar__62__sess-dump_largest_session_rgb_stack.png,Vidar,4,Vidar__62__sess-dump_largest_session_rgb_stack.png,.png,128,128,RGB,24167,becfaefd056cadccf76f8007a04ff0b95a13913b4915d7ef852558110aa16cb1,train,2,3
Vidar/Vidar__63__sess-dump_largest_session_rgb_stack.png,C:\Users\wwyl5\Project\malware\dataset\processed\dataset_rgb_stack_combined\Vidar\Vidar__63__sess-dump_largest_session_rgb_stack.png,Vidar,4,Vidar__63__sess-dump_largest_session_rgb_stack.png,.png,128,128,RGB,13222,2ebfa636febbec24cbb0333d6ca37ec40282581dae0909e90d413838d6197515,train,2,3
Vidar/Vidar__64__sess-dump_largest_session_rgb_stack.png,C:\Users\wwyl5\Project\malware\dataset\processed\dataset_rgb_stack_combined\Vidar\Vidar__64__sess-dump_largest_session_rgb_stack.png,Vidar,4,Vidar__64__sess-dump_largest_session_rgb_stack.png,.png,128,128,RGB,16583,6bb25bd92c8548ebf128c81d4a40c86d87d35fa94f2bec29f18bcabab5aedaec,test,-1,-1
Vidar/Vidar__65__sess-dump_largest_session_rgb_stack.png,C:\Users\wwyl5\Project\malware\dataset\processed\dataset_rgb_stack_combined\Vidar\Vidar__65__sess-dump_largest_session_rgb_stack.png,Vidar,4,Vidar__65__sess-dump_largest_session_rgb_stack.png,.png,128,128,RGB,12961,6d0fc8a2a7da514336306c3fab34b450577f7b40c5405443075449560776a022,val,-1,-1
Vidar/Vidar__66__sess-dump_largest_session_rgb_stack.png,C:\Users\wwyl5\Project\malware\dataset\processed\dataset_rgb_stack_combined\Vidar\Vidar__66__sess-dump_largest_session_rgb_stack.png,Vidar,4,Vidar__66__sess-dump_largest_session_rgb_stack.png,.png,128,128,RGB,12326,039fc01ed5185b894c2852e55624d6912d959c657f4323d5b665f5b3caa15aae,test,-1,-1
Vidar/Vidar__67__sess-dump_largest_session_rgb_stack.png,C:\Users\wwyl5\Project\malware\dataset\processed\dataset_rgb_stack_combined\Vidar\Vidar__67__sess-dump_largest_session_rgb_stack.png,Vidar,4,Vidar__67__sess-dump_largest_session_rgb_stack.png,.png,128,128,RGB,13365,776009d0db8b168aa79594617c1961fb2db48a46cac98b55b600b4faf3ed0689,train,0,3
Vidar/Vidar__68__sess-dump_largest_session_rgb_stack.png,C:\Users\wwyl5\Project\malware\dataset\processed\dataset_rgb_stack_combined\Vidar\Vidar__68__sess-dump_largest_session_rgb_stack.png,Vidar,4,Vidar__68__sess-dump_largest_session_rgb_stack.png,.png,128,128,RGB,13436,65a2d5ac0146e05b1bd1fb6bf07187f580e5ab284b352b8ee4bd2880d7e77659,train,1,4
Vidar/Vidar__6__sess-dump_largest_session_rgb_stack.png,C:\Users\wwyl5\Project\malware\dataset\processed\dataset_rgb_stack_combined\Vidar\Vidar__6__sess-dump_largest_session_rgb_stack.png,Vidar,4,Vidar__6__sess-dump_largest_session_rgb_stack.png,.png,128,128,RGB,20080,abac7787520e1ce61806ec2cf45c914e96497d21f9f805c956b601d1e21670e7,val,-1,-1
Vidar/Vidar__70__sess-dump_largest_session_rgb_stack.png,C:\Users\wwyl5\Project\malware\dataset\processed\dataset_rgb_stack_combined\Vidar\Vidar__70__sess-dump_largest_session_rgb_stack.png,Vidar,4,Vidar__70__sess-dump_largest_session_rgb_stack.png,.png,128,128,RGB,10691,dd9a60886d49e2df9388ef8165cbd87f501f5f95289d8a09449c99e9fb8fd8d3,train,2,3
Vidar/Vidar__72__sess-dump_largest_session_rgb_stack.png,C:\Users\wwyl5\Project\malware\dataset\processed\dataset_rgb_stack_combined\Vidar\Vidar__72__sess-dump_largest_session_rgb_stack.png,Vidar,4,Vidar__72__sess-dump_largest_session_rgb_stack.png,.png,128,128,RGB,11879,cb9851c840aa12da4a594e47b0184e7746772f7a8df61d7425bb04aec85d55d6,val,-1,-1
Vidar/Vidar__73__sess-dump_largest_session_rgb_stack.png,C:\Users\wwyl5\Project\malware\dataset\processed\dataset_rgb_stack_combined\Vidar\Vidar__73__sess-dump_largest_session_rgb_stack.png,Vidar,4,Vidar__73__sess-dump_largest_session_rgb_stack.png,.png,128,128,RGB,13098,660d4139d1c2831376ccb668df6d8c85dd0d074c484a00675fd2bbe58a75b20c,train,2,2
Vidar/Vidar__74__sess-dump_largest_session_rgb_stack.png,C:\Users\wwyl5\Project\malware\dataset\processed\dataset_rgb_stack_combined\Vidar\Vidar__74__sess-dump_largest_session_rgb_stack.png,Vidar,4,Vidar__74__sess-dump_largest_session_rgb_stack.png,.png,128,128,RGB,12846,3b8e221a0073e59e930f8be5c61d74f56474802d5efac91d34495e8dff208d34,train,3,3
Vidar/Vidar__75__sess-dump_largest_session_rgb_stack.png,C:\Users\wwyl5\Project\malware\dataset\processed\dataset_rgb_stack_combined\Vidar\Vidar__75__sess-dump_largest_session_rgb_stack.png,Vidar,4,Vidar__75__sess-dump_largest_session_rgb_stack.png,.png,128,128,RGB,12837,61f9b67499f60bf6c3f0f54d27289c7978b6339ec82804ef44dd9b0115ff9ff0,train,3,3
Vidar/Vidar__76__sess-dump_largest_session_rgb_stack.png,C:\Users\wwyl5\Project\malware\dataset\processed\dataset_rgb_stack_combined\Vidar\Vidar__76__sess-dump_largest_session_rgb_stack.png,Vidar,4,Vidar__76__sess-dump_largest_session_rgb_stack.png,.png,128,128,RGB,9927,0533ddb601a7c967adcba8db1af6b5034fbc26e8bfdef871728a973cb9e501e1,train,3,0
Vidar/Vidar__77__sess-dump_largest_session_rgb_stack.png,C:\Users\wwyl5\Project\malware\dataset\processed\dataset_rgb_stack_combined\Vidar\Vidar__77__sess-dump_largest_session_rgb_stack.png,Vidar,4,Vidar__77__sess-dump_largest_session_rgb_stack.png,.png,128,128,RGB,9924,7e9fd38d99e3cfe417094de61209030ff69e8b2d272333b9ed08a2ce2dd8c933,train,2,3
Vidar/Vidar__78__sess-dump_largest_session_rgb_stack.png,C:\Users\wwyl5\Project\malware\dataset\processed\dataset_rgb_stack_combined\Vidar\Vidar__78__sess-dump_largest_session_rgb_stack.png,Vidar,4,Vidar__78__sess-dump_largest_session_rgb_stack.png,.png,128,128,RGB,10734,47d0435091f936e388ff2efa96dd7e632bf6fcb27c67dec55c49f19f35ce5650,val,-1,-1
Vidar/Vidar__79__sess-dump_largest_session_rgb_stack.png,C:\Users\wwyl5\Project\malware\dataset\processed\dataset_rgb_stack_combined\Vidar\Vidar__79__sess-dump_largest_session_rgb_stack.png,Vidar,4,Vidar__79__sess-dump_largest_session_rgb_stack.png,.png,128,128,RGB,10333,1b84c34f7e9102471c7a2b60ff8e2a9a8349e0aadde2a798789bb762b5c4d814,val,-1,-1
Vidar/Vidar__7__sess-dump_largest_session_rgb_stack.png,C:\Users\wwyl5\Project\malware\dataset\processed\dataset_rgb_stack_combined\Vidar\Vidar__7__sess-dump_largest_session_rgb_stack.png,Vidar,4,Vidar__7__sess-dump_largest_session_rgb_stack.png,.png,128,128,RGB,18359,1f9ca08f937ec21732e25b85a91da8868ae53ccdac391e05c3c1f7ab13612348,train,3,2
Vidar/Vidar__80__sess-dump_largest_session_rgb_stack.png,C:\Users\wwyl5\Project\malware\dataset\processed\dataset_rgb_stack_combined\Vidar\Vidar__80__sess-dump_largest_session_rgb_stack.png,Vidar,4,Vidar__80__sess-dump_largest_session_rgb_stack.png,.png,128,128,RGB,10281,a68c8546d70801383697be5c0a9e9079aea3469e3b6784ecd8e0234458663599,test,-1,-1
Vidar/Vidar__81__sess-dump_largest_session_rgb_stack.png,C:\Users\wwyl5\Project\malware\dataset\processed\dataset_rgb_stack_combined\Vidar\Vidar__81__sess-dump_largest_session_rgb_stack.png,Vidar,4,Vidar__81__sess-dump_largest_session_rgb_stack.png,.png,128,128,RGB,9936,b9432e20b51e0a8d2e33f26974d2ab6d25efa7bf8324907c3ea2b179f940d89d,test,-1,-1
Vidar/Vidar__82__sess-dump_largest_session_rgb_stack.png,C:\Users\wwyl5\Project\malware\dataset\processed\dataset_rgb_stack_combined\Vidar\Vidar__82__sess-dump_largest_session_rgb_stack.png,Vidar,4,Vidar__82__sess-dump_largest_session_rgb_stack.png,.png,128,128,RGB,10791,de6e5b3812afb8faf387572814f5cf12966f56245290bda51b073104442c14d8,train,4,2
Vidar/Vidar__83__sess-dump_largest_session_rgb_stack.png,C:\Users\wwyl5\Project\malware\dataset\processed\dataset_rgb_stack_combined\Vidar\Vidar__83__sess-dump_largest_session_rgb_stack.png,Vidar,4,Vidar__83__sess-dump_largest_session_rgb_stack.png,.png,128,128,RGB,13218,f265920777c56dbf48490211cf272de52d101c2584046b6e67f797fdea4555f5,train,4,4
Vidar/Vidar__84__sess-dump_largest_session_rgb_stack.png,C:\Users\wwyl5\Project\malware\dataset\processed\dataset_rgb_stack_combined\Vidar\Vidar__84__sess-dump_largest_session_rgb_stack.png,Vidar,4,Vidar__84__sess-dump_largest_session_rgb_stack.png,.png,128,128,RGB,23095,66ce9c75a52d20f4a766588b4dfc4f5002378b6490a81db8b6d360fd77ebbb36,val,-1,-1
Vidar/Vidar__85__sess-dump_largest_session_rgb_stack.png,C:\Users\wwyl5\Project\malware\dataset\processed\dataset_rgb_stack_combined\Vidar\Vidar__85__sess-dump_largest_session_rgb_stack.png,Vidar,4,Vidar__85__sess-dump_largest_session_rgb_stack.png,.png,128,128,RGB,22886,66973b443bb401ddb7ef877de67bc4439c70ae104d348e0e9f1528094db6a828,test,-1,-1
Vidar/Vidar__88__sess-dump_largest_session_rgb_stack.png,C:\Users\wwyl5\Project\malware\dataset\processed\dataset_rgb_stack_combined\Vidar\Vidar__88__sess-dump_largest_session_rgb_stack.png,Vidar,4,Vidar__88__sess-dump_largest_session_rgb_stack.png,.png,128,128,RGB,17841,fabb02e6e4b448bd1246aa4f7a4fc47f0ceaf6dcc7dccfcd497265d1769b3715,train,1,2
Vidar/Vidar__8__sess-dump_largest_session_rgb_stack.png,C:\Users\wwyl5\Project\malware\dataset\processed\dataset_rgb_stack_combined\Vidar\Vidar__8__sess-dump_largest_session_rgb_stack.png,Vidar,4,Vidar__8__sess-dump_largest_session_rgb_stack.png,.png,128,128,RGB,10229,dcd309466bbe0e0cf25ec8cd3fde71e513f68e04b8d5f810c4ffd4b4ea797f6c,test,-1,-1
Vidar/Vidar__90__sess-dump_largest_session_rgb_stack.png,C:\Users\wwyl5\Project\malware\dataset\processed\dataset_rgb_stack_combined\Vidar\Vidar__90__sess-dump_largest_session_rgb_stack.png,Vidar,4,Vidar__90__sess-dump_largest_session_rgb_stack.png,.png,128,128,RGB,20124,98e2979b7e73c6f18f32824a1fb2214b76f88426c914508fcc3353be4327abfb,train,0,0
Vidar/Vidar__91__sess-dump_largest_session_rgb_stack.png,C:\Users\wwyl5\Project\malware\dataset\processed\dataset_rgb_stack_combined\Vidar\Vidar__91__sess-dump_largest_session_rgb_stack.png,Vidar,4,Vidar__91__sess-dump_largest_session_rgb_stack.png,.png,128,128,RGB,11452,5edaf6cf6e1be18c811cdbb8c9afbcae7c6fd08ad109d25c553581ac3f08f916,train,1,3
Vidar/Vidar__92__sess-dump_largest_session_rgb_stack.png,C:\Users\wwyl5\Project\malware\dataset\processed\dataset_rgb_stack_combined\Vidar\Vidar__92__sess-dump_largest_session_rgb_stack.png,Vidar,4,Vidar__92__sess-dump_largest_session_rgb_stack.png,.png,128,128,RGB,11652,f4632cbaea3744bb6637371eef9583ee26482160aca00a4f9401808f3a527c62,train,2,2
Vidar/Vidar__93__sess-dump_largest_session_rgb_stack.png,C:\Users\wwyl5\Project\malware\dataset\processed\dataset_rgb_stack_combined\Vidar\Vidar__93__sess-dump_largest_session_rgb_stack.png,Vidar,4,Vidar__93__sess-dump_largest_session_rgb_stack.png,.png,128,128,RGB,11530,971029cd1ce0ea1aa70785d7d166429cb9029dbc0047f27c410675ab79f7ef97,train,0,0
Vidar/Vidar__94__sess-dump_largest_session_rgb_stack.png,C:\Users\wwyl5\Project\malware\dataset\processed\dataset_rgb_stack_combined\Vidar\Vidar__94__sess-dump_largest_session_rgb_stack.png,Vidar,4,Vidar__94__sess-dump_largest_session_rgb_stack.png,.png,128,128,RGB,11000,cca2d82c83ae92a8a66cbbdd588c542dfe8e890cec3abf9daf38db196eaa63d8,train,0,3
Vidar/Vidar__96__sess-dump_largest_session_rgb_stack.png,C:\Users\wwyl5\Project\malware\dataset\processed\dataset_rgb_stack_combined\Vidar\Vidar__96__sess-dump_largest_session_rgb_stack.png,Vidar,4,Vidar__96__sess-dump_largest_session_rgb_stack.png,.png,128,128,RGB,18965,fa156595d9a9e9986682e3cf8a4cfd966705e76316836db6b012f5dc80170e28,train,2,3
Vidar/Vidar__97__sess-dump_largest_session_rgb_stack.png,C:\Users\wwyl5\Project\malware\dataset\processed\dataset_rgb_stack_combined\Vidar\Vidar__97__sess-dump_largest_session_rgb_stack.png,Vidar,4,Vidar__97__sess-dump_largest_session_rgb_stack.png,.png,128,128,RGB,18602,a6add296563f7574987e872d5040890a71f2495550d199cd15f783b7316c72fc,train,2,2
Vidar/Vidar__98__sess-dump_largest_session_rgb_stack.png,C:\Users\wwyl5\Project\malware\dataset\processed\dataset_rgb_stack_combined\Vidar\Vidar__98__sess-dump_largest_session_rgb_stack.png,Vidar,4,Vidar__98__sess-dump_largest_session_rgb_stack.png,.png,128,128,RGB,10079,a606c2c2261fd07fefcd07900c8d0b33e3729a33625ccb479a01ada55abea466,train,0,3
Vidar/Vidar__9__sess-dump_largest_session_rgb_stack.png,C:\Users\wwyl5\Project\malware\dataset\processed\dataset_rgb_stack_combined\Vidar\Vidar__9__sess-dump_largest_session_rgb_stack.png,Vidar,4,Vidar__9__sess-dump_largest_session_rgb_stack.png,.png,128,128,RGB,10040,21d3c3487b4e36ef0e333329fe5c77462358ac51fb641bda8bdcec493497cd2a,train,3,3
