relative_path,absolute_path,family,label_id,file_name,extension,width,height,mode,file_size_bytes,image_sha256,split,client_iid,client_noniid
AgentTesla/AgentTesla__100__sess-dump_largest_session_overlay_strongtex.png,C:\Users\wwyl5\Project\malware\dataset\processed\dataset_opacity_blend\AgentTesla\AgentTesla__100__sess-dump_largest_session_overlay_strongtex.png,AgentTesla,0,AgentTesla__100__sess-dump_largest_session_overlay_strongtex.png,.png,128,128,RGB,12642,a8833ab3693f6f3a5c22cbd9a92282fc29ed0080467227d8dde969018eb25b50,train,2,4
AgentTesla/AgentTesla__101__sess-dump_largest_session_overlay_strongtex.png,C:\Users\wwyl5\Project\malware\dataset\processed\dataset_opacity_blend\AgentTesla\AgentTesla__101__sess-dump_largest_session_overlay_strongtex.png,AgentTesla,0,AgentTesla__101__sess-dump_largest_session_overlay_strongtex.png,.png,128,128,RGB,12640,9bc41faa52b8d97b368e352ea1801871aad723a617c242f6233929115bfd9981,test,-1,-1
AgentTesla/AgentTesla__102__sess-dump_largest_session_overlay_strongtex.png,C:\Users\wwyl5\Project\malware\dataset\processed\dataset_opacity_blend\AgentTesla\AgentTesla__102__sess-dump_largest_session_overlay_strongtex.png,AgentTesla,0,AgentTesla__102__sess-dump_largest_session_overlay_strongtex.png,.png,128,128,RGB,8369,28d3a3832d71bc6b487f79d3dc494fd1f77496ec4e790538a77b9915a4f34aad,test,-1,-1
AgentTesla/AgentTesla__103__sess-dump_largest_session_overlay_strongtex.png,C:\Users\wwyl5\Project\malware\dataset\processed\dataset_opacity_blend\AgentTesla\AgentTesla__103__sess-dump_largest_session_overlay_strongtex.png,AgentTesla,0,AgentTesla__103__sess-dump_largest_session_overlay_strongtex.png,.png,128,128,RGB,11448,270bb44e144ff0bf01ce5b3a6d2d8941c0ecac7e8462763a9f45f3b5dd60682c,train,3,0
AgentTesla/AgentTesla__104__sess-dump_largest_session_overlay_strongtex.png,C:\Users\wwyl5\Project\malware\dataset\processed\dataset_opacity_blend\AgentTesla\AgentTesla__104__sess-dump_largest_session_overlay_strongtex.png,AgentTesla,0,AgentTesla__104__sess-dump_largest_session_overlay_strongtex.png,.png,128,128,RGB,7875,9f0c2441a8e1e797a56c8ac8e872345970ad5d3e5b634561cbb4acccf13fcfb6,train,3,0
AgentTesla/AgentTesla__105__sess-dump_largest_session_overlay_strongtex.png,C:\Users\wwyl5\Project\malware\dataset\processed\dataset_opacity_blend\AgentTesla\AgentTesla__105__sess-dump_largest_session_overlay_strongtex.png,AgentTesla,0,AgentTesla__105__sess-dump_largest_session_overlay_strongtex.png,.png,128,128,RGB,12088,610532b4bc156e804104a7e0f8dbab56e49aadc13726974e62bff1b36844d9e0,train,1,0
AgentTesla/AgentTesla__106__sess-dump_largest_session_overlay_strongtex.png,C:\Users\wwyl5\Project\malware\dataset\processed\dataset_opacity_blend\AgentTesla\AgentTesla__106__sess-dump_largest_session_overlay_strongtex.png,AgentTesla,0,AgentTesla__106__sess-dump_largest_session_overlay_strongtex.png,.png,128,128,RGB,10939,021148a1920ec650e686f994fd1c8e7cacd7e10178a598967ec6aaaec269fc49,train,4,0
AgentTesla/AgentTesla__107__sess-dump_largest_session_overlay_strongtex.png,C:\Users\wwyl5\Project\malware\dataset\processed\dataset_opacity_blend\AgentTesla\AgentTesla__107__sess-dump_largest_session_overlay_strongtex.png,AgentTesla,0,AgentTesla__107__sess-dump_largest_session_overlay_strongtex.png,.png,128,128,RGB,11384,89ffed01687fe2c7de82903261844dd6a375af03847a727b0b48d1fb49fd3611,train,2,0
AgentTesla/AgentTesla__108__sess-dump_largest_session_overlay_strongtex.png,C:\Users\wwyl5\Project\malware\dataset\processed\dataset_opacity_blend\AgentTesla\AgentTesla__108__sess-dump_largest_session_overlay_strongtex.png,AgentTesla,0,AgentTesla__108__sess-dump_largest_session_overlay_strongtex.png,.png,128,128,RGB,7899,48aa32092a6a31ba328bf9bd1644d94681e751140d27bb92a4ef8215b8475549,train,2,4
AgentTesla/AgentTesla__109__sess-dump_largest_session_overlay_strongtex.png,C:\Users\wwyl5\Project\malware\dataset\processed\dataset_opacity_blend\AgentTesla\AgentTesla__109__sess-dump_largest_session_overlay_strongtex.png,AgentTesla,0,AgentTesla__109__sess-dump_largest_session_overlay_strongtex.png,.png,128,128,RGB,13104,0ac661b172ede05d28d433b14df630a8d521ca6b8fa420240fd68dc92664853b,train,4,0
AgentTesla/AgentTesla__10__sess-dump_largest_session_overlay_strongtex.png,C:\Users\wwyl5\Project\malware\dataset\processed\dataset_opacity_blend\AgentTesla\AgentTesla__10__sess-dump_largest_session_overlay_strongtex.png,AgentTesla,0,AgentTesla__10__sess-dump_largest_session_overlay_strongtex.png,.png,128,128,RGB,8429,93b29729c6c20aba958f83511408b6154e8d6539e47d38fb3ffdc3317e5f0b79,train,4,4
AgentTesla/AgentTesla__11__sess-dump_largest_session_overlay_strongtex.png,C:\Users\wwyl5\Project\malware\dataset\processed\dataset_opacity_blend\AgentTesla\AgentTesla__11__sess-dump_largest_session_overlay_strongtex.png,AgentTesla,0,AgentTesla__11__sess-dump_largest_session_overlay_strongtex.png,.png,128,128,RGB,7143,2063c8dbb9534fb2ed6aec54fa5c865f099010636e3ce5cc37ee4e95801ea97b,train,1,0
AgentTesla/AgentTesla__12__sess-dump_largest_session_overlay_strongtex.png,C:\Users\wwyl5\Project\malware\dataset\processed\dataset_opacity_blend\AgentTesla\AgentTesla__12__sess-dump_largest_session_overlay_strongtex.png,AgentTesla,0,AgentTesla__12__sess-dump_largest_session_overlay_strongtex.png,.png,128,128,RGB,7144,f080cfbae4ae1efc263676356556aa2997104c71ec72c9f9642dbbd2781236b1,train,4,1
AgentTesla/AgentTesla__13__sess-dump_largest_session_overlay_strongtex.png,C:\Users\wwyl5\Project\malware\dataset\processed\dataset_opacity_blend\AgentTesla\AgentTesla__13__sess-dump_largest_session_overlay_strongtex.png,AgentTesla,0,AgentTesla__13__sess-dump_largest_session_overlay_strongtex.png,.png,128,128,RGB,7142,438d6120b777b369954a6e7631764b2ee1a53b6fb9e3e33748d598deab69dedd,train,0,4
AgentTesla/AgentTesla__14__sess-dump_largest_session_overlay_strongtex.png,C:\Users\wwyl5\Project\malware\dataset\processed\dataset_opacity_blend\AgentTesla\AgentTesla__14__sess-dump_largest_session_overlay_strongtex.png,AgentTesla,0,AgentTesla__14__sess-dump_largest_session_overlay_strongtex.png,.png,128,128,RGB,7155,f1e4c248c82909dabfd4a5155d083828b451b4ef09071865582f8b16933fb8e9,val,-1,-1
AgentTesla/AgentTesla__15__sess-dump_largest_session_overlay_strongtex.png,C:\Users\wwyl5\Project\malware\dataset\processed\dataset_opacity_blend\AgentTesla\AgentTesla__15__sess-dump_largest_session_overlay_strongtex.png,AgentTesla,0,AgentTesla__15__sess-dump_largest_session_overlay_strongtex.png,.png,128,128,RGB,7830,0dd18289be0ad7ac06ab218238bd4a768306e2ca37d21577e9518e6149ffad83,train,1,4
AgentTesla/AgentTesla__17__sess-dump_largest_session_overlay_strongtex.png,C:\Users\wwyl5\Project\malware\dataset\processed\dataset_opacity_blend\AgentTesla\AgentTesla__17__sess-dump_largest_session_overlay_strongtex.png,AgentTesla,0,AgentTesla__17__sess-dump_largest_session_overlay_strongtex.png,.png,128,128,RGB,7144,8fbb2b970407b788f506b0046acbdc65c54e21c0522bf0ff3d0b16fcaa280e3c,train,0,4
AgentTesla/AgentTesla__18__sess-dump_largest_session_overlay_strongtex.png,C:\Users\wwyl5\Project\malware\dataset\processed\dataset_opacity_blend\AgentTesla\AgentTesla__18__sess-dump_largest_session_overlay_strongtex.png,AgentTesla,0,AgentTesla__18__sess-dump_largest_session_overlay_strongtex.png,.png,128,128,RGB,12357,1c3b3ace6671ca6fa3b943305e3046939acbaff5c9f9b08757e661f8ea0f8434,train,4,4
AgentTesla/AgentTesla__1__sess-dump_largest_session_overlay_strongtex.png,C:\Users\wwyl5\Project\malware\dataset\processed\dataset_opacity_blend\AgentTesla\AgentTesla__1__sess-dump_largest_session_overlay_strongtex.png,AgentTesla,0,AgentTesla__1__sess-dump_largest_session_overlay_strongtex.png,.png,128,128,RGB,10616,f3089ff3dbca1bb3c3641e4d6c808b54070d33bbe3771664a42338428b364631,train,0,0
AgentTesla/AgentTesla__20__sess-dump_largest_session_overlay_strongtex.png,C:\Users\wwyl5\Project\malware\dataset\processed\dataset_opacity_blend\AgentTesla\AgentTesla__20__sess-dump_largest_session_overlay_strongtex.png,AgentTesla,0,AgentTesla__20__sess-dump_largest_session_overlay_strongtex.png,.png,128,128,RGB,11771,041639156a0f3a1b46f02b0fbaf86bd8ace397981540ec7095f0264212d8eabb,train,4,0
AgentTesla/AgentTesla__22__sess-dump_largest_session_overlay_strongtex.png,C:\Users\wwyl5\Project\malware\dataset\processed\dataset_opacity_blend\AgentTesla\AgentTesla__22__sess-dump_largest_session_overlay_strongtex.png,AgentTesla,0,AgentTesla__22__sess-dump_largest_session_overlay_strongtex.png,.png,128,128,RGB,14379,f6b8149c03f7c6ec53bd25c3ad605e6769d5a03bcb911ae11204a73809e447a1,test,-1,-1
AgentTesla/AgentTesla__24__sess-dump_largest_session_overlay_strongtex.png,C:\Users\wwyl5\Project\malware\dataset\processed\dataset_opacity_blend\AgentTesla\AgentTesla__24__sess-dump_largest_session_overlay_strongtex.png,AgentTesla,0,AgentTesla__24__sess-dump_largest_session_overlay_strongtex.png,.png,128,128,RGB,9785,fa26b54ccf7b9b0b7b7be031b047dbb0c24fa34006ae2fe0c482ff6c5b7fd42c,val,-1,-1
AgentTesla/AgentTesla__26__sess-dump_largest_session_overlay_strongtex.png,C:\Users\wwyl5\Project\malware\dataset\processed\dataset_opacity_blend\AgentTesla\AgentTesla__26__sess-dump_largest_session_overlay_strongtex.png,AgentTesla,0,AgentTesla__26__sess-dump_largest_session_overlay_strongtex.png,.png,128,128,RGB,7120,a7f5aafb72c2fdcfeed8bbcd7e245725e78e2e9f8d246724ba69f00652bef902,train,1,0
AgentTesla/AgentTesla__28__sess-dump_largest_session_overlay_strongtex.png,C:\Users\wwyl5\Project\malware\dataset\processed\dataset_opacity_blend\AgentTesla\AgentTesla__28__sess-dump_largest_session_overlay_strongtex.png,AgentTesla,0,AgentTesla__28__sess-dump_largest_session_overlay_strongtex.png,.png,128,128,RGB,10181,9aab37ceb055df68596dab879154a9ce667b0ea1a1d13a8d7152334b886684ac,test,-1,-1
AgentTesla/AgentTesla__2__sess-dump_largest_session_overlay_strongtex.png,C:\Users\wwyl5\Project\malware\dataset\processed\dataset_opacity_blend\AgentTesla\AgentTesla__2__sess-dump_largest_session_overlay_strongtex.png,AgentTesla,0,AgentTesla__2__sess-dump_largest_session_overlay_strongtex.png,.png,128,128,RGB,8024,7d27c3794b340ef23dca7115c596a832de95be89644eb2e96c4fa113b12881a4,train,3,0
AgentTesla/AgentTesla__30__sess-dump_largest_session_overlay_strongtex.png,C:\Users\wwyl5\Project\malware\dataset\processed\dataset_opacity_blend\AgentTesla\AgentTesla__30__sess-dump_largest_session_overlay_strongtex.png,AgentTesla,0,AgentTesla__30__sess-dump_largest_session_overlay_strongtex.png,.png,128,128,RGB,7444,86ec4e6a3e078f01542156e5e3e2137ac3d24c0789144bbab9419923375ed93f,train,0,4
AgentTesla/AgentTesla__32__sess-dump_largest_session_overlay_strongtex.png,C:\Users\wwyl5\Project\malware\dataset\processed\dataset_opacity_blend\AgentTesla\AgentTesla__32__sess-dump_largest_session_overlay_strongtex.png,AgentTesla,0,AgentTesla__32__sess-dump_largest_session_overlay_strongtex.png,.png,128,128,RGB,8476,955b622b63cffca716a0343012a1b6dc10477f73b065ccfe734d104bfe05b5ec,train,0,0
AgentTesla/AgentTesla__33__sess-dump_largest_session_overlay_strongtex.png,C:\Users\wwyl5\Project\malware\dataset\processed\dataset_opacity_blend\AgentTesla\AgentTesla__33__sess-dump_largest_session_overlay_strongtex.png,AgentTesla,0,AgentTesla__33__sess-dump_largest_session_overlay_strongtex.png,.png,128,128,RGB,17310,75760fd1924a34d8617e4d8a9b11975c01aa9f4edc2bbf8406fdb45e9fbbd1c1,train,4,0
AgentTesla/AgentTesla__34__sess-dump_largest_session_overlay_strongtex.png,C:\Users\wwyl5\Project\malware\dataset\processed\dataset_opacity_blend\AgentTesla\AgentTesla__34__sess-dump_largest_session_overlay_strongtex.png,AgentTesla,0,AgentTesla__34__sess-dump_largest_session_overlay_strongtex.png,.png,128,128,RGB,16592,553c4bc3936d8caf3e13e124bb613b8f9850702d8cbf1520eacac92a7bb311e5,train,4,4
AgentTesla/AgentTesla__35__sess-dump_largest_session_overlay_strongtex.png,C:\Users\wwyl5\Project\malware\dataset\processed\dataset_opacity_blend\AgentTesla\AgentTesla__35__sess-dump_largest_session_overlay_strongtex.png,AgentTesla,0,AgentTesla__35__sess-dump_largest_session_overlay_strongtex.png,.png,128,128,RGB,13816,94f26f7ff9596983ef8ef231aa60dd85d0a62099f87ebe4621f3ebe0308c60b4,test,-1,-1
AgentTesla/AgentTesla__368__sess-dump_largest_session_overlay_strongtex.png,C:\Users\wwyl5\Project\malware\dataset\processed\dataset_opacity_blend\AgentTesla\AgentTesla__368__sess-dump_largest_session_overlay_strongtex.png,AgentTesla,0,AgentTesla__368__sess-dump_largest_session_overlay_strongtex.png,.png,128,128,RGB,6951,4f11e5c70a245348fa4b34b664b996c0bdf87f82bab34da11e280c22386f5ce3,train,3,0
AgentTesla/AgentTesla__369__sess-dump_largest_session_overlay_strongtex.png,C:\Users\wwyl5\Project\malware\dataset\processed\dataset_opacity_blend\AgentTesla\AgentTesla__369__sess-dump_largest_session_overlay_strongtex.png,AgentTesla,0,AgentTesla__369__sess-dump_largest_session_overlay_strongtex.png,.png,128,128,RGB,11874,6cbbee040c27aa076a733bd3110f40ba8307649a60163b6ac6cd895484992fcd,train,1,0
AgentTesla/AgentTesla__36__sess-dump_largest_session_overlay_strongtex.png,C:\Users\wwyl5\Project\malware\dataset\processed\dataset_opacity_blend\AgentTesla\AgentTesla__36__sess-dump_largest_session_overlay_strongtex.png,AgentTesla,0,AgentTesla__36__sess-dump_largest_session_overlay_strongtex.png,.png,128,128,RGB,16288,87459dc2cbd5805542858d4e5a82d57e129adee3a5d4d3e034535e84f4c41170,test,-1,-1
AgentTesla/AgentTesla__370__sess-dump_largest_session_overlay_strongtex.png,C:\Users\wwyl5\Project\malware\dataset\processed\dataset_opacity_blend\AgentTesla\AgentTesla__370__sess-dump_largest_session_overlay_strongtex.png,AgentTesla,0,AgentTesla__370__sess-dump_largest_session_overlay_strongtex.png,.png,128,128,RGB,8571,61dac2498cf746634e994a97b74e7237a3bb06f1928c68a169ae44d8399fb2f5,train,1,0
AgentTesla/AgentTesla__371__sess-dump_largest_session_overlay_strongtex.png,C:\Users\wwyl5\Project\malware\dataset\processed\dataset_opacity_blend\AgentTesla\AgentTesla__371__sess-dump_largest_session_overlay_strongtex.png,AgentTesla,0,AgentTesla__371__sess-dump_largest_session_overlay_strongtex.png,.png,128,128,RGB,12299,59abab844e2ca0ae0f8fd47b3a09dbca781aca1b5b1ad5bb57f249927e30a65f,train,2,0
AgentTesla/AgentTesla__38__sess-dump_largest_session_overlay_strongtex.png,C:\Users\wwyl5\Project\malware\dataset\processed\dataset_opacity_blend\AgentTesla\AgentTesla__38__sess-dump_largest_session_overlay_strongtex.png,AgentTesla,0,AgentTesla__38__sess-dump_largest_session_overlay_strongtex.png,.png,128,128,RGB,7431,53fe8fceb749a2c6e06202a5c2a5b032807f1a45118c9636cb7b5ba8c653810b,train,3,0
AgentTesla/AgentTesla__39__sess-dump_largest_session_overlay_strongtex.png,C:\Users\wwyl5\Project\malware\dataset\processed\dataset_opacity_blend\AgentTesla\AgentTesla__39__sess-dump_largest_session_overlay_strongtex.png,AgentTesla,0,AgentTesla__39__sess-dump_largest_session_overlay_strongtex.png,.png,128,128,RGB,7022,e42bd06fc691e1aa438339b7df7a9dce0f4b5bace712d5361576a86f1fcdb5d7,train,1,0
AgentTesla/AgentTesla__3__sess-dump_largest_session_overlay_strongtex.png,C:\Users\wwyl5\Project\malware\dataset\processed\dataset_opacity_blend\AgentTesla\AgentTesla__3__sess-dump_largest_session_overlay_strongtex.png,AgentTesla,0,AgentTesla__3__sess-dump_largest_session_overlay_strongtex.png,.png,128,128,RGB,7762,8cac94e227362a0d7e8307855bf56785111bb241383876785b754abe27664275,test,-1,-1
AgentTesla/AgentTesla__40__sess-dump_largest_session_overlay_strongtex.png,C:\Users\wwyl5\Project\malware\dataset\processed\dataset_opacity_blend\AgentTesla\AgentTesla__40__sess-dump_largest_session_overlay_strongtex.png,AgentTesla,0,AgentTesla__40__sess-dump_largest_session_overlay_strongtex.png,.png,128,128,RGB,16562,2d9e34afb29fd84e41506a7064ef571418194b51d29c3a4844a937307572c780,train,0,0
AgentTesla/AgentTesla__41__sess-dump_largest_session_overlay_strongtex.png,C:\Users\wwyl5\Project\malware\dataset\processed\dataset_opacity_blend\AgentTesla\AgentTesla__41__sess-dump_largest_session_overlay_strongtex.png,AgentTesla,0,AgentTesla__41__sess-dump_largest_session_overlay_strongtex.png,.png,128,128,RGB,9725,760c943c391d40408c4e1e475f668c8a69d491f2aa0fed05f7094bf0b95ba434,train,3,1
AgentTesla/AgentTesla__42__sess-dump_largest_session_overlay_strongtex.png,C:\Users\wwyl5\Project\malware\dataset\processed\dataset_opacity_blend\AgentTesla\AgentTesla__42__sess-dump_largest_session_overlay_strongtex.png,AgentTesla,0,AgentTesla__42__sess-dump_largest_session_overlay_strongtex.png,.png,128,128,RGB,13116,e5979951309edc8418f74fafb702e0723eb6fecc58bb529d1623f1c919f2b97a,train,2,0
AgentTesla/AgentTesla__44__sess-dump_largest_session_overlay_strongtex.png,C:\Users\wwyl5\Project\malware\dataset\processed\dataset_opacity_blend\AgentTesla\AgentTesla__44__sess-dump_largest_session_overlay_strongtex.png,AgentTesla,0,AgentTesla__44__sess-dump_largest_session_overlay_strongtex.png,.png,128,128,RGB,14825,a041049a20b0f000be9af263500a54ff7134fd5cb0e6a617ec146d0463325525,val,-1,-1
AgentTesla/AgentTesla__45__sess-dump_largest_session_overlay_strongtex.png,C:\Users\wwyl5\Project\malware\dataset\processed\dataset_opacity_blend\AgentTesla\AgentTesla__45__sess-dump_largest_session_overlay_strongtex.png,AgentTesla,0,AgentTesla__45__sess-dump_largest_session_overlay_strongtex.png,.png,128,128,RGB,16280,f386f856e4a055546b8474d8fd21de7c3f48d0c94f5083f428cbf30f2fbe88da,train,2,0
AgentTesla/AgentTesla__46__sess-dump_largest_session_overlay_strongtex.png,C:\Users\wwyl5\Project\malware\dataset\processed\dataset_opacity_blend\AgentTesla\AgentTesla__46__sess-dump_largest_session_overlay_strongtex.png,AgentTesla,0,AgentTesla__46__sess-dump_largest_session_overlay_strongtex.png,.png,128,128,RGB,8730,30a078deabd34d4c7956f5d7701b44512416aaaf24cb601620aadada7568fd70,train,2,0
AgentTesla/AgentTesla__47__sess-dump_largest_session_overlay_strongtex.png,C:\Users\wwyl5\Project\malware\dataset\processed\dataset_opacity_blend\AgentTesla\AgentTesla__47__sess-dump_largest_session_overlay_strongtex.png,AgentTesla,0,AgentTesla__47__sess-dump_largest_session_overlay_strongtex.png,.png,128,128,RGB,8736,1fd6b3abd01931cb8d34467bcae6b15845621d129db44c0a2429a664aa97a891,train,2,1
AgentTesla/AgentTesla__48__sess-dump_largest_session_overlay_strongtex.png,C:\Users\wwyl5\Project\malware\dataset\processed\dataset_opacity_blend\AgentTesla\AgentTesla__48__sess-dump_largest_session_overlay_strongtex.png,AgentTesla,0,AgentTesla__48__sess-dump_largest_session_overlay_strongtex.png,.png,128,128,RGB,16642,6fd0a74e90616a94d80641479ccb07ed883c1c622957ebfc6271980eab359635,train,1,4
AgentTesla/AgentTesla__49__sess-dump_largest_session_overlay_strongtex.png,C:\Users\wwyl5\Project\malware\dataset\processed\dataset_opacity_blend\AgentTesla\AgentTesla__49__sess-dump_largest_session_overlay_strongtex.png,AgentTesla,0,AgentTesla__49__sess-dump_largest_session_overlay_strongtex.png,.png,128,128,RGB,13799,bcf7309d9e00b083dea0e72aa7c82c64c009eae25b33ca7d12768f98be5d7fcf,train,2,4
AgentTesla/AgentTesla__4__sess-dump_largest_session_overlay_strongtex.png,C:\Users\wwyl5\Project\malware\dataset\processed\dataset_opacity_blend\AgentTesla\AgentTesla__4__sess-dump_largest_session_overlay_strongtex.png,AgentTesla,0,AgentTesla__4__sess-dump_largest_session_overlay_strongtex.png,.png,128,128,RGB,8047,8221bff199ca958c6032ac7874245e96b787bc30e0fb0641a3a7279947bb97ac,train,2,0
AgentTesla/AgentTesla__50__sess-dump_largest_session_overlay_strongtex.png,C:\Users\wwyl5\Project\malware\dataset\processed\dataset_opacity_blend\AgentTesla\AgentTesla__50__sess-dump_largest_session_overlay_strongtex.png,AgentTesla,0,AgentTesla__50__sess-dump_largest_session_overlay_strongtex.png,.png,128,128,RGB,7466,65eafb2c888495a3d51f00f0d4d8647bcab75c6ad910a8e34ffc3fc464d3ad67,test,-1,-1
AgentTesla/AgentTesla__51__sess-dump_largest_session_overlay_strongtex.png,C:\Users\wwyl5\Project\malware\dataset\processed\dataset_opacity_blend\AgentTesla\AgentTesla__51__sess-dump_largest_session_overlay_strongtex.png,AgentTesla,0,AgentTesla__51__sess-dump_largest_session_overlay_strongtex.png,.png,128,128,RGB,9005,5f91a837414f62e041e2b096ab1c374e78622977a43a52b1075e2370a7d7d961,train,3,4
AgentTesla/AgentTesla__52__sess-dump_largest_session_overlay_strongtex.png,C:\Users\wwyl5\Project\malware\dataset\processed\dataset_opacity_blend\AgentTesla\AgentTesla__52__sess-dump_largest_session_overlay_strongtex.png,AgentTesla,0,AgentTesla__52__sess-dump_largest_session_overlay_strongtex.png,.png,128,128,RGB,13642,11e269caaca8f3b51450d683970082f16a5051131e57f6da04defc06e98b8f49,train,4,0
AgentTesla/AgentTesla__53__sess-dump_largest_session_overlay_strongtex.png,C:\Users\wwyl5\Project\malware\dataset\processed\dataset_opacity_blend\AgentTesla\AgentTesla__53__sess-dump_largest_session_overlay_strongtex.png,AgentTesla,0,AgentTesla__53__sess-dump_largest_session_overlay_strongtex.png,.png,128,128,RGB,13134,d9708340262c54f35275e4a1e419a045595303ef89ff4ddd4f02a28703e89e5a,val,-1,-1
AgentTesla/AgentTesla__54__sess-dump_largest_session_overlay_strongtex.png,C:\Users\wwyl5\Project\malware\dataset\processed\dataset_opacity_blend\AgentTesla\AgentTesla__54__sess-dump_largest_session_overlay_strongtex.png,AgentTesla,0,AgentTesla__54__sess-dump_largest_session_overlay_strongtex.png,.png,128,128,RGB,12414,0d6ec16a9f88114e128a90decee90370521538fc6fbbbac507d829150bdf3a6b,test,-1,-1
AgentTesla/AgentTesla__55__sess-dump_largest_session_overlay_strongtex.png,C:\Users\wwyl5\Project\malware\dataset\processed\dataset_opacity_blend\AgentTesla\AgentTesla__55__sess-dump_largest_session_overlay_strongtex.png,AgentTesla,0,AgentTesla__55__sess-dump_largest_session_overlay_strongtex.png,.png,128,128,RGB,8853,170deb9f2cb6551c592d9a5b2b3aa1038967da7453db142786363d2adb0b964c,train,1,0
AgentTesla/AgentTesla__56__sess-dump_largest_session_overlay_strongtex.png,C:\Users\wwyl5\Project\malware\dataset\processed\dataset_opacity_blend\AgentTesla\AgentTesla__56__sess-dump_largest_session_overlay_strongtex.png,AgentTesla,0,AgentTesla__56__sess-dump_largest_session_overlay_strongtex.png,.png,128,128,RGB,9002,ca3535471bda1dd027cee20186fc464c30f7b6746828c091a68bd7b36b64573e,train,2,4
AgentTesla/AgentTesla__57__sess-dump_largest_session_overlay_strongtex.png,C:\Users\wwyl5\Project\malware\dataset\processed\dataset_opacity_blend\AgentTesla\AgentTesla__57__sess-dump_largest_session_overlay_strongtex.png,AgentTesla,0,AgentTesla__57__sess-dump_largest_session_overlay_strongtex.png,.png,128,128,RGB,9998,bef7dedbf4e7b0f6b6e0c6104f347055a649dce21e4733b7ba6ee6ca2027e73b,train,1,0
AgentTesla/AgentTesla__58__sess-dump_largest_session_overlay_strongtex.png,C:\Users\wwyl5\Project\malware\dataset\processed\dataset_opacity_blend\AgentTesla\AgentTesla__58__sess-dump_largest_session_overlay_strongtex.png,AgentTesla,0,AgentTesla__58__sess-dump_largest_session_overlay_strongtex.png,.png,128,128,RGB,14723,e85761e400f189b20fac7d75dbaec4211baad06c46051beb49d3a66faa584572,train,3,4
AgentTesla/AgentTesla__5__sess-dump_largest_session_overlay_strongtex.png,C:\Users\wwyl5\Project\malware\dataset\processed\dataset_opacity_blend\AgentTesla\AgentTesla__5__sess-dump_largest_session_overlay_strongtex.png,AgentTesla,0,AgentTesla__5__sess-dump_largest_session_overlay_strongtex.png,.png,128,128,RGB,10878,d8d761955f9b08623381fdd37d8a3e1eab5adc993241739c5f7f3164841b3982,test,-1,-1
AgentTesla/AgentTesla__60__sess-dump_largest_session_overlay_strongtex.png,C:\Users\wwyl5\Project\malware\dataset\processed\dataset_opacity_blend\AgentTesla\AgentTesla__60__sess-dump_largest_session_overlay_strongtex.png,AgentTesla,0,AgentTesla__60__sess-dump_largest_session_overlay_strongtex.png,.png,128,128,RGB,7880,dfcf47c57803cc9db81a0996af1a3388128bfabca63e514230fd6633814c14fe,val,-1,-1
AgentTesla/AgentTesla__61__sess-dump_largest_session_overlay_strongtex.png,C:\Users\wwyl5\Project\malware\dataset\processed\dataset_opacity_blend\AgentTesla\AgentTesla__61__sess-dump_largest_session_overlay_strongtex.png,AgentTesla,0,AgentTesla__61__sess-dump_largest_session_overlay_strongtex.png,.png,128,128,RGB,12590,3bafd992c561af376832a50e91e161e02946004b8e8c8fe094bb26c56c2757f4,test,-1,-1
AgentTesla/AgentTesla__62__sess-dump_largest_session_overlay_strongtex.png,C:\Users\wwyl5\Project\malware\dataset\processed\dataset_opacity_blend\AgentTesla\AgentTesla__62__sess-dump_largest_session_overlay_strongtex.png,AgentTesla,0,AgentTesla__62__sess-dump_largest_session_overlay_strongtex.png,.png,128,128,RGB,11509,398b41f773b97f0604ea28dbd6078d92a5736d27105eedd24a6f574682016802,val,-1,-1
AgentTesla/AgentTesla__63__sess-dump_largest_session_overlay_strongtex.png,C:\Users\wwyl5\Project\malware\dataset\processed\dataset_opacity_blend\AgentTesla\AgentTesla__63__sess-dump_largest_session_overlay_strongtex.png,AgentTesla,0,AgentTesla__63__sess-dump_largest_session_overlay_strongtex.png,.png,128,128,RGB,14688,cf8bdb4b416af7995918037e562845c835af9ea66c8a830dc9c65bc033f43bb6,train,0,0
AgentTesla/AgentTesla__64__sess-dump_largest_session_overlay_strongtex.png,C:\Users\wwyl5\Project\malware\dataset\processed\dataset_opacity_blend\AgentTesla\AgentTesla__64__sess-dump_largest_session_overlay_strongtex.png,AgentTesla,0,AgentTesla__64__sess-dump_largest_session_overlay_strongtex.png,.png,128,128,RGB,9694,4e32838bd6b2623c73eca26f7dc07e3f3c20f2cfb70d9cfa1b238ec8c5906181,train,0,4
AgentTesla/AgentTesla__66__sess-dump_largest_session_overlay_strongtex.png,C:\Users\wwyl5\Project\malware\dataset\processed\dataset_opacity_blend\AgentTesla\AgentTesla__66__sess-dump_largest_session_overlay_strongtex.png,AgentTesla,0,AgentTesla__66__sess-dump_largest_session_overlay_strongtex.png,.png,128,128,RGB,9231,fac8afef24b5758f3c14a2ec4cbf6831eb37b5a2bd4266ef4be7a701779efd2e,test,-1,-1
AgentTesla/AgentTesla__67__sess-dump_largest_session_overlay_strongtex.png,C:\Users\wwyl5\Project\malware\dataset\processed\dataset_opacity_blend\AgentTesla\AgentTesla__67__sess-dump_largest_session_overlay_strongtex.png,AgentTesla,0,AgentTesla__67__sess-dump_largest_session_overlay_strongtex.png,.png,128,128,RGB,7708,c39c0d637e2c8db3fb20ae8708f3a4ae9aea207a44f7fd9ce0c32b0b19fd09a8,train,3,4
AgentTesla/AgentTesla__68__sess-dump_largest_session_overlay_strongtex.png,C:\Users\wwyl5\Project\malware\dataset\processed\dataset_opacity_blend\AgentTesla\AgentTesla__68__sess-dump_largest_session_overlay_strongtex.png,AgentTesla,0,AgentTesla__68__sess-dump_largest_session_overlay_strongtex.png,.png,128,128,RGB,9372,f2457f448e95d080809a25b825ba416cdf8095698b556a3dc9519cffc328e880,train,3,4
AgentTesla/AgentTesla__69__sess-dump_largest_session_overlay_strongtex.png,C:\Users\wwyl5\Project\malware\dataset\processed\dataset_opacity_blend\AgentTesla\AgentTesla__69__sess-dump_largest_session_overlay_strongtex.png,AgentTesla,0,AgentTesla__69__sess-dump_largest_session_overlay_strongtex.png,.png,128,128,RGB,13335,a6cd63f1912f6c72f01f4075c2a610378aa665b48d8b39a16e72bf98f103726c,train,2,0
AgentTesla/AgentTesla__6__sess-dump_largest_session_overlay_strongtex.png,C:\Users\wwyl5\Project\malware\dataset\processed\dataset_opacity_blend\AgentTesla\AgentTesla__6__sess-dump_largest_session_overlay_strongtex.png,AgentTesla,0,AgentTesla__6__sess-dump_largest_session_overlay_strongtex.png,.png,128,128,RGB,7682,1d1b01e54e8c3cc61e28ebad927654710e0e6661212599c00ad0587c4c672bea,train,4,4
AgentTesla/AgentTesla__71__sess-dump_largest_session_overlay_strongtex.png,C:\Users\wwyl5\Project\malware\dataset\processed\dataset_opacity_blend\AgentTesla\AgentTesla__71__sess-dump_largest_session_overlay_strongtex.png,AgentTesla,0,AgentTesla__71__sess-dump_largest_session_overlay_strongtex.png,.png,128,128,RGB,14405,3f03ef9462a49c666a6740a01d2033e5627f9665ebf6d7ce11ec9c0ecbb8c701,train,2,0
AgentTesla/AgentTesla__72__sess-dump_largest_session_overlay_strongtex.png,C:\Users\wwyl5\Project\malware\dataset\processed\dataset_opacity_blend\AgentTesla\AgentTesla__72__sess-dump_largest_session_overlay_strongtex.png,AgentTesla,0,AgentTesla__72__sess-dump_largest_session_overlay_strongtex.png,.png,128,128,RGB,12231,5bd2d0ea42110540ea70a6047bd4f101277f08e0c0e6b9ae5fa0c6cad8b8025b,train,3,0
AgentTesla/AgentTesla__73__sess-dump_largest_session_overlay_strongtex.png,C:\Users\wwyl5\Project\malware\dataset\processed\dataset_opacity_blend\AgentTesla\AgentTesla__73__sess-dump_largest_session_overlay_strongtex.png,AgentTesla,0,AgentTesla__73__sess-dump_largest_session_overlay_strongtex.png,.png,128,128,RGB,8103,2d7cfb487de6df8e964c90943739e9d9a1846177fb2e5d8c75ace17b8f41658d,train,1,4
AgentTesla/AgentTesla__74__sess-dump_largest_session_overlay_strongtex.png,C:\Users\wwyl5\Project\malware\dataset\processed\dataset_opacity_blend\AgentTesla\AgentTesla__74__sess-dump_largest_session_overlay_strongtex.png,AgentTesla,0,AgentTesla__74__sess-dump_largest_session_overlay_strongtex.png,.png,128,128,RGB,11070,984cc729a86c83156b8c5bee578540e602fb2ca27def6f1be5e170157610c069,test,-1,-1
AgentTesla/AgentTesla__75__sess-dump_largest_session_overlay_strongtex.png,C:\Users\wwyl5\Project\malware\dataset\processed\dataset_opacity_blend\AgentTesla\AgentTesla__75__sess-dump_largest_session_overlay_strongtex.png,AgentTesla,0,AgentTesla__75__sess-dump_largest_session_overlay_strongtex.png,.png,128,128,RGB,9274,b5932f00e5ddeb6f6027d3cd98cdb04800e5325170fa69de28abd52a5b7ef0ab,train,2,4
AgentTesla/AgentTesla__76__sess-dump_largest_session_overlay_strongtex.png,C:\Users\wwyl5\Project\malware\dataset\processed\dataset_opacity_blend\AgentTesla\AgentTesla__76__sess-dump_largest_session_overlay_strongtex.png,AgentTesla,0,AgentTesla__76__sess-dump_largest_session_overlay_strongtex.png,.png,128,128,RGB,17118,ff1d1977099c430a32a82a0420974b754c9bd909f33e8cfb6937c9944ccd6b9e,train,3,0
AgentTesla/AgentTesla__77__sess-dump_largest_session_overlay_strongtex.png,C:\Users\wwyl5\Project\malware\dataset\processed\dataset_opacity_blend\AgentTesla\AgentTesla__77__sess-dump_largest_session_overlay_strongtex.png,AgentTesla,0,AgentTesla__77__sess-dump_largest_session_overlay_strongtex.png,.png,128,128,RGB,14251,7301f88618bb5c95aabffd3d0bb7bc9f832d723d358bfef71b6d83fcec5b7881,val,-1,-1
AgentTesla/AgentTesla__78__sess-dump_largest_session_overlay_strongtex.png,C:\Users\wwyl5\Project\malware\dataset\processed\dataset_opacity_blend\AgentTesla\AgentTesla__78__sess-dump_largest_session_overlay_strongtex.png,AgentTesla,0,AgentTesla__78__sess-dump_largest_session_overlay_strongtex.png,.png,128,128,RGB,17118,54baad46869cc97bebbf244152e8c0b45e9022047a050f1ca8953eaa3f3da713,val,-1,-1
AgentTesla/AgentTesla__79__sess-dump_largest_session_overlay_strongtex.png,C:\Users\wwyl5\Project\malware\dataset\processed\dataset_opacity_blend\AgentTesla\AgentTesla__79__sess-dump_largest_session_overlay_strongtex.png,AgentTesla,0,AgentTesla__79__sess-dump_largest_session_overlay_strongtex.png,.png,128,128,RGB,10456,7844ba01ecd8e5705a63658f5a9773522000361343287233bddf4b01bc757583,train,1,0
AgentTesla/AgentTesla__7__sess-dump_largest_session_overlay_strongtex.png,C:\Users\wwyl5\Project\malware\dataset\processed\dataset_opacity_blend\AgentTesla\AgentTesla__7__sess-dump_largest_session_overlay_strongtex.png,AgentTesla,0,AgentTesla__7__sess-dump_largest_session_overlay_strongtex.png,.png,128,128,RGB,7667,1b4a82a43a4f8de2cec5d8306e6cadb5bbbfc617aabe14b30cce4aa875d23c60,train,0,1
AgentTesla/AgentTesla__80__sess-dump_largest_session_overlay_strongtex.png,C:\Users\wwyl5\Project\malware\dataset\processed\dataset_opacity_blend\AgentTesla\AgentTesla__80__sess-dump_largest_session_overlay_strongtex.png,AgentTesla,0,AgentTesla__80__sess-dump_largest_session_overlay_strongtex.png,.png,128,128,RGB,15952,f15e204691dc1be314dcc819034579f0201e5ec6a55e17cb97a182805f788bd1,train,4,0
AgentTesla/AgentTesla__81__sess-dump_largest_session_overlay_strongtex.png,C:\Users\wwyl5\Project\malware\dataset\processed\dataset_opacity_blend\AgentTesla\AgentTesla__81__sess-dump_largest_session_overlay_strongtex.png,AgentTesla,0,AgentTesla__81__sess-dump_largest_session_overlay_strongtex.png,.png,128,128,RGB,8605,d56d682bd3976215b8ff1c8e23f3d32b03921b864dc941a15441b940f0bc1ecd,test,-1,-1
AgentTesla/AgentTesla__82__sess-dump_largest_session_overlay_strongtex.png,C:\Users\wwyl5\Project\malware\dataset\processed\dataset_opacity_blend\AgentTesla\AgentTesla__82__sess-dump_largest_session_overlay_strongtex.png,AgentTesla,0,AgentTesla__82__sess-dump_largest_session_overlay_strongtex.png,.png,128,128,RGB,9823,45d430370360fe95d5e200efba64636a76fea8f42c4f9f40c85527928c1c2c0a,train,4,4
AgentTesla/AgentTesla__83__sess-dump_largest_session_overlay_strongtex.png,C:\Users\wwyl5\Project\malware\dataset\processed\dataset_opacity_blend\AgentTesla\AgentTesla__83__sess-dump_largest_session_overlay_strongtex.png,AgentTesla,0,AgentTesla__83__sess-dump_largest_session_overlay_strongtex.png,.png,128,128,RGB,14247,23fdc47b844e17b4a97b64d842add7968813d8305e59fa86e2204d34eb004972,train,4,0
AgentTesla/AgentTesla__84__sess-dump_largest_session_overlay_strongtex.png,C:\Users\wwyl5\Project\malware\dataset\processed\dataset_opacity_blend\AgentTesla\AgentTesla__84__sess-dump_largest_session_overlay_strongtex.png,AgentTesla,0,AgentTesla__84__sess-dump_largest_session_overlay_strongtex.png,.png,128,128,RGB,13590,35972ec956d73667a444775310dc86a13c96e96c34a80eea5898a4d22a5794e7,val,-1,-1
AgentTesla/AgentTesla__85__sess-dump_largest_session_overlay_strongtex.png,C:\Users\wwyl5\Project\malware\dataset\processed\dataset_opacity_blend\AgentTesla\AgentTesla__85__sess-dump_largest_session_overlay_strongtex.png,AgentTesla,0,AgentTesla__85__sess-dump_largest_session_overlay_strongtex.png,.png,128,128,RGB,13845,686556b6a06edd6bc17d14696005e68b43734c8bc4ed2b2471a527eec723822f,train,0,0
AgentTesla/AgentTesla__86__sess-dump_largest_session_overlay_strongtex.png,C:\Users\wwyl5\Project\malware\dataset\processed\dataset_opacity_blend\AgentTesla\AgentTesla__86__sess-dump_largest_session_overlay_strongtex.png,AgentTesla,0,AgentTesla__86__sess-dump_largest_session_overlay_strongtex.png,.png,128,128,RGB,8249,2fc4c8e41b29bd312147ba45f5b35fa05597170ac268b10e3b6e9fbc4e149855,val,-1,-1
AgentTesla/AgentTesla__87__sess-dump_largest_session_overlay_strongtex.png,C:\Users\wwyl5\Project\malware\dataset\processed\dataset_opacity_blend\AgentTesla\AgentTesla__87__sess-dump_largest_session_overlay_strongtex.png,AgentTesla,0,AgentTesla__87__sess-dump_largest_session_overlay_strongtex.png,.png,128,128,RGB,16514,bd0b5c0e75ad5e311b4a6838851e92aaa7c6712fb72cdb80fa46387ac860a1be,train,0,0
AgentTesla/AgentTesla__88__sess-dump_largest_session_overlay_strongtex.png,C:\Users\wwyl5\Project\malware\dataset\processed\dataset_opacity_blend\AgentTesla\AgentTesla__88__sess-dump_largest_session_overlay_strongtex.png,AgentTesla,0,AgentTesla__88__sess-dump_largest_session_overlay_strongtex.png,.png,128,128,RGB,12092,3d5d2de22f7f8c85920f75a03e1fa655af848615f6fc6530959f30f402e2cf13,val,-1,-1
AgentTesla/AgentTesla__89__sess-dump_largest_session_overlay_strongtex.png,C:\Users\wwyl5\Project\malware\dataset\processed\dataset_opacity_blend\AgentTesla\AgentTesla__89__sess-dump_largest_session_overlay_strongtex.png,AgentTesla,0,AgentTesla__89__sess-dump_largest_session_overlay_strongtex.png,.png,128,128,RGB,13573,45e5d3abf94aae8e6579f91e1f719d5f1a8804a8d3ecff5346a7a1a1992b7fd0,val,-1,-1
AgentTesla/AgentTesla__8__sess-dump_largest_session_overlay_strongtex.png,C:\Users\wwyl5\Project\malware\dataset\processed\dataset_opacity_blend\AgentTesla\AgentTesla__8__sess-dump_largest_session_overlay_strongtex.png,AgentTesla,0,AgentTesla__8__sess-dump_largest_session_overlay_strongtex.png,.png,128,128,RGB,13402,9d5798d9ed04994339d88e7d88923ad92e438b7de2f16d5f1bca622a8a3381f1,train,0,0
AgentTesla/AgentTesla__90__sess-dump_largest_session_overlay_strongtex.png,C:\Users\wwyl5\Project\malware\dataset\processed\dataset_opacity_blend\AgentTesla\AgentTesla__90__sess-dump_largest_session_overlay_strongtex.png,AgentTesla,0,AgentTesla__90__sess-dump_largest_session_overlay_strongtex.png,.png,128,128,RGB,11854,baf325060437cbb872e69fbb30dd537943c06b433bed80ed6a8b52bbc3b47de0,train,0,0
AgentTesla/AgentTesla__91__sess-dump_largest_session_overlay_strongtex.png,C:\Users\wwyl5\Project\malware\dataset\processed\dataset_opacity_blend\AgentTesla\AgentTesla__91__sess-dump_largest_session_overlay_strongtex.png,AgentTesla,0,AgentTesla__91__sess-dump_largest_session_overlay_strongtex.png,.png,128,128,RGB,16951,6de217842fa80b1a181461db71b4e3101e7d8d3acaff0f13fbe3bc01f80f138b,train,4,0
AgentTesla/AgentTesla__92__sess-dump_largest_session_overlay_strongtex.png,C:\Users\wwyl5\Project\malware\dataset\processed\dataset_opacity_blend\AgentTesla\AgentTesla__92__sess-dump_largest_session_overlay_strongtex.png,AgentTesla,0,AgentTesla__92__sess-dump_largest_session_overlay_strongtex.png,.png,128,128,RGB,8866,12a56886ee33e59d8a408fd147622c0604d79c8b985dde8ada181ca848d0c244,val,-1,-1
AgentTesla/AgentTesla__93__sess-dump_largest_session_overlay_strongtex.png,C:\Users\wwyl5\Project\malware\dataset\processed\dataset_opacity_blend\AgentTesla\AgentTesla__93__sess-dump_largest_session_overlay_strongtex.png,AgentTesla,0,AgentTesla__93__sess-dump_largest_session_overlay_strongtex.png,.png,128,128,RGB,8054,53a93ed1894e6a892b6fb1f40e18dabcdbb15e06c43c9efdd7a4c8cb910bfa57,test,-1,-1
AgentTesla/AgentTesla__94__sess-dump_largest_session_overlay_strongtex.png,C:\Users\wwyl5\Project\malware\dataset\processed\dataset_opacity_blend\AgentTesla\AgentTesla__94__sess-dump_largest_session_overlay_strongtex.png,AgentTesla,0,AgentTesla__94__sess-dump_largest_session_overlay_strongtex.png,.png,128,128,RGB,16705,ed577a3a1259024786675d177cc263eb60e1a4390a6efdf2c5cf2fbc997d9b73,train,3,4
AgentTesla/AgentTesla__95__sess-dump_largest_session_overlay_strongtex.png,C:\Users\wwyl5\Project\malware\dataset\processed\dataset_opacity_blend\AgentTesla\AgentTesla__95__sess-dump_largest_session_overlay_strongtex.png,AgentTesla,0,AgentTesla__95__sess-dump_largest_session_overlay_strongtex.png,.png,128,128,RGB,12940,881c27ffde0ed9f31bc59de017c121e3e09a84e7f7dacf12ec63f73c3adf6fd1,val,-1,-1
AgentTesla/AgentTesla__96__sess-dump_largest_session_overlay_strongtex.png,C:\Users\wwyl5\Project\malware\dataset\processed\dataset_opacity_blend\AgentTesla\AgentTesla__96__sess-dump_largest_session_overlay_strongtex.png,AgentTesla,0,AgentTesla__96__sess-dump_largest_session_overlay_strongtex.png,.png,128,128,RGB,17192,8ec754d15ded60169b93e7285cdeb9e1f5edd3d0aac11fb9a38823917c15bc0c,train,1,4
AgentTesla/AgentTesla__97__sess-dump_largest_session_overlay_strongtex.png,C:\Users\wwyl5\Project\malware\dataset\processed\dataset_opacity_blend\AgentTesla\AgentTesla__97__sess-dump_largest_session_overlay_strongtex.png,AgentTesla,0,AgentTesla__97__sess-dump_largest_session_overlay_strongtex.png,.png,128,128,RGB,11301,9b274a52ff9eb287b1e0ddc7a2ff549306a1accf117dc031640121cf543f7186,train,0,0
AgentTesla/AgentTesla__98__sess-dump_largest_session_overlay_strongtex.png,C:\Users\wwyl5\Project\malware\dataset\processed\dataset_opacity_blend\AgentTesla\AgentTesla__98__sess-dump_largest_session_overlay_strongtex.png,AgentTesla,0,AgentTesla__98__sess-dump_largest_session_overlay_strongtex.png,.png,128,128,RGB,13324,949f7e890d0c4b91cbfbf9ca05040b348f979d1a5bddfe7a71e6aae93ada62ad,train,1,3
AgentTesla/AgentTesla__99__sess-dump_largest_session_overlay_strongtex.png,C:\Users\wwyl5\Project\malware\dataset\processed\dataset_opacity_blend\AgentTesla\AgentTesla__99__sess-dump_largest_session_overlay_strongtex.png,AgentTesla,0,AgentTesla__99__sess-dump_largest_session_overlay_strongtex.png,.png,128,128,RGB,5927,53648cb6234e6b7d860491a658bcef00dbdfa6981fb23e3b0ad8b1ae8d539638,val,-1,-1
AgentTesla/AgentTesla__9__sess-dump_largest_session_overlay_strongtex.png,C:\Users\wwyl5\Project\malware\dataset\processed\dataset_opacity_blend\AgentTesla\AgentTesla__9__sess-dump_largest_session_overlay_strongtex.png,AgentTesla,0,AgentTesla__9__sess-dump_largest_session_overlay_strongtex.png,.png,128,128,RGB,7111,9712ba48e1776873f551347380b173b2f04c495bbc0bcbc60831ca606698f7a5,train,3,0
FormBook/FormBook__155__sess-dump_largest_session_overlay_strongtex.png,C:\Users\wwyl5\Project\malware\dataset\processed\dataset_opacity_blend\FormBook\FormBook__155__sess-dump_largest_session_overlay_strongtex.png,FormBook,1,FormBook__155__sess-dump_largest_session_overlay_strongtex.png,.png,128,128,RGB,5252,18e4cacda107d8c6ac071adb163f5d490d74b581607d820733a7808187b260b3,test,-1,-1
FormBook/FormBook__157__sess-dump_largest_session_overlay_strongtex.png,C:\Users\wwyl5\Project\malware\dataset\processed\dataset_opacity_blend\FormBook\FormBook__157__sess-dump_largest_session_overlay_strongtex.png,FormBook,1,FormBook__157__sess-dump_largest_session_overlay_strongtex.png,.png,128,128,RGB,11359,bae057572531f6f8de7b2315afad21e022db886c70c6bf739b9ccee54014b390,train,0,4
FormBook/FormBook__158__sess-dump_largest_session_overlay_strongtex.png,C:\Users\wwyl5\Project\malware\dataset\processed\dataset_opacity_blend\FormBook\FormBook__158__sess-dump_largest_session_overlay_strongtex.png,FormBook,1,FormBook__158__sess-dump_largest_session_overlay_strongtex.png,.png,128,128,RGB,6100,b303c0cca5cf24567b3ec2a2febd987415cde5577cb231d15f96980815c6d079,test,-1,-1
FormBook/FormBook__159__sess-dump_largest_session_overlay_strongtex.png,C:\Users\wwyl5\Project\malware\dataset\processed\dataset_opacity_blend\FormBook\FormBook__159__sess-dump_largest_session_overlay_strongtex.png,FormBook,1,FormBook__159__sess-dump_largest_session_overlay_strongtex.png,.png,128,128,RGB,7683,958de60c110fb725f4786017e317a5211520e65e28135c9fbadf8444650b2e21,train,0,4
FormBook/FormBook__160__sess-dump_largest_session_overlay_strongtex.png,C:\Users\wwyl5\Project\malware\dataset\processed\dataset_opacity_blend\FormBook\FormBook__160__sess-dump_largest_session_overlay_strongtex.png,FormBook,1,FormBook__160__sess-dump_largest_session_overlay_strongtex.png,.png,128,128,RGB,5556,a479373388787012ee0c0b62039c1678bb15b40e6006a2cc0831a83baccf57d4,test,-1,-1
FormBook/FormBook__161__sess-dump_largest_session_overlay_strongtex.png,C:\Users\wwyl5\Project\malware\dataset\processed\dataset_opacity_blend\FormBook\FormBook__161__sess-dump_largest_session_overlay_strongtex.png,FormBook,1,FormBook__161__sess-dump_largest_session_overlay_strongtex.png,.png,128,128,RGB,5551,df589da6f67b3041fc51d18712cc9c9335242488900541eddf9b253b74b4e76f,train,2,4
FormBook/FormBook__162__sess-dump_largest_session_overlay_strongtex.png,C:\Users\wwyl5\Project\malware\dataset\processed\dataset_opacity_blend\FormBook\FormBook__162__sess-dump_largest_session_overlay_strongtex.png,FormBook,1,FormBook__162__sess-dump_largest_session_overlay_strongtex.png,.png,128,128,RGB,17098,296edd58e21c222a6a7d83dc9790483f72b2b16f59c38953d64287fb09a7388c,val,-1,-1
FormBook/FormBook__163__sess-dump_largest_session_overlay_strongtex.png,C:\Users\wwyl5\Project\malware\dataset\processed\dataset_opacity_blend\FormBook\FormBook__163__sess-dump_largest_session_overlay_strongtex.png,FormBook,1,FormBook__163__sess-dump_largest_session_overlay_strongtex.png,.png,128,128,RGB,8116,d42dbf7daa11ce5e8320c899ac0be2d19c7652c4a927ac0d57baaee2f9703367,val,-1,-1
FormBook/FormBook__164__sess-dump_largest_session_overlay_strongtex.png,C:\Users\wwyl5\Project\malware\dataset\processed\dataset_opacity_blend\FormBook\FormBook__164__sess-dump_largest_session_overlay_strongtex.png,FormBook,1,FormBook__164__sess-dump_largest_session_overlay_strongtex.png,.png,128,128,RGB,13016,57ac5b533fd5e7affbfba4be73c7c08931227df8b91601b25a09bc81d1e8cd42,test,-1,-1
FormBook/FormBook__165__sess-dump_largest_session_overlay_strongtex.png,C:\Users\wwyl5\Project\malware\dataset\processed\dataset_opacity_blend\FormBook\FormBook__165__sess-dump_largest_session_overlay_strongtex.png,FormBook,1,FormBook__165__sess-dump_largest_session_overlay_strongtex.png,.png,128,128,RGB,8521,2459583c01fd3bc305fe647037b48abe245b2a234489789cc8425f93a02ff258,train,1,0
FormBook/FormBook__166__sess-dump_largest_session_overlay_strongtex.png,C:\Users\wwyl5\Project\malware\dataset\processed\dataset_opacity_blend\FormBook\FormBook__166__sess-dump_largest_session_overlay_strongtex.png,FormBook,1,FormBook__166__sess-dump_largest_session_overlay_strongtex.png,.png,128,128,RGB,15249,975dcd51c049c138c22b36ec8f4e1c0a19dce4272a9a6adc4df1b89a0a64daf4,train,1,2
FormBook/FormBook__167__sess-dump_largest_session_overlay_strongtex.png,C:\Users\wwyl5\Project\malware\dataset\processed\dataset_opacity_blend\FormBook\FormBook__167__sess-dump_largest_session_overlay_strongtex.png,FormBook,1,FormBook__167__sess-dump_largest_session_overlay_strongtex.png,.png,128,128,RGB,8204,0c0c7a93fbd49a6166382ff9dbde15fd93756e677f549dc0d362043072b1dba6,val,-1,-1
FormBook/FormBook__168__sess-dump_largest_session_overlay_strongtex.png,C:\Users\wwyl5\Project\malware\dataset\processed\dataset_opacity_blend\FormBook\FormBook__168__sess-dump_largest_session_overlay_strongtex.png,FormBook,1,FormBook__168__sess-dump_largest_session_overlay_strongtex.png,.png,128,128,RGB,14550,349135a9ff188a15af15c62185f18c5694cede6ab25ef213c93b12e2c6ae1db9,train,2,4
FormBook/FormBook__169__sess-dump_largest_session_overlay_strongtex.png,C:\Users\wwyl5\Project\malware\dataset\processed\dataset_opacity_blend\FormBook\FormBook__169__sess-dump_largest_session_overlay_strongtex.png,FormBook,1,FormBook__169__sess-dump_largest_session_overlay_strongtex.png,.png,128,128,RGB,16386,922fdacdf62002526ecd90314fb52457bbc9dc13de5427e596c7fe68439c13ee,test,-1,-1
FormBook/FormBook__170__sess-dump_largest_session_overlay_strongtex.png,C:\Users\wwyl5\Project\malware\dataset\processed\dataset_opacity_blend\FormBook\FormBook__170__sess-dump_largest_session_overlay_strongtex.png,FormBook,1,FormBook__170__sess-dump_largest_session_overlay_strongtex.png,.png,128,128,RGB,14720,f0a57114a33a0ab6cc7e4d4c9649eec51402248de4938e8faba4c50d98baee31,val,-1,-1
FormBook/FormBook__171__sess-dump_largest_session_overlay_strongtex.png,C:\Users\wwyl5\Project\malware\dataset\processed\dataset_opacity_blend\FormBook\FormBook__171__sess-dump_largest_session_overlay_strongtex.png,FormBook,1,FormBook__171__sess-dump_largest_session_overlay_strongtex.png,.png,128,128,RGB,16309,b446607f926abd6264c4e72ae1977dbd2fe02256814bb4beb6d0b773446284ef,train,3,0
FormBook/FormBook__172__sess-dump_largest_session_overlay_strongtex.png,C:\Users\wwyl5\Project\malware\dataset\processed\dataset_opacity_blend\FormBook\FormBook__172__sess-dump_largest_session_overlay_strongtex.png,FormBook,1,FormBook__172__sess-dump_largest_session_overlay_strongtex.png,.png,128,128,RGB,12329,442a620fcfe4b7875558560a3fc41f45f12c033d4345a658c7cfb3a82392809c,train,3,0
FormBook/FormBook__173__sess-dump_largest_session_overlay_strongtex.png,C:\Users\wwyl5\Project\malware\dataset\processed\dataset_opacity_blend\FormBook\FormBook__173__sess-dump_largest_session_overlay_strongtex.png,FormBook,1,FormBook__173__sess-dump_largest_session_overlay_strongtex.png,.png,128,128,RGB,16602,870f3b2945dfd9abfd6c4f06df58f52a9d3a7478691fbdd953342beb8e4e5c59,train,1,0
FormBook/FormBook__174__sess-dump_largest_session_overlay_strongtex.png,C:\Users\wwyl5\Project\malware\dataset\processed\dataset_opacity_blend\FormBook\FormBook__174__sess-dump_largest_session_overlay_strongtex.png,FormBook,1,FormBook__174__sess-dump_largest_session_overlay_strongtex.png,.png,128,128,RGB,11554,ca9654f75bf82f7fa7c9a4152d78efa1bb5b65bd60af8c81e2bcde4989e7bee7,train,1,4
FormBook/FormBook__176__sess-dump_largest_session_overlay_strongtex.png,C:\Users\wwyl5\Project\malware\dataset\processed\dataset_opacity_blend\FormBook\FormBook__176__sess-dump_largest_session_overlay_strongtex.png,FormBook,1,FormBook__176__sess-dump_largest_session_overlay_strongtex.png,.png,128,128,RGB,11873,a8854105ba436d9daa17d9b98fb00996442a57178c0a304c004f01eb94a45ab6,train,4,4
FormBook/FormBook__177__sess-dump_largest_session_overlay_strongtex.png,C:\Users\wwyl5\Project\malware\dataset\processed\dataset_opacity_blend\FormBook\FormBook__177__sess-dump_largest_session_overlay_strongtex.png,FormBook,1,FormBook__177__sess-dump_largest_session_overlay_strongtex.png,.png,128,128,RGB,13002,5f8bef846356b7f48fc9bc898f911dcda6466bc5ab30f661f16b44ac102d78dd,train,0,4
FormBook/FormBook__178__sess-dump_largest_session_overlay_strongtex.png,C:\Users\wwyl5\Project\malware\dataset\processed\dataset_opacity_blend\FormBook\FormBook__178__sess-dump_largest_session_overlay_strongtex.png,FormBook,1,FormBook__178__sess-dump_largest_session_overlay_strongtex.png,.png,128,128,RGB,17407,6b233ca6970e15c81db788b3a124445e89e53f584b6d6d8c5b9679fc045e4ca4,train,0,4
FormBook/FormBook__179__sess-dump_largest_session_overlay_strongtex.png,C:\Users\wwyl5\Project\malware\dataset\processed\dataset_opacity_blend\FormBook\FormBook__179__sess-dump_largest_session_overlay_strongtex.png,FormBook,1,FormBook__179__sess-dump_largest_session_overlay_strongtex.png,.png,128,128,RGB,8069,9d2b8c0aad7726e68f7aa7878f32dee2b201b2ccc758415d2f06b695af83c235,val,-1,-1
FormBook/FormBook__180__sess-dump_largest_session_overlay_strongtex.png,C:\Users\wwyl5\Project\malware\dataset\processed\dataset_opacity_blend\FormBook\FormBook__180__sess-dump_largest_session_overlay_strongtex.png,FormBook,1,FormBook__180__sess-dump_largest_session_overlay_strongtex.png,.png,128,128,RGB,10218,88f5e91b7908b6be0fa5e5aa1288a525214a4dbf92e2e564a4712c09cefd7056,train,3,4
FormBook/FormBook__181__sess-dump_largest_session_overlay_strongtex.png,C:\Users\wwyl5\Project\malware\dataset\processed\dataset_opacity_blend\FormBook\FormBook__181__sess-dump_largest_session_overlay_strongtex.png,FormBook,1,FormBook__181__sess-dump_largest_session_overlay_strongtex.png,.png,128,128,RGB,11715,a9771bfb64edcfba12227dcc8d68970ac956aecae38d0586d556a152b6acecd6,train,2,4
FormBook/FormBook__182__sess-dump_largest_session_overlay_strongtex.png,C:\Users\wwyl5\Project\malware\dataset\processed\dataset_opacity_blend\FormBook\FormBook__182__sess-dump_largest_session_overlay_strongtex.png,FormBook,1,FormBook__182__sess-dump_largest_session_overlay_strongtex.png,.png,128,128,RGB,17577,2e80b7b68626f8d30b793d698a9056928d7e6be85f716e8a86edf3083a8e55f8,train,1,0
FormBook/FormBook__183__sess-dump_largest_session_overlay_strongtex.png,C:\Users\wwyl5\Project\malware\dataset\processed\dataset_opacity_blend\FormBook\FormBook__183__sess-dump_largest_session_overlay_strongtex.png,FormBook,1,FormBook__183__sess-dump_largest_session_overlay_strongtex.png,.png,128,128,RGB,7926,63c04d6c6c8a3ad34d7161f4508cad225371e6be218e992d1073fe5b2738d1e9,test,-1,-1
FormBook/FormBook__184__sess-dump_largest_session_overlay_strongtex.png,C:\Users\wwyl5\Project\malware\dataset\processed\dataset_opacity_blend\FormBook\FormBook__184__sess-dump_largest_session_overlay_strongtex.png,FormBook,1,FormBook__184__sess-dump_largest_session_overlay_strongtex.png,.png,128,128,RGB,10236,b01de43e07b4f6b15bbaedbec465ee16b09abec28502e456ae53fb61313e5714,test,-1,-1
FormBook/FormBook__185__sess-dump_largest_session_overlay_strongtex.png,C:\Users\wwyl5\Project\malware\dataset\processed\dataset_opacity_blend\FormBook\FormBook__185__sess-dump_largest_session_overlay_strongtex.png,FormBook,1,FormBook__185__sess-dump_largest_session_overlay_strongtex.png,.png,128,128,RGB,13020,37a1102d4818d7560335ed61d8d4386cc866a2ab2ef6d9f0941f846800be0be1,train,0,3
FormBook/FormBook__186__sess-dump_largest_session_overlay_strongtex.png,C:\Users\wwyl5\Project\malware\dataset\processed\dataset_opacity_blend\FormBook\FormBook__186__sess-dump_largest_session_overlay_strongtex.png,FormBook,1,FormBook__186__sess-dump_largest_session_overlay_strongtex.png,.png,128,128,RGB,7968,dbe13ae0a28b629754ca1761f53a6f29fc4662f301758c3d883fdfdf367c3a1d,train,4,4
FormBook/FormBook__187__sess-dump_largest_session_overlay_strongtex.png,C:\Users\wwyl5\Project\malware\dataset\processed\dataset_opacity_blend\FormBook\FormBook__187__sess-dump_largest_session_overlay_strongtex.png,FormBook,1,FormBook__187__sess-dump_largest_session_overlay_strongtex.png,.png,128,128,RGB,18889,1e5049d3d12e3584d253482ed53b13093d0add62320370610aa9e39ff0a4f75a,train,1,4
FormBook/FormBook__188__sess-dump_largest_session_overlay_strongtex.png,C:\Users\wwyl5\Project\malware\dataset\processed\dataset_opacity_blend\FormBook\FormBook__188__sess-dump_largest_session_overlay_strongtex.png,FormBook,1,FormBook__188__sess-dump_largest_session_overlay_strongtex.png,.png,128,128,RGB,18989,afc82a5d5571fa279f776e8e0af249bc18e5e7b8c98d791be10b060bcebf95d5,train,3,4
FormBook/FormBook__189__sess-dump_largest_session_overlay_strongtex.png,C:\Users\wwyl5\Project\malware\dataset\processed\dataset_opacity_blend\FormBook\FormBook__189__sess-dump_largest_session_overlay_strongtex.png,FormBook,1,FormBook__189__sess-dump_largest_session_overlay_strongtex.png,.png,128,128,RGB,13244,278687ef737557679191da8bda47f4ee7f909456e2bd7c262ea113d8e182520f,val,-1,-1
FormBook/FormBook__190__sess-dump_largest_session_overlay_strongtex.png,C:\Users\wwyl5\Project\malware\dataset\processed\dataset_opacity_blend\FormBook\FormBook__190__sess-dump_largest_session_overlay_strongtex.png,FormBook,1,FormBook__190__sess-dump_largest_session_overlay_strongtex.png,.png,128,128,RGB,10245,0acd8f463650c45f92181728d924a67ea4c7650edc95b0d22d1cc290acf7828f,val,-1,-1
FormBook/FormBook__191__sess-dump_largest_session_overlay_strongtex.png,C:\Users\wwyl5\Project\malware\dataset\processed\dataset_opacity_blend\FormBook\FormBook__191__sess-dump_largest_session_overlay_strongtex.png,FormBook,1,FormBook__191__sess-dump_largest_session_overlay_strongtex.png,.png,128,128,RGB,11148,5e5fca2cad4056ee6f45948b3ba396d4e8b2500b82661bb9fda3e1f80f2a04f8,val,-1,-1
FormBook/FormBook__192__sess-dump_largest_session_overlay_strongtex.png,C:\Users\wwyl5\Project\malware\dataset\processed\dataset_opacity_blend\FormBook\FormBook__192__sess-dump_largest_session_overlay_strongtex.png,FormBook,1,FormBook__192__sess-dump_largest_session_overlay_strongtex.png,.png,128,128,RGB,11678,0ef879a080e76ae4e34275756be45a0787282c951cb29b5ee4002bf96f29f697,train,3,4
FormBook/FormBook__193__sess-dump_largest_session_overlay_strongtex.png,C:\Users\wwyl5\Project\malware\dataset\processed\dataset_opacity_blend\FormBook\FormBook__193__sess-dump_largest_session_overlay_strongtex.png,FormBook,1,FormBook__193__sess-dump_largest_session_overlay_strongtex.png,.png,128,128,RGB,9671,ca42b82f83dc73169eb08beed4b7ec874a76c962dca5e21e20b75044826afc2f,val,-1,-1
FormBook/FormBook__194__sess-dump_largest_session_overlay_strongtex.png,C:\Users\wwyl5\Project\malware\dataset\processed\dataset_opacity_blend\FormBook\FormBook__194__sess-dump_largest_session_overlay_strongtex.png,FormBook,1,FormBook__194__sess-dump_largest_session_overlay_strongtex.png,.png,128,128,RGB,18472,40dde0710141b7c259a6770b73a6109dd6fc8a8b1a819e8016230c8f59f428ab,train,3,4
FormBook/FormBook__195__sess-dump_largest_session_overlay_strongtex.png,C:\Users\wwyl5\Project\malware\dataset\processed\dataset_opacity_blend\FormBook\FormBook__195__sess-dump_largest_session_overlay_strongtex.png,FormBook,1,FormBook__195__sess-dump_largest_session_overlay_strongtex.png,.png,128,128,RGB,13973,36829993808a062a05b6d33abf8701d6bd9ba4c1fb47be81b4e260ca7ad04e42,train,3,4
FormBook/FormBook__196__sess-dump_largest_session_overlay_strongtex.png,C:\Users\wwyl5\Project\malware\dataset\processed\dataset_opacity_blend\FormBook\FormBook__196__sess-dump_largest_session_overlay_strongtex.png,FormBook,1,FormBook__196__sess-dump_largest_session_overlay_strongtex.png,.png,128,128,RGB,6830,67725d01ae35ecb772745887725d182c1c7cd220af9e743fe4ca3f718e5e1204,train,4,4
FormBook/FormBook__197__sess-dump_largest_session_overlay_strongtex.png,C:\Users\wwyl5\Project\malware\dataset\processed\dataset_opacity_blend\FormBook\FormBook__197__sess-dump_largest_session_overlay_strongtex.png,FormBook,1,FormBook__197__sess-dump_largest_session_overlay_strongtex.png,.png,128,128,RGB,11665,aa8e4727606c4257645d3696d85777585712bd919143ae9e2a39988b0120d233,test,-1,-1
FormBook/FormBook__198__sess-dump_largest_session_overlay_strongtex.png,C:\Users\wwyl5\Project\malware\dataset\processed\dataset_opacity_blend\FormBook\FormBook__198__sess-dump_largest_session_overlay_strongtex.png,FormBook,1,FormBook__198__sess-dump_largest_session_overlay_strongtex.png,.png,128,128,RGB,20084,3f7ad3af2ecc8c528462da69b89da2db8b5b9c1f7725e1f1b126785fb7bd119b,train,2,4
FormBook/FormBook__199__sess-dump_largest_session_overlay_strongtex.png,C:\Users\wwyl5\Project\malware\dataset\processed\dataset_opacity_blend\FormBook\FormBook__199__sess-dump_largest_session_overlay_strongtex.png,FormBook,1,FormBook__199__sess-dump_largest_session_overlay_strongtex.png,.png,128,128,RGB,11219,1fb057659431cea709b562badaa57a4950cee791b5e2e10596b8911fad906eaa,train,2,2
FormBook/FormBook__200__sess-dump_largest_session_overlay_strongtex.png,C:\Users\wwyl5\Project\malware\dataset\processed\dataset_opacity_blend\FormBook\FormBook__200__sess-dump_largest_session_overlay_strongtex.png,FormBook,1,FormBook__200__sess-dump_largest_session_overlay_strongtex.png,.png,128,128,RGB,8060,43e73850eaa94934d97150beb810694273133d610f847cd75792211931e9f651,test,-1,-1
FormBook/FormBook__201__sess-dump_largest_session_overlay_strongtex.png,C:\Users\wwyl5\Project\malware\dataset\processed\dataset_opacity_blend\FormBook\FormBook__201__sess-dump_largest_session_overlay_strongtex.png,FormBook,1,FormBook__201__sess-dump_largest_session_overlay_strongtex.png,.png,128,128,RGB,12823,259977d79466613e71958adb3fe97f849f8634400ff4f40f035a5fec94c80ada,train,0,4
FormBook/FormBook__202__sess-dump_largest_session_overlay_strongtex.png,C:\Users\wwyl5\Project\malware\dataset\processed\dataset_opacity_blend\FormBook\FormBook__202__sess-dump_largest_session_overlay_strongtex.png,FormBook,1,FormBook__202__sess-dump_largest_session_overlay_strongtex.png,.png,128,128,RGB,17039,1be10b571d17af700f7ac009c86548fe14df64fe8ab9f5425f453ad5f336f4db,train,4,4
FormBook/FormBook__203__sess-dump_largest_session_overlay_strongtex.png,C:\Users\wwyl5\Project\malware\dataset\processed\dataset_opacity_blend\FormBook\FormBook__203__sess-dump_largest_session_overlay_strongtex.png,FormBook,1,FormBook__203__sess-dump_largest_session_overlay_strongtex.png,.png,128,128,RGB,19082,2333376bd833459377021e89f4235eb825ec676d079dfe3a1eb199d66c917227,test,-1,-1
FormBook/FormBook__204__sess-dump_largest_session_overlay_strongtex.png,C:\Users\wwyl5\Project\malware\dataset\processed\dataset_opacity_blend\FormBook\FormBook__204__sess-dump_largest_session_overlay_strongtex.png,FormBook,1,FormBook__204__sess-dump_largest_session_overlay_strongtex.png,.png,128,128,RGB,18998,1272b99c31b93f620136211d6837068118db0f83fd612c11b7ef261f144919e5,val,-1,-1
FormBook/FormBook__207__sess-dump_largest_session_overlay_strongtex.png,C:\Users\wwyl5\Project\malware\dataset\processed\dataset_opacity_blend\FormBook\FormBook__207__sess-dump_largest_session_overlay_strongtex.png,FormBook,1,FormBook__207__sess-dump_largest_session_overlay_strongtex.png,.png,128,128,RGB,16630,448d9dea39b50786fd35e41b64f567c235c17061c444d4416abbdd71846db219,train,4,4
FormBook/FormBook__208__sess-dump_largest_session_overlay_strongtex.png,C:\Users\wwyl5\Project\malware\dataset\processed\dataset_opacity_blend\FormBook\FormBook__208__sess-dump_largest_session_overlay_strongtex.png,FormBook,1,FormBook__208__sess-dump_largest_session_overlay_strongtex.png,.png,128,128,RGB,15406,dc066489973fad5d3f026f7ca9062a74ec8550d3e58ec60b15676d9641c0a99b,train,0,4
FormBook/FormBook__209__sess-dump_largest_session_overlay_strongtex.png,C:\Users\wwyl5\Project\malware\dataset\processed\dataset_opacity_blend\FormBook\FormBook__209__sess-dump_largest_session_overlay_strongtex.png,FormBook,1,FormBook__209__sess-dump_largest_session_overlay_strongtex.png,.png,128,128,RGB,10211,c77266417608d137415846109a30fd3b2222389e0611091b12eb08b06b99c204,train,4,0
FormBook/FormBook__210__sess-dump_largest_session_overlay_strongtex.png,C:\Users\wwyl5\Project\malware\dataset\processed\dataset_opacity_blend\FormBook\FormBook__210__sess-dump_largest_session_overlay_strongtex.png,FormBook,1,FormBook__210__sess-dump_largest_session_overlay_strongtex.png,.png,128,128,RGB,11813,8f71f5fcd7bada9f56fe516c714b8c3f576a10694c7578640ea29140fec682b1,train,1,2
FormBook/FormBook__211__sess-dump_largest_session_overlay_strongtex.png,C:\Users\wwyl5\Project\malware\dataset\processed\dataset_opacity_blend\FormBook\FormBook__211__sess-dump_largest_session_overlay_strongtex.png,FormBook,1,FormBook__211__sess-dump_largest_session_overlay_strongtex.png,.png,128,128,RGB,19309,3ef328e20af7b618b524c7ad3a530a2adc639be8b1730b0d7ebca2bf8efb8697,train,1,0
FormBook/FormBook__212__sess-dump_largest_session_overlay_strongtex.png,C:\Users\wwyl5\Project\malware\dataset\processed\dataset_opacity_blend\FormBook\FormBook__212__sess-dump_largest_session_overlay_strongtex.png,FormBook,1,FormBook__212__sess-dump_largest_session_overlay_strongtex.png,.png,128,128,RGB,14072,e7b38fd6e379e45fc0c63efc015e662a84b52961e5b173975ff06bb2649ee0bc,train,3,0
FormBook/FormBook__213__sess-dump_largest_session_overlay_strongtex.png,C:\Users\wwyl5\Project\malware\dataset\processed\dataset_opacity_blend\FormBook\FormBook__213__sess-dump_largest_session_overlay_strongtex.png,FormBook,1,FormBook__213__sess-dump_largest_session_overlay_strongtex.png,.png,128,128,RGB,17181,42af6ad4d2d09b915f60a5214b06ed4bfdca779efafa6d3459adc7d36f2502fc,train,1,4
FormBook/FormBook__216__sess-dump_largest_session_overlay_strongtex.png,C:\Users\wwyl5\Project\malware\dataset\processed\dataset_opacity_blend\FormBook\FormBook__216__sess-dump_largest_session_overlay_strongtex.png,FormBook,1,FormBook__216__sess-dump_largest_session_overlay_strongtex.png,.png,128,128,RGB,11616,656bd3eb8f0bb2271694bf82058b12c775ebb2488d8892c407ab509f4962a575,train,2,4
FormBook/FormBook__217__sess-dump_largest_session_overlay_strongtex.png,C:\Users\wwyl5\Project\malware\dataset\processed\dataset_opacity_blend\FormBook\FormBook__217__sess-dump_largest_session_overlay_strongtex.png,FormBook,1,FormBook__217__sess-dump_largest_session_overlay_strongtex.png,.png,128,128,RGB,19599,6bd69fc0f06b3c28016d13109cd4d1260428715faf136831cb3d0f015519deef,train,0,4
FormBook/FormBook__218__sess-dump_largest_session_overlay_strongtex.png,C:\Users\wwyl5\Project\malware\dataset\processed\dataset_opacity_blend\FormBook\FormBook__218__sess-dump_largest_session_overlay_strongtex.png,FormBook,1,FormBook__218__sess-dump_largest_session_overlay_strongtex.png,.png,128,128,RGB,16374,7c3f8ba62db23fa7a0fee4f9a1faf4cedb4a8866d8d111639ecfff4b2d25b865,train,0,2
FormBook/FormBook__219__sess-dump_largest_session_overlay_strongtex.png,C:\Users\wwyl5\Project\malware\dataset\processed\dataset_opacity_blend\FormBook\FormBook__219__sess-dump_largest_session_overlay_strongtex.png,FormBook,1,FormBook__219__sess-dump_largest_session_overlay_strongtex.png,.png,128,128,RGB,12316,807c34c6f5ce18a493e9be7067bc922ea3f7a993f5093297b5ff4a437b98257b,train,0,3
FormBook/FormBook__220__sess-dump_largest_session_overlay_strongtex.png,C:\Users\wwyl5\Project\malware\dataset\processed\dataset_opacity_blend\FormBook\FormBook__220__sess-dump_largest_session_overlay_strongtex.png,FormBook,1,FormBook__220__sess-dump_largest_session_overlay_strongtex.png,.png,128,128,RGB,12888,c34da671aab935dc53970e11da96954543d66afe0547909b54cc0c6007170a7f,train,1,4
FormBook/FormBook__221__sess-dump_largest_session_overlay_strongtex.png,C:\Users\wwyl5\Project\malware\dataset\processed\dataset_opacity_blend\FormBook\FormBook__221__sess-dump_largest_session_overlay_strongtex.png,FormBook,1,FormBook__221__sess-dump_largest_session_overlay_strongtex.png,.png,128,128,RGB,12392,7fe93f20b4990fd7d5fa55e8c3290528654fe4806c7eea3af0c61cfbb69f6844,train,4,0
FormBook/FormBook__222__sess-dump_largest_session_overlay_strongtex.png,C:\Users\wwyl5\Project\malware\dataset\processed\dataset_opacity_blend\FormBook\FormBook__222__sess-dump_largest_session_overlay_strongtex.png,FormBook,1,FormBook__222__sess-dump_largest_session_overlay_strongtex.png,.png,128,128,RGB,9588,50d8bf6a2fd4bc5ad0fc6c3f55ed2f2bdfb979d42923b97c1ed9b4b1432239b4,val,-1,-1
FormBook/FormBook__223__sess-dump_largest_session_overlay_strongtex.png,C:\Users\wwyl5\Project\malware\dataset\processed\dataset_opacity_blend\FormBook\FormBook__223__sess-dump_largest_session_overlay_strongtex.png,FormBook,1,FormBook__223__sess-dump_largest_session_overlay_strongtex.png,.png,128,128,RGB,11681,d3887d824fbfb4aac3c3997e7858de30fc26bc68e094e9211fb01b2874598d5f,train,0,4
FormBook/FormBook__224__sess-dump_largest_session_overlay_strongtex.png,C:\Users\wwyl5\Project\malware\dataset\processed\dataset_opacity_blend\FormBook\FormBook__224__sess-dump_largest_session_overlay_strongtex.png,FormBook,1,FormBook__224__sess-dump_largest_session_overlay_strongtex.png,.png,128,128,RGB,8977,fd60398e2518f86fcc580f0a3cfe8de6f361a1c3517e93a38e6226ef324106c0,train,2,4
FormBook/FormBook__225__sess-dump_largest_session_overlay_strongtex.png,C:\Users\wwyl5\Project\malware\dataset\processed\dataset_opacity_blend\FormBook\FormBook__225__sess-dump_largest_session_overlay_strongtex.png,FormBook,1,FormBook__225__sess-dump_largest_session_overlay_strongtex.png,.png,128,128,RGB,10233,19afdd85f55d826bc72721c271b1b285c77d4e34680c6d2b6ef7d0ca728dd503,val,-1,-1
FormBook/FormBook__226__sess-dump_largest_session_overlay_strongtex.png,C:\Users\wwyl5\Project\malware\dataset\processed\dataset_opacity_blend\FormBook\FormBook__226__sess-dump_largest_session_overlay_strongtex.png,FormBook,1,FormBook__226__sess-dump_largest_session_overlay_strongtex.png,.png,128,128,RGB,7603,64ec94f1c9f3fa84ebf56384f341dffedadab197df495643a2cc26b4e128d31c,train,0,0
FormBook/FormBook__227__sess-dump_largest_session_overlay_strongtex.png,C:\Users\wwyl5\Project\malware\dataset\processed\dataset_opacity_blend\FormBook\FormBook__227__sess-dump_largest_session_overlay_strongtex.png,FormBook,1,FormBook__227__sess-dump_largest_session_overlay_strongtex.png,.png,128,128,RGB,7487,416789e899a43528d7adec74dd9a0382e008634e51018aeed7e7c51d0d82af9a,train,3,4
FormBook/FormBook__228__sess-dump_largest_session_overlay_strongtex.png,C:\Users\wwyl5\Project\malware\dataset\processed\dataset_opacity_blend\FormBook\FormBook__228__sess-dump_largest_session_overlay_strongtex.png,FormBook,1,FormBook__228__sess-dump_largest_session_overlay_strongtex.png,.png,128,128,RGB,19022,ff453a30cdc3168a600bb54c8e07e51d39153bbf91b2eaa77526edd82bb534fe,train,3,4
FormBook/FormBook__229__sess-dump_largest_session_overlay_strongtex.png,C:\Users\wwyl5\Project\malware\dataset\processed\dataset_opacity_blend\FormBook\FormBook__229__sess-dump_largest_session_overlay_strongtex.png,FormBook,1,FormBook__229__sess-dump_largest_session_overlay_strongtex.png,.png,128,128,RGB,13107,f4ce7d049091b069bb0ea3ffc5be04387fcfe0f8cfd85c90e9f0ffb15b3aa2b7,train,1,4
FormBook/FormBook__230__sess-dump_largest_session_overlay_strongtex.png,C:\Users\wwyl5\Project\malware\dataset\processed\dataset_opacity_blend\FormBook\FormBook__230__sess-dump_largest_session_overlay_strongtex.png,FormBook,1,FormBook__230__sess-dump_largest_session_overlay_strongtex.png,.png,128,128,RGB,18590,f7aa25a7cf6cf28ec074b644ea3a5092a1b7dcee19d11a61844531e08d92abbc,train,3,4
FormBook/FormBook__231__sess-dump_largest_session_overlay_strongtex.png,C:\Users\wwyl5\Project\malware\dataset\processed\dataset_opacity_blend\FormBook\FormBook__231__sess-dump_largest_session_overlay_strongtex.png,FormBook,1,FormBook__231__sess-dump_largest_session_overlay_strongtex.png,.png,128,128,RGB,9620,ae97f74419e5d5c9cd96a4727b44b6788c5b3b998db005e2286681113e44fceb,train,2,3
FormBook/FormBook__232__sess-dump_largest_session_overlay_strongtex.png,C:\Users\wwyl5\Project\malware\dataset\processed\dataset_opacity_blend\FormBook\FormBook__232__sess-dump_largest_session_overlay_strongtex.png,FormBook,1,FormBook__232__sess-dump_largest_session_overlay_strongtex.png,.png,128,128,RGB,9692,8781f82745d83c544f940eef2eca1db2f3a6b3dd6c9a8ee3317660ca90c198af,test,-1,-1
FormBook/FormBook__233__sess-dump_largest_session_overlay_strongtex.png,C:\Users\wwyl5\Project\malware\dataset\processed\dataset_opacity_blend\FormBook\FormBook__233__sess-dump_largest_session_overlay_strongtex.png,FormBook,1,FormBook__233__sess-dump_largest_session_overlay_strongtex.png,.png,128,128,RGB,17393,422fe8e8afd0dd2ddb302f80736765bbd43386f2d65ba930fee297b2b06f4bdf,test,-1,-1
FormBook/FormBook__234__sess-dump_largest_session_overlay_strongtex.png,C:\Users\wwyl5\Project\malware\dataset\processed\dataset_opacity_blend\FormBook\FormBook__234__sess-dump_largest_session_overlay_strongtex.png,FormBook,1,FormBook__234__sess-dump_largest_session_overlay_strongtex.png,.png,128,128,RGB,19046,3bd11a0e4848c3ff2b70b46c9dc481d463996cfa5d7a4e7c80b4bbbd540acb85,train,2,4
FormBook/FormBook__236__sess-dump_largest_session_overlay_strongtex.png,C:\Users\wwyl5\Project\malware\dataset\processed\dataset_opacity_blend\FormBook\FormBook__236__sess-dump_largest_session_overlay_strongtex.png,FormBook,1,FormBook__236__sess-dump_largest_session_overlay_strongtex.png,.png,128,128,RGB,8222,c8e8c8bb15a1ee4799f354f05304b5bca7eb15165d66a90d44c22002f6590214,train,0,4
FormBook/FormBook__237__sess-dump_largest_session_overlay_strongtex.png,C:\Users\wwyl5\Project\malware\dataset\processed\dataset_opacity_blend\FormBook\FormBook__237__sess-dump_largest_session_overlay_strongtex.png,FormBook,1,FormBook__237__sess-dump_largest_session_overlay_strongtex.png,.png,128,128,RGB,16321,1bbde9ef90655b9fb6cc5c1ee3d1f2222e57c87daa13a97819ad8d4ffcf7f001,train,2,4
FormBook/FormBook__238__sess-dump_largest_session_overlay_strongtex.png,C:\Users\wwyl5\Project\malware\dataset\processed\dataset_opacity_blend\FormBook\FormBook__238__sess-dump_largest_session_overlay_strongtex.png,FormBook,1,FormBook__238__sess-dump_largest_session_overlay_strongtex.png,.png,128,128,RGB,6268,8dfab71eeb6f9954e0ec6c92e89b987af00ee5b47b8c7caf49b3b36f40f792fd,train,3,4
FormBook/FormBook__239__sess-dump_largest_session_overlay_strongtex.png,C:\Users\wwyl5\Project\malware\dataset\processed\dataset_opacity_blend\FormBook\FormBook__239__sess-dump_largest_session_overlay_strongtex.png,FormBook,1,FormBook__239__sess-dump_largest_session_overlay_strongtex.png,.png,128,128,RGB,15362,ca1e0f8935192067e1c9d0a5303794e59595921d06df1a5078c9481a111fdd4b,test,-1,-1
FormBook/FormBook__240__sess-dump_largest_session_overlay_strongtex.png,C:\Users\wwyl5\Project\malware\dataset\processed\dataset_opacity_blend\FormBook\FormBook__240__sess-dump_largest_session_overlay_strongtex.png,FormBook,1,FormBook__240__sess-dump_largest_session_overlay_strongtex.png,.png,128,128,RGB,7132,ca5ed7a623865f2a5bffe5812964adc4805453d56b0917069b8e631ae7bc7b67,train,3,4
FormBook/FormBook__241__sess-dump_largest_session_overlay_strongtex.png,C:\Users\wwyl5\Project\malware\dataset\processed\dataset_opacity_blend\FormBook\FormBook__241__sess-dump_largest_session_overlay_strongtex.png,FormBook,1,FormBook__241__sess-dump_largest_session_overlay_strongtex.png,.png,128,128,RGB,16384,7b58f5985b4b3ebd28debf5d575612d62f5b05567b20bc389d38841e79fa34a5,train,2,2
FormBook/FormBook__242__sess-dump_largest_session_overlay_strongtex.png,C:\Users\wwyl5\Project\malware\dataset\processed\dataset_opacity_blend\FormBook\FormBook__242__sess-dump_largest_session_overlay_strongtex.png,FormBook,1,FormBook__242__sess-dump_largest_session_overlay_strongtex.png,.png,128,128,RGB,13076,341d38920e271c6822fc5e638a0683d4ac2c46745d179678ed90132cc44f7836,test,-1,-1
FormBook/FormBook__243__sess-dump_largest_session_overlay_strongtex.png,C:\Users\wwyl5\Project\malware\dataset\processed\dataset_opacity_blend\FormBook\FormBook__243__sess-dump_largest_session_overlay_strongtex.png,FormBook,1,FormBook__243__sess-dump_largest_session_overlay_strongtex.png,.png,128,128,RGB,12257,374ac192c6f95ae498958a22af01673e4fee64252b6ff03307bdbd8e08ba509a,train,4,4
FormBook/FormBook__244__sess-dump_largest_session_overlay_strongtex.png,C:\Users\wwyl5\Project\malware\dataset\processed\dataset_opacity_blend\FormBook\FormBook__244__sess-dump_largest_session_overlay_strongtex.png,FormBook,1,FormBook__244__sess-dump_largest_session_overlay_strongtex.png,.png,128,128,RGB,8193,a47be519fb2704d47b7b0a21f576abc758afd276d2011800157777920933fc02,train,3,4
FormBook/FormBook__245__sess-dump_largest_session_overlay_strongtex.png,C:\Users\wwyl5\Project\malware\dataset\processed\dataset_opacity_blend\FormBook\FormBook__245__sess-dump_largest_session_overlay_strongtex.png,FormBook,1,FormBook__245__sess-dump_largest_session_overlay_strongtex.png,.png,128,128,RGB,12509,587981a17753d95f07d06f98e908337627b6d3390f9f0c080ccfd4251b0c741e,train,4,4
FormBook/FormBook__246__sess-dump_largest_session_overlay_strongtex.png,C:\Users\wwyl5\Project\malware\dataset\processed\dataset_opacity_blend\FormBook\FormBook__246__sess-dump_largest_session_overlay_strongtex.png,FormBook,1,FormBook__246__sess-dump_largest_session_overlay_strongtex.png,.png,128,128,RGB,10068,a5d6dc569706d5824fb396030c2c16cb4f14f0afaaae8bab2ebe2f720315d26b,train,2,4
FormBook/FormBook__247__sess-dump_largest_session_overlay_strongtex.png,C:\Users\wwyl5\Project\malware\dataset\processed\dataset_opacity_blend\FormBook\FormBook__247__sess-dump_largest_session_overlay_strongtex.png,FormBook,1,FormBook__247__sess-dump_largest_session_overlay_strongtex.png,.png,128,128,RGB,16475,60b3d22202ea8ffd2626235d7fadfe4c1065d0318b4b69aa5a804009a4328722,train,4,4
FormBook/FormBook__248__sess-dump_largest_session_overlay_strongtex.png,C:\Users\wwyl5\Project\malware\dataset\processed\dataset_opacity_blend\FormBook\FormBook__248__sess-dump_largest_session_overlay_strongtex.png,FormBook,1,FormBook__248__sess-dump_largest_session_overlay_strongtex.png,.png,128,128,RGB,8050,74ef3c0322c49257917b3f4d47e11ec688b07a035843fc2b9016b9d4dc2f3271,train,4,0
FormBook/FormBook__249__sess-dump_largest_session_overlay_strongtex.png,C:\Users\wwyl5\Project\malware\dataset\processed\dataset_opacity_blend\FormBook\FormBook__249__sess-dump_largest_session_overlay_strongtex.png,FormBook,1,FormBook__249__sess-dump_largest_session_overlay_strongtex.png,.png,128,128,RGB,8296,ed303cca2cc5c4fd8a5ee7ccf2464e2b00c690dbc2dd747e3bede3d1ab63e70c,train,4,0
FormBook/FormBook__250__sess-dump_largest_session_overlay_strongtex.png,C:\Users\wwyl5\Project\malware\dataset\processed\dataset_opacity_blend\FormBook\FormBook__250__sess-dump_largest_session_overlay_strongtex.png,FormBook,1,FormBook__250__sess-dump_largest_session_overlay_strongtex.png,.png,128,128,RGB,15488,01dc50422ce87cc66fefac9eff877bec79048e4bce40a75f0d93f3b192b41844,train,4,4
FormBook/FormBook__251__sess-dump_largest_session_overlay_strongtex.png,C:\Users\wwyl5\Project\malware\dataset\processed\dataset_opacity_blend\FormBook\FormBook__251__sess-dump_largest_session_overlay_strongtex.png,FormBook,1,FormBook__251__sess-dump_largest_session_overlay_strongtex.png,.png,128,128,RGB,13754,b050932fcbc2f657a4f3a1108792e4bcb1c7195c6b29163b0f6b7c67747bcd85,train,0,4
FormBook/FormBook__252__sess-dump_largest_session_overlay_strongtex.png,C:\Users\wwyl5\Project\malware\dataset\processed\dataset_opacity_blend\FormBook\FormBook__252__sess-dump_largest_session_overlay_strongtex.png,FormBook,1,FormBook__252__sess-dump_largest_session_overlay_strongtex.png,.png,128,128,RGB,11590,c0e9f2dab1ed02c0be5bb9dca17b14a9478ca9916ff2864438d02b77069ec21d,train,2,2
FormBook/FormBook__253__sess-dump_largest_session_overlay_strongtex.png,C:\Users\wwyl5\Project\malware\dataset\processed\dataset_opacity_blend\FormBook\FormBook__253__sess-dump_largest_session_overlay_strongtex.png,FormBook,1,FormBook__253__sess-dump_largest_session_overlay_strongtex.png,.png,128,128,RGB,7844,bd956312a06071b0ac990577633caefae13b9dd339c5b531da1c33c2d79b0c76,train,4,4
FormBook/FormBook__254__sess-dump_largest_session_overlay_strongtex.png,C:\Users\wwyl5\Project\malware\dataset\processed\dataset_opacity_blend\FormBook\FormBook__254__sess-dump_largest_session_overlay_strongtex.png,FormBook,1,FormBook__254__sess-dump_largest_session_overlay_strongtex.png,.png,128,128,RGB,9277,9494b673913c30889ab38a170d4c1db9bcb502348673963b2ac489112f8d60c9,train,1,0
FormBook/FormBook__372__sess-dump_largest_session_overlay_strongtex.png,C:\Users\wwyl5\Project\malware\dataset\processed\dataset_opacity_blend\FormBook\FormBook__372__sess-dump_largest_session_overlay_strongtex.png,FormBook,1,FormBook__372__sess-dump_largest_session_overlay_strongtex.png,.png,128,128,RGB,8371,565a270727e24fe602b7b9ea8cbd877299dd6fa07a2c2d1f1c48e371636a6f17,train,1,4
FormBook/FormBook__373__sess-dump_largest_session_overlay_strongtex.png,C:\Users\wwyl5\Project\malware\dataset\processed\dataset_opacity_blend\FormBook\FormBook__373__sess-dump_largest_session_overlay_strongtex.png,FormBook,1,FormBook__373__sess-dump_largest_session_overlay_strongtex.png,.png,128,128,RGB,12083,9408cc1733df618660c00245920c2aaeee1e298b7914e44aa5272b5878752d96,val,-1,-1
FormBook/FormBook__374__sess-dump_largest_session_overlay_strongtex.png,C:\Users\wwyl5\Project\malware\dataset\processed\dataset_opacity_blend\FormBook\FormBook__374__sess-dump_largest_session_overlay_strongtex.png,FormBook,1,FormBook__374__sess-dump_largest_session_overlay_strongtex.png,.png,128,128,RGB,13173,acfc2ead4418a084c215e62d71a65540c61d88d4333ef0ef95e14c203bcde32f,test,-1,-1
FormBook/FormBook__375__sess-dump_largest_session_overlay_strongtex.png,C:\Users\wwyl5\Project\malware\dataset\processed\dataset_opacity_blend\FormBook\FormBook__375__sess-dump_largest_session_overlay_strongtex.png,FormBook,1,FormBook__375__sess-dump_largest_session_overlay_strongtex.png,.png,128,128,RGB,12946,fc766f62e4744bfb2a1ee30e181eb4d21e444b85d1cb9be4e8d24c3c3a48629c,val,-1,-1
FormBook/FormBook__376__sess-dump_largest_session_overlay_strongtex.png,C:\Users\wwyl5\Project\malware\dataset\processed\dataset_opacity_blend\FormBook\FormBook__376__sess-dump_largest_session_overlay_strongtex.png,FormBook,1,FormBook__376__sess-dump_largest_session_overlay_strongtex.png,.png,128,128,RGB,13370,9fd9dc0a307e94bd714944b5257c7c27f2687e74e90a2989b6792a46161fd441,val,-1,-1
FormBook/FormBook__377__sess-dump_largest_session_overlay_strongtex.png,C:\Users\wwyl5\Project\malware\dataset\processed\dataset_opacity_blend\FormBook\FormBook__377__sess-dump_largest_session_overlay_strongtex.png,FormBook,1,FormBook__377__sess-dump_largest_session_overlay_strongtex.png,.png,128,128,RGB,18175,10ff3322d1f6d530a9b4b9aaf5089618331ca5e50427e1c373a098f98641b135,train,1,4
FormBook/FormBook__378__sess-dump_largest_session_overlay_strongtex.png,C:\Users\wwyl5\Project\malware\dataset\processed\dataset_opacity_blend\FormBook\FormBook__378__sess-dump_largest_session_overlay_strongtex.png,FormBook,1,FormBook__378__sess-dump_largest_session_overlay_strongtex.png,.png,128,128,RGB,18454,79884b2bbc023e0c032eeeeba9d3a09f4221bfa1a239b0bd4b9f2fa0fb99e633,train,2,4
SalatStealer/SalatStealer__263__sess-dump_largest_session_overlay_strongtex.png,C:\Users\wwyl5\Project\malware\dataset\processed\dataset_opacity_blend\SalatStealer\SalatStealer__263__sess-dump_largest_session_overlay_strongtex.png,SalatStealer,2,SalatStealer__263__sess-dump_largest_session_overlay_strongtex.png,.png,128,128,RGB,6132,1b2368fdc1aae641c0f9e31299c56efda8d5a46c18138506ba0d6c63875bb7cf,test,-1,-1
SalatStealer/SalatStealer__264__sess-dump_largest_session_overlay_strongtex.png,C:\Users\wwyl5\Project\malware\dataset\processed\dataset_opacity_blend\SalatStealer\SalatStealer__264__sess-dump_largest_session_overlay_strongtex.png,SalatStealer,2,SalatStealer__264__sess-dump_largest_session_overlay_strongtex.png,.png,128,128,RGB,8791,4a4ab52a83caa6dd219f874dba2bd7e9d61e0431db67b14a1c003619bf02972a,val,-1,-1
SalatStealer/SalatStealer__265__sess-dump_largest_session_overlay_strongtex.png,C:\Users\wwyl5\Project\malware\dataset\processed\dataset_opacity_blend\SalatStealer\SalatStealer__265__sess-dump_largest_session_overlay_strongtex.png,SalatStealer,2,SalatStealer__265__sess-dump_largest_session_overlay_strongtex.png,.png,128,128,RGB,9413,4c11eb4cd8b86ad8bbb4d518b4a5b90eed97266179b5b4f268f9bb6fb3d52e8f,test,-1,-1
SalatStealer/SalatStealer__266__sess-dump_largest_session_overlay_strongtex.png,C:\Users\wwyl5\Project\malware\dataset\processed\dataset_opacity_blend\SalatStealer\SalatStealer__266__sess-dump_largest_session_overlay_strongtex.png,SalatStealer,2,SalatStealer__266__sess-dump_largest_session_overlay_strongtex.png,.png,128,128,RGB,9371,206e063626efaf7276f8d96595ec63a8c033b859dd710b0f01333482c1b7ccf6,train,0,1
SalatStealer/SalatStealer__267__sess-dump_largest_session_overlay_strongtex.png,C:\Users\wwyl5\Project\malware\dataset\processed\dataset_opacity_blend\SalatStealer\SalatStealer__267__sess-dump_largest_session_overlay_strongtex.png,SalatStealer,2,SalatStealer__267__sess-dump_largest_session_overlay_strongtex.png,.png,128,128,RGB,7508,89fe9f0724faba151cb606acee06106500a807c01e2d5a111264da513a8138ef,train,3,1
SalatStealer/SalatStealer__268__sess-dump_largest_session_overlay_strongtex.png,C:\Users\wwyl5\Project\malware\dataset\processed\dataset_opacity_blend\SalatStealer\SalatStealer__268__sess-dump_largest_session_overlay_strongtex.png,SalatStealer,2,SalatStealer__268__sess-dump_largest_session_overlay_strongtex.png,.png,128,128,RGB,8906,a2ad8c6eb2d2717cf80aae1be787ec7e61bd7bdf5668d2fe037b3f51b6e50864,train,1,1
SalatStealer/SalatStealer__269__sess-dump_largest_session_overlay_strongtex.png,C:\Users\wwyl5\Project\malware\dataset\processed\dataset_opacity_blend\SalatStealer\SalatStealer__269__sess-dump_largest_session_overlay_strongtex.png,SalatStealer,2,SalatStealer__269__sess-dump_largest_session_overlay_strongtex.png,.png,128,128,RGB,9157,35cd0996feba9569c0a607f226d65dd845ebf982872b1427fe61adc48923cfa0,train,4,1
SalatStealer/SalatStealer__270__sess-dump_largest_session_overlay_strongtex.png,C:\Users\wwyl5\Project\malware\dataset\processed\dataset_opacity_blend\SalatStealer\SalatStealer__270__sess-dump_largest_session_overlay_strongtex.png,SalatStealer,2,SalatStealer__270__sess-dump_largest_session_overlay_strongtex.png,.png,128,128,RGB,8947,670cd994a67161b45c82ba9a56009311cb93b2d0d29dbb4a980c97eccbfcb3f8,train,1,1
SalatStealer/SalatStealer__271__sess-dump_largest_session_overlay_strongtex.png,C:\Users\wwyl5\Project\malware\dataset\processed\dataset_opacity_blend\SalatStealer\SalatStealer__271__sess-dump_largest_session_overlay_strongtex.png,SalatStealer,2,SalatStealer__271__sess-dump_largest_session_overlay_strongtex.png,.png,128,128,RGB,10444,f9ac26a1d685d639ee0dbfc48e703e9a136d9eee71690d8be66758a55034547b,train,2,1
SalatStealer/SalatStealer__272__sess-dump_largest_session_overlay_strongtex.png,C:\Users\wwyl5\Project\malware\dataset\processed\dataset_opacity_blend\SalatStealer\SalatStealer__272__sess-dump_largest_session_overlay_strongtex.png,SalatStealer,2,SalatStealer__272__sess-dump_largest_session_overlay_strongtex.png,.png,128,128,RGB,7046,9c6bba38664a4fd1ad0015703c0b44fa825f80787c748e66eb94e3b17ca16bb4,train,4,1
SalatStealer/SalatStealer__273__sess-dump_largest_session_overlay_strongtex.png,C:\Users\wwyl5\Project\malware\dataset\processed\dataset_opacity_blend\SalatStealer\SalatStealer__273__sess-dump_largest_session_overlay_strongtex.png,SalatStealer,2,SalatStealer__273__sess-dump_largest_session_overlay_strongtex.png,.png,128,128,RGB,8814,011a9652e23f50f53a1ecc7a84c4fc5965719279b5f750a08ebc92cf5694052e,val,-1,-1
SalatStealer/SalatStealer__274__sess-dump_largest_session_overlay_strongtex.png,C:\Users\wwyl5\Project\malware\dataset\processed\dataset_opacity_blend\SalatStealer\SalatStealer__274__sess-dump_largest_session_overlay_strongtex.png,SalatStealer,2,SalatStealer__274__sess-dump_largest_session_overlay_strongtex.png,.png,128,128,RGB,9899,b4324b013701dac10a1ccaccd68b836a6f65e2a55174e28a42df95ce576f1ee0,train,1,1
SalatStealer/SalatStealer__275__sess-dump_largest_session_overlay_strongtex.png,C:\Users\wwyl5\Project\malware\dataset\processed\dataset_opacity_blend\SalatStealer\SalatStealer__275__sess-dump_largest_session_overlay_strongtex.png,SalatStealer,2,SalatStealer__275__sess-dump_largest_session_overlay_strongtex.png,.png,128,128,RGB,9704,a79bb99a7e0750b255bd00da3472b376b8b6ca08b187e5145ff9fdf402c9cf6d,train,4,4
SalatStealer/SalatStealer__276__sess-dump_largest_session_overlay_strongtex.png,C:\Users\wwyl5\Project\malware\dataset\processed\dataset_opacity_blend\SalatStealer\SalatStealer__276__sess-dump_largest_session_overlay_strongtex.png,SalatStealer,2,SalatStealer__276__sess-dump_largest_session_overlay_strongtex.png,.png,128,128,RGB,9387,13dfd53fc69d9ac8d92bb6d2051927a80ff0e9c192f13ec9fbdfa51619608ce2,train,0,4
SalatStealer/SalatStealer__277__sess-dump_largest_session_overlay_strongtex.png,C:\Users\wwyl5\Project\malware\dataset\processed\dataset_opacity_blend\SalatStealer\SalatStealer__277__sess-dump_largest_session_overlay_strongtex.png,SalatStealer,2,SalatStealer__277__sess-dump_largest_session_overlay_strongtex.png,.png,128,128,RGB,10524,6483520944576d76033655ddae112ea4618941d8b5ec599fd694e1d6d4264d8f,train,1,1
SalatStealer/SalatStealer__278__sess-dump_largest_session_overlay_strongtex.png,C:\Users\wwyl5\Project\malware\dataset\processed\dataset_opacity_blend\SalatStealer\SalatStealer__278__sess-dump_largest_session_overlay_strongtex.png,SalatStealer,2,SalatStealer__278__sess-dump_largest_session_overlay_strongtex.png,.png,128,128,RGB,8284,4613b13f160ca1c6c61f3fb80b08f659ac5a9cb7024822353df7eb0d12088216,test,-1,-1
SalatStealer/SalatStealer__279__sess-dump_largest_session_overlay_strongtex.png,C:\Users\wwyl5\Project\malware\dataset\processed\dataset_opacity_blend\SalatStealer\SalatStealer__279__sess-dump_largest_session_overlay_strongtex.png,SalatStealer,2,SalatStealer__279__sess-dump_largest_session_overlay_strongtex.png,.png,128,128,RGB,9191,36ab4c079fd8decef4798166b89e865a87ae5960d8a3dbc6a0c8727b55667b39,test,-1,-1
SalatStealer/SalatStealer__280__sess-dump_largest_session_overlay_strongtex.png,C:\Users\wwyl5\Project\malware\dataset\processed\dataset_opacity_blend\SalatStealer\SalatStealer__280__sess-dump_largest_session_overlay_strongtex.png,SalatStealer,2,SalatStealer__280__sess-dump_largest_session_overlay_strongtex.png,.png,128,128,RGB,12217,ad5d1fbc546512da6f28e43385f9df5a668e0708843df0aad87a3a9aea57f237,train,2,4
SalatStealer/SalatStealer__281__sess-dump_largest_session_overlay_strongtex.png,C:\Users\wwyl5\Project\malware\dataset\processed\dataset_opacity_blend\SalatStealer\SalatStealer__281__sess-dump_largest_session_overlay_strongtex.png,SalatStealer,2,SalatStealer__281__sess-dump_largest_session_overlay_strongtex.png,.png,128,128,RGB,8795,521cd592e24b0913b8224eabb33d71ed30e65eed28ff009886389cadc6078529,test,-1,-1
SalatStealer/SalatStealer__282__sess-dump_largest_session_overlay_strongtex.png,C:\Users\wwyl5\Project\malware\dataset\processed\dataset_opacity_blend\SalatStealer\SalatStealer__282__sess-dump_largest_session_overlay_strongtex.png,SalatStealer,2,SalatStealer__282__sess-dump_largest_session_overlay_strongtex.png,.png,128,128,RGB,7953,3981a3e31fe7225140b4fa1666de8bbba19af44870a2b5b4793cf95607ddacae,val,-1,-1
SalatStealer/SalatStealer__283__sess-dump_largest_session_overlay_strongtex.png,C:\Users\wwyl5\Project\malware\dataset\processed\dataset_opacity_blend\SalatStealer\SalatStealer__283__sess-dump_largest_session_overlay_strongtex.png,SalatStealer,2,SalatStealer__283__sess-dump_largest_session_overlay_strongtex.png,.png,128,128,RGB,8278,a5458c969e9e6cdd1f19d2814ea39e0a2c2084e0f7e5e93e1862163d53d7f56e,train,3,3
SalatStealer/SalatStealer__284__sess-dump_largest_session_overlay_strongtex.png,C:\Users\wwyl5\Project\malware\dataset\processed\dataset_opacity_blend\SalatStealer\SalatStealer__284__sess-dump_largest_session_overlay_strongtex.png,SalatStealer,2,SalatStealer__284__sess-dump_largest_session_overlay_strongtex.png,.png,128,128,RGB,7521,783540708552b4db9d2454cf8ebc0a96a6428ccce0f24884953104ad4ae79322,train,1,4
SalatStealer/SalatStealer__285__sess-dump_largest_session_overlay_strongtex.png,C:\Users\wwyl5\Project\malware\dataset\processed\dataset_opacity_blend\SalatStealer\SalatStealer__285__sess-dump_largest_session_overlay_strongtex.png,SalatStealer,2,SalatStealer__285__sess-dump_largest_session_overlay_strongtex.png,.png,128,128,RGB,9917,bcfffecd6a1a5b9e347cf4e0a7fc05342365db69d215b514f30744e4e22ae91c,train,3,4
SalatStealer/SalatStealer__286__sess-dump_largest_session_overlay_strongtex.png,C:\Users\wwyl5\Project\malware\dataset\processed\dataset_opacity_blend\SalatStealer\SalatStealer__286__sess-dump_largest_session_overlay_strongtex.png,SalatStealer,2,SalatStealer__286__sess-dump_largest_session_overlay_strongtex.png,.png,128,128,RGB,6900,b594f5d2a7966f205cddf046d795a36f379cf9e6a653c66ecfba8a38e58b5879,val,-1,-1
SalatStealer/SalatStealer__287__sess-dump_largest_session_overlay_strongtex.png,C:\Users\wwyl5\Project\malware\dataset\processed\dataset_opacity_blend\SalatStealer\SalatStealer__287__sess-dump_largest_session_overlay_strongtex.png,SalatStealer,2,SalatStealer__287__sess-dump_largest_session_overlay_strongtex.png,.png,128,128,RGB,8945,3150afb6e416e4c5481c6573dc65436a6e0e3bc3491980cfb0b67702a98108ca,train,0,4
SalatStealer/SalatStealer__288__sess-dump_largest_session_overlay_strongtex.png,C:\Users\wwyl5\Project\malware\dataset\processed\dataset_opacity_blend\SalatStealer\SalatStealer__288__sess-dump_largest_session_overlay_strongtex.png,SalatStealer,2,SalatStealer__288__sess-dump_largest_session_overlay_strongtex.png,.png,128,128,RGB,8885,34c0258e92ed3c7e96915e8a4cbdb257ac3cf42d04a85e621e68ed349f42cd1f,train,3,1
SalatStealer/SalatStealer__289__sess-dump_largest_session_overlay_strongtex.png,C:\Users\wwyl5\Project\malware\dataset\processed\dataset_opacity_blend\SalatStealer\SalatStealer__289__sess-dump_largest_session_overlay_strongtex.png,SalatStealer,2,SalatStealer__289__sess-dump_largest_session_overlay_strongtex.png,.png,128,128,RGB,9396,07c6cc25fe7a2643a30bcbe30f85192d64df0c3207423c182b69f1cbaa03264e,train,0,3
SalatStealer/SalatStealer__290__sess-dump_largest_session_overlay_strongtex.png,C:\Users\wwyl5\Project\malware\dataset\processed\dataset_opacity_blend\SalatStealer\SalatStealer__290__sess-dump_largest_session_overlay_strongtex.png,SalatStealer,2,SalatStealer__290__sess-dump_largest_session_overlay_strongtex.png,.png,128,128,RGB,8508,556e4feddc6765896262599279fbf5e86c6113c0f38471160ac223076ffb77e6,train,0,4
SalatStealer/SalatStealer__292__sess-dump_largest_session_overlay_strongtex.png,C:\Users\wwyl5\Project\malware\dataset\processed\dataset_opacity_blend\SalatStealer\SalatStealer__292__sess-dump_largest_session_overlay_strongtex.png,SalatStealer,2,SalatStealer__292__sess-dump_largest_session_overlay_strongtex.png,.png,128,128,RGB,6401,c310b13eb5a12c129448c90eff75dcd1610970bdfa6ed06d53ccfa1c79e37f2d,train,3,1
SalatStealer/SalatStealer__293__sess-dump_largest_session_overlay_strongtex.png,C:\Users\wwyl5\Project\malware\dataset\processed\dataset_opacity_blend\SalatStealer\SalatStealer__293__sess-dump_largest_session_overlay_strongtex.png,SalatStealer,2,SalatStealer__293__sess-dump_largest_session_overlay_strongtex.png,.png,128,128,RGB,8419,2765ee2f5112b3aa6a455c83818cc63881664e7a5b4b37d3e01674fb2611c20d,train,0,4
SalatStealer/SalatStealer__294__sess-dump_largest_session_overlay_strongtex.png,C:\Users\wwyl5\Project\malware\dataset\processed\dataset_opacity_blend\SalatStealer\SalatStealer__294__sess-dump_largest_session_overlay_strongtex.png,SalatStealer,2,SalatStealer__294__sess-dump_largest_session_overlay_strongtex.png,.png,128,128,RGB,9590,e94c693a0bd48e61f2de7d69d08f7fbedc8fcb1c732713f7da3ae4320a024399,train,1,1
SalatStealer/SalatStealer__295__sess-dump_largest_session_overlay_strongtex.png,C:\Users\wwyl5\Project\malware\dataset\processed\dataset_opacity_blend\SalatStealer\SalatStealer__295__sess-dump_largest_session_overlay_strongtex.png,SalatStealer,2,SalatStealer__295__sess-dump_largest_session_overlay_strongtex.png,.png,128,128,RGB,8331,a68ccf8b21d7fdbde41cf61ae494a342dfd703191574022b1b6a4a195442d7ba,val,-1,-1
SalatStealer/SalatStealer__296__sess-dump_largest_session_overlay_strongtex.png,C:\Users\wwyl5\Project\malware\dataset\processed\dataset_opacity_blend\SalatStealer\SalatStealer__296__sess-dump_largest_session_overlay_strongtex.png,SalatStealer,2,SalatStealer__296__sess-dump_largest_session_overlay_strongtex.png,.png,128,128,RGB,9076,8e25b6431a42751cf969df123aa77e50f9d4efc8e69e41aee1b61af8e588dc0f,train,0,3
SalatStealer/SalatStealer__297__sess-dump_largest_session_overlay_strongtex.png,C:\Users\wwyl5\Project\malware\dataset\processed\dataset_opacity_blend\SalatStealer\SalatStealer__297__sess-dump_largest_session_overlay_strongtex.png,SalatStealer,2,SalatStealer__297__sess-dump_largest_session_overlay_strongtex.png,.png,128,128,RGB,8776,7bafa75b42300ad205762ad123c833971822b8d58c8cd832830484452029134e,train,3,4
SalatStealer/SalatStealer__298__sess-dump_largest_session_overlay_strongtex.png,C:\Users\wwyl5\Project\malware\dataset\processed\dataset_opacity_blend\SalatStealer\SalatStealer__298__sess-dump_largest_session_overlay_strongtex.png,SalatStealer,2,SalatStealer__298__sess-dump_largest_session_overlay_strongtex.png,.png,128,128,RGB,8897,84b8b8fa74f67f4ab91a6e2ab4ba52c4b59b2fc094288c0d938442331f0f3edf,train,0,4
SalatStealer/SalatStealer__299__sess-dump_largest_session_overlay_strongtex.png,C:\Users\wwyl5\Project\malware\dataset\processed\dataset_opacity_blend\SalatStealer\SalatStealer__299__sess-dump_largest_session_overlay_strongtex.png,SalatStealer,2,SalatStealer__299__sess-dump_largest_session_overlay_strongtex.png,.png,128,128,RGB,9475,1fc1449b0a29ce6b9e23415d9735865bbf0ea754e8aebdf08c37389094d6f99c,val,-1,-1
SalatStealer/SalatStealer__300__sess-dump_largest_session_overlay_strongtex.png,C:\Users\wwyl5\Project\malware\dataset\processed\dataset_opacity_blend\SalatStealer\SalatStealer__300__sess-dump_largest_session_overlay_strongtex.png,SalatStealer,2,SalatStealer__300__sess-dump_largest_session_overlay_strongtex.png,.png,128,128,RGB,6622,5a29dc72d15401e3c0ce61de11c7535efb24500187256fc2f74c46f5dabdcaab,train,1,4
SalatStealer/SalatStealer__302__sess-dump_largest_session_overlay_strongtex.png,C:\Users\wwyl5\Project\malware\dataset\processed\dataset_opacity_blend\SalatStealer\SalatStealer__302__sess-dump_largest_session_overlay_strongtex.png,SalatStealer,2,SalatStealer__302__sess-dump_largest_session_overlay_strongtex.png,.png,128,128,RGB,7650,d0568f27fec0c71db1e6d4785ccf21b3b5d2473f726ed90d039c09559187ec33,test,-1,-1
SalatStealer/SalatStealer__303__sess-dump_largest_session_overlay_strongtex.png,C:\Users\wwyl5\Project\malware\dataset\processed\dataset_opacity_blend\SalatStealer\SalatStealer__303__sess-dump_largest_session_overlay_strongtex.png,SalatStealer,2,SalatStealer__303__sess-dump_largest_session_overlay_strongtex.png,.png,128,128,RGB,10303,354c43291ca3b047ccb89f09ffcb2fda9b72b4a29ac7b09c599b1c6f8032cdfe,train,0,4
SalatStealer/SalatStealer__304__sess-dump_largest_session_overlay_strongtex.png,C:\Users\wwyl5\Project\malware\dataset\processed\dataset_opacity_blend\SalatStealer\SalatStealer__304__sess-dump_largest_session_overlay_strongtex.png,SalatStealer,2,SalatStealer__304__sess-dump_largest_session_overlay_strongtex.png,.png,128,128,RGB,8925,17f036861cadf2cb0e78563ab5d6d41eab50b1b95faed9a1273aadd6163a84b9,train,1,1
SalatStealer/SalatStealer__305__sess-dump_largest_session_overlay_strongtex.png,C:\Users\wwyl5\Project\malware\dataset\processed\dataset_opacity_blend\SalatStealer\SalatStealer__305__sess-dump_largest_session_overlay_strongtex.png,SalatStealer,2,SalatStealer__305__sess-dump_largest_session_overlay_strongtex.png,.png,128,128,RGB,9736,f579357036bae039472877a45715333b0b90a4f3276a571220ba348b2fe11e89,train,1,1
SalatStealer/SalatStealer__306__sess-dump_largest_session_overlay_strongtex.png,C:\Users\wwyl5\Project\malware\dataset\processed\dataset_opacity_blend\SalatStealer\SalatStealer__306__sess-dump_largest_session_overlay_strongtex.png,SalatStealer,2,SalatStealer__306__sess-dump_largest_session_overlay_strongtex.png,.png,128,128,RGB,11709,fc42f35602a1758658046d842b617a856050ad65daafcfe2c0fdb4bb228e465e,train,0,4
SalatStealer/SalatStealer__307__sess-dump_largest_session_overlay_strongtex.png,C:\Users\wwyl5\Project\malware\dataset\processed\dataset_opacity_blend\SalatStealer\SalatStealer__307__sess-dump_largest_session_overlay_strongtex.png,SalatStealer,2,SalatStealer__307__sess-dump_largest_session_overlay_strongtex.png,.png,128,128,RGB,16826,4dd64f7172d5047b74cba7480488c23229c532beb5d28430af75002f5323948a,train,1,4
SalatStealer/SalatStealer__308__sess-dump_largest_session_overlay_strongtex.png,C:\Users\wwyl5\Project\malware\dataset\processed\dataset_opacity_blend\SalatStealer\SalatStealer__308__sess-dump_largest_session_overlay_strongtex.png,SalatStealer,2,SalatStealer__308__sess-dump_largest_session_overlay_strongtex.png,.png,128,128,RGB,13185,b10e3a5a8ed8fefd9d67cca3848da45800ee8df229a5961394a0f2fd83706732,val,-1,-1
SalatStealer/SalatStealer__309__sess-dump_largest_session_overlay_strongtex.png,C:\Users\wwyl5\Project\malware\dataset\processed\dataset_opacity_blend\SalatStealer\SalatStealer__309__sess-dump_largest_session_overlay_strongtex.png,SalatStealer,2,SalatStealer__309__sess-dump_largest_session_overlay_strongtex.png,.png,128,128,RGB,9356,2512b2540c96062ce533d7a7ce4544a9f7d3573f6569e0f4a25fdd30869208b7,train,2,4
SalatStealer/SalatStealer__310__sess-dump_largest_session_overlay_strongtex.png,C:\Users\wwyl5\Project\malware\dataset\processed\dataset_opacity_blend\SalatStealer\SalatStealer__310__sess-dump_largest_session_overlay_strongtex.png,SalatStealer,2,SalatStealer__310__sess-dump_largest_session_overlay_strongtex.png,.png,128,128,RGB,8579,f9bc841bb633d1fa8cd34fe07613a8ce27d6bbcc304ee35871bab72db78bc080,train,2,1
SalatStealer/SalatStealer__311__sess-dump_largest_session_overlay_strongtex.png,C:\Users\wwyl5\Project\malware\dataset\processed\dataset_opacity_blend\SalatStealer\SalatStealer__311__sess-dump_largest_session_overlay_strongtex.png,SalatStealer,2,SalatStealer__311__sess-dump_largest_session_overlay_strongtex.png,.png,128,128,RGB,8040,1f6d9578a7de4bf33bd49056f9091a9b8296c7f6000e84246885ba6b8266922f,train,3,4
SalatStealer/SalatStealer__312__sess-dump_largest_session_overlay_strongtex.png,C:\Users\wwyl5\Project\malware\dataset\processed\dataset_opacity_blend\SalatStealer\SalatStealer__312__sess-dump_largest_session_overlay_strongtex.png,SalatStealer,2,SalatStealer__312__sess-dump_largest_session_overlay_strongtex.png,.png,128,128,RGB,10135,fdca7aacf284da168c135cfc3578bb1511e64c9dcea4b6935bba663704076203,train,2,3
SalatStealer/SalatStealer__313__sess-dump_largest_session_overlay_strongtex.png,C:\Users\wwyl5\Project\malware\dataset\processed\dataset_opacity_blend\SalatStealer\SalatStealer__313__sess-dump_largest_session_overlay_strongtex.png,SalatStealer,2,SalatStealer__313__sess-dump_largest_session_overlay_strongtex.png,.png,128,128,RGB,15616,b7b215b694e716c7922f0a558d63cbe4a41cf0167ad8281183d0c1457c06455e,train,1,1
SalatStealer/SalatStealer__314__sess-dump_largest_session_overlay_strongtex.png,C:\Users\wwyl5\Project\malware\dataset\processed\dataset_opacity_blend\SalatStealer\SalatStealer__314__sess-dump_largest_session_overlay_strongtex.png,SalatStealer,2,SalatStealer__314__sess-dump_largest_session_overlay_strongtex.png,.png,128,128,RGB,9093,bad2ead512148a471a1f9ff4fec3f508ff425439533a2a8d3b31377bdc2a3a99,train,3,0
SalatStealer/SalatStealer__315__sess-dump_largest_session_overlay_strongtex.png,C:\Users\wwyl5\Project\malware\dataset\processed\dataset_opacity_blend\SalatStealer\SalatStealer__315__sess-dump_largest_session_overlay_strongtex.png,SalatStealer,2,SalatStealer__315__sess-dump_largest_session_overlay_strongtex.png,.png,128,128,RGB,9586,fc6814982aa0abc13d045f8f5660798d78e585719df91f45fa2bde5e2141fe7c,train,2,3
SalatStealer/SalatStealer__316__sess-dump_largest_session_overlay_strongtex.png,C:\Users\wwyl5\Project\malware\dataset\processed\dataset_opacity_blend\SalatStealer\SalatStealer__316__sess-dump_largest_session_overlay_strongtex.png,SalatStealer,2,SalatStealer__316__sess-dump_largest_session_overlay_strongtex.png,.png,128,128,RGB,11622,cb95fdd580c954c3660268254134952d566e92ccb327891e9686e8262953ebfe,train,2,2
SalatStealer/SalatStealer__317__sess-dump_largest_session_overlay_strongtex.png,C:\Users\wwyl5\Project\malware\dataset\processed\dataset_opacity_blend\SalatStealer\SalatStealer__317__sess-dump_largest_session_overlay_strongtex.png,SalatStealer,2,SalatStealer__317__sess-dump_largest_session_overlay_strongtex.png,.png,128,128,RGB,8917,52a3c0186cb043d29ba263f1b5dd110e49b94ca83a903e1d3b0d1cc589bacf4e,test,-1,-1
SalatStealer/SalatStealer__318__sess-dump_largest_session_overlay_strongtex.png,C:\Users\wwyl5\Project\malware\dataset\processed\dataset_opacity_blend\SalatStealer\SalatStealer__318__sess-dump_largest_session_overlay_strongtex.png,SalatStealer,2,SalatStealer__318__sess-dump_largest_session_overlay_strongtex.png,.png,128,128,RGB,10133,be18a8c1c6a129eba3aa4f00a879cb588431ed53807eec98b9538f7d2dbb2819,train,2,1
SalatStealer/SalatStealer__319__sess-dump_largest_session_overlay_strongtex.png,C:\Users\wwyl5\Project\malware\dataset\processed\dataset_opacity_blend\SalatStealer\SalatStealer__319__sess-dump_largest_session_overlay_strongtex.png,SalatStealer,2,SalatStealer__319__sess-dump_largest_session_overlay_strongtex.png,.png,128,128,RGB,8838,1a43d2f92e880522a7deae30b0397ca47e0f7bb4ef4cc97a2fe874dcb5e03770,test,-1,-1
SalatStealer/SalatStealer__320__sess-dump_largest_session_overlay_strongtex.png,C:\Users\wwyl5\Project\malware\dataset\processed\dataset_opacity_blend\SalatStealer\SalatStealer__320__sess-dump_largest_session_overlay_strongtex.png,SalatStealer,2,SalatStealer__320__sess-dump_largest_session_overlay_strongtex.png,.png,128,128,RGB,12057,44af6cbe2d5f4e2bc365739dca65b75786d11286bcb26b663819316790ac555d,val,-1,-1
SalatStealer/SalatStealer__321__sess-dump_largest_session_overlay_strongtex.png,C:\Users\wwyl5\Project\malware\dataset\processed\dataset_opacity_blend\SalatStealer\SalatStealer__321__sess-dump_largest_session_overlay_strongtex.png,SalatStealer,2,SalatStealer__321__sess-dump_largest_session_overlay_strongtex.png,.png,128,128,RGB,8135,ff9b25acb72e33cd24a7d3543e9b1c2cbe0ff02f54948a55acc25c1580d41eda,train,3,1
SalatStealer/SalatStealer__322__sess-dump_largest_session_overlay_strongtex.png,C:\Users\wwyl5\Project\malware\dataset\processed\dataset_opacity_blend\SalatStealer\SalatStealer__322__sess-dump_largest_session_overlay_strongtex.png,SalatStealer,2,SalatStealer__322__sess-dump_largest_session_overlay_strongtex.png,.png,128,128,RGB,9673,4cb61c21aabe12b03cffeedf9fac7cb09ae115b9b37007940bce1781f0ac6748,train,4,1
SalatStealer/SalatStealer__323__sess-dump_largest_session_overlay_strongtex.png,C:\Users\wwyl5\Project\malware\dataset\processed\dataset_opacity_blend\SalatStealer\SalatStealer__323__sess-dump_largest_session_overlay_strongtex.png,SalatStealer,2,SalatStealer__323__sess-dump_largest_session_overlay_strongtex.png,.png,128,128,RGB,9066,242bd55564487318f658e07b3b2b2f6dd860b7494e11c014d8432e366c97ec5a,val,-1,-1
SalatStealer/SalatStealer__324__sess-dump_largest_session_overlay_strongtex.png,C:\Users\wwyl5\Project\malware\dataset\processed\dataset_opacity_blend\SalatStealer\SalatStealer__324__sess-dump_largest_session_overlay_strongtex.png,SalatStealer,2,SalatStealer__324__sess-dump_largest_session_overlay_strongtex.png,.png,128,128,RGB,10089,6abdf609012b558892fee7c697a26dd82773964c840e7b87f4d47d5ca9634d38,train,2,1
SalatStealer/SalatStealer__325__sess-dump_largest_session_overlay_strongtex.png,C:\Users\wwyl5\Project\malware\dataset\processed\dataset_opacity_blend\SalatStealer\SalatStealer__325__sess-dump_largest_session_overlay_strongtex.png,SalatStealer,2,SalatStealer__325__sess-dump_largest_session_overlay_strongtex.png,.png,128,128,RGB,10700,34cdaf4c51518019aa7272396f265a547cfc19303097e1b9c99da0a376a1511d,train,3,4
SalatStealer/SalatStealer__326__sess-dump_largest_session_overlay_strongtex.png,C:\Users\wwyl5\Project\malware\dataset\processed\dataset_opacity_blend\SalatStealer\SalatStealer__326__sess-dump_largest_session_overlay_strongtex.png,SalatStealer,2,SalatStealer__326__sess-dump_largest_session_overlay_strongtex.png,.png,128,128,RGB,10726,6aba75a8d991a7bf50762b75b38028a0b3c7eb57f6939c71414a30c7fb485b4f,train,0,4
SalatStealer/SalatStealer__327__sess-dump_largest_session_overlay_strongtex.png,C:\Users\wwyl5\Project\malware\dataset\processed\dataset_opacity_blend\SalatStealer\SalatStealer__327__sess-dump_largest_session_overlay_strongtex.png,SalatStealer,2,SalatStealer__327__sess-dump_largest_session_overlay_strongtex.png,.png,128,128,RGB,8790,0c949c44b77042c11fcf49d9e332c6456895321cc638825a9054f74ca8d20150,train,1,4
SalatStealer/SalatStealer__328__sess-dump_largest_session_overlay_strongtex.png,C:\Users\wwyl5\Project\malware\dataset\processed\dataset_opacity_blend\SalatStealer\SalatStealer__328__sess-dump_largest_session_overlay_strongtex.png,SalatStealer,2,SalatStealer__328__sess-dump_largest_session_overlay_strongtex.png,.png,128,128,RGB,8066,53bea1dd775fe414221f9ad751907dda8e606251516624cc0f8a51971be4f386,train,2,1
SalatStealer/SalatStealer__329__sess-dump_largest_session_overlay_strongtex.png,C:\Users\wwyl5\Project\malware\dataset\processed\dataset_opacity_blend\SalatStealer\SalatStealer__329__sess-dump_largest_session_overlay_strongtex.png,SalatStealer,2,SalatStealer__329__sess-dump_largest_session_overlay_strongtex.png,.png,128,128,RGB,8510,b3aef8230774ecff6f8f2b678e5c28510b8a02513ff02e51ebb6e85e65dd150b,train,4,3
SalatStealer/SalatStealer__330__sess-dump_largest_session_overlay_strongtex.png,C:\Users\wwyl5\Project\malware\dataset\processed\dataset_opacity_blend\SalatStealer\SalatStealer__330__sess-dump_largest_session_overlay_strongtex.png,SalatStealer,2,SalatStealer__330__sess-dump_largest_session_overlay_strongtex.png,.png,128,128,RGB,9312,47675083d5b8dc3830f619e62f4f477e5c402eafdb2f1c6182c167fe19ca2e93,train,3,4
SalatStealer/SalatStealer__331__sess-dump_largest_session_overlay_strongtex.png,C:\Users\wwyl5\Project\malware\dataset\processed\dataset_opacity_blend\SalatStealer\SalatStealer__331__sess-dump_largest_session_overlay_strongtex.png,SalatStealer,2,SalatStealer__331__sess-dump_largest_session_overlay_strongtex.png,.png,128,128,RGB,10289,c39b5d00067a0b7ab10fbf499af629ffd74c923851005841a046139fb761fd6e,train,0,1
SalatStealer/SalatStealer__332__sess-dump_largest_session_overlay_strongtex.png,C:\Users\wwyl5\Project\malware\dataset\processed\dataset_opacity_blend\SalatStealer\SalatStealer__332__sess-dump_largest_session_overlay_strongtex.png,SalatStealer,2,SalatStealer__332__sess-dump_largest_session_overlay_strongtex.png,.png,128,128,RGB,10003,aa6005691dc00e5471dd74f973d63404e2d47c3345fdcb8f394d5ebfdb60b1c9,val,-1,-1
SalatStealer/SalatStealer__333__sess-dump_largest_session_overlay_strongtex.png,C:\Users\wwyl5\Project\malware\dataset\processed\dataset_opacity_blend\SalatStealer\SalatStealer__333__sess-dump_largest_session_overlay_strongtex.png,SalatStealer,2,SalatStealer__333__sess-dump_largest_session_overlay_strongtex.png,.png,128,128,RGB,9798,e06fa9125e2b546047e9de2744a801378d2051287c396b4442fd6f8ea161353e,test,-1,-1
SalatStealer/SalatStealer__334__sess-dump_largest_session_overlay_strongtex.png,C:\Users\wwyl5\Project\malware\dataset\processed\dataset_opacity_blend\SalatStealer\SalatStealer__334__sess-dump_largest_session_overlay_strongtex.png,SalatStealer,2,SalatStealer__334__sess-dump_largest_session_overlay_strongtex.png,.png,128,128,RGB,9777,8c17aa70ecd2c631cc38e38936e694fd147bf6bfc6b932348b4a0d9c94490ff8,test,-1,-1
SalatStealer/SalatStealer__335__sess-dump_largest_session_overlay_strongtex.png,C:\Users\wwyl5\Project\malware\dataset\processed\dataset_opacity_blend\SalatStealer\SalatStealer__335__sess-dump_largest_session_overlay_strongtex.png,SalatStealer,2,SalatStealer__335__sess-dump_largest_session_overlay_strongtex.png,.png,128,128,RGB,9674,9fa6ac7b428124c6803ee1d26ed904230f3d4144eda1acae3d9d15bcb93428de,train,3,1
SalatStealer/SalatStealer__336__sess-dump_largest_session_overlay_strongtex.png,C:\Users\wwyl5\Project\malware\dataset\processed\dataset_opacity_blend\SalatStealer\SalatStealer__336__sess-dump_largest_session_overlay_strongtex.png,SalatStealer,2,SalatStealer__336__sess-dump_largest_session_overlay_strongtex.png,.png,128,128,RGB,9236,de8307439999bcbeb9a22182d617b25bb4a0d2e73dc17c3477714b2fd62b76b4,train,2,3
SalatStealer/SalatStealer__337__sess-dump_largest_session_overlay_strongtex.png,C:\Users\wwyl5\Project\malware\dataset\processed\dataset_opacity_blend\SalatStealer\SalatStealer__337__sess-dump_largest_session_overlay_strongtex.png,SalatStealer,2,SalatStealer__337__sess-dump_largest_session_overlay_strongtex.png,.png,128,128,RGB,9803,826d690effaed4d51a1f56be64ba075dac07656036b434cb0b0797d371c075af,test,-1,-1
SalatStealer/SalatStealer__338__sess-dump_largest_session_overlay_strongtex.png,C:\Users\wwyl5\Project\malware\dataset\processed\dataset_opacity_blend\SalatStealer\SalatStealer__338__sess-dump_largest_session_overlay_strongtex.png,SalatStealer,2,SalatStealer__338__sess-dump_largest_session_overlay_strongtex.png,.png,128,128,RGB,9181,6d7829a643e487fcba4d67942fd56832d0c518876caaab1dda5613f58d162513,train,4,0
SalatStealer/SalatStealer__339__sess-dump_largest_session_overlay_strongtex.png,C:\Users\wwyl5\Project\malware\dataset\processed\dataset_opacity_blend\SalatStealer\SalatStealer__339__sess-dump_largest_session_overlay_strongtex.png,SalatStealer,2,SalatStealer__339__sess-dump_largest_session_overlay_strongtex.png,.png,128,128,RGB,9142,756f06d69ecb51d63dc14376886785b4fe98826607db6cf1a5ee535155d12970,test,-1,-1
SalatStealer/SalatStealer__340__sess-dump_largest_session_overlay_strongtex.png,C:\Users\wwyl5\Project\malware\dataset\processed\dataset_opacity_blend\SalatStealer\SalatStealer__340__sess-dump_largest_session_overlay_strongtex.png,SalatStealer,2,SalatStealer__340__sess-dump_largest_session_overlay_strongtex.png,.png,128,128,RGB,8873,8e5e8739bf5cf56232d8b26d295fb466f36bd601be46e8f3abecac20edbfdb60,train,1,3
SalatStealer/SalatStealer__341__sess-dump_largest_session_overlay_strongtex.png,C:\Users\wwyl5\Project\malware\dataset\processed\dataset_opacity_blend\SalatStealer\SalatStealer__341__sess-dump_largest_session_overlay_strongtex.png,SalatStealer,2,SalatStealer__341__sess-dump_largest_session_overlay_strongtex.png,.png,128,128,RGB,9435,ff708662664f4cd4729b1791d90b882e7b60b80630bddd6933383fb4de893cf7,val,-1,-1
SalatStealer/SalatStealer__342__sess-dump_largest_session_overlay_strongtex.png,C:\Users\wwyl5\Project\malware\dataset\processed\dataset_opacity_blend\SalatStealer\SalatStealer__342__sess-dump_largest_session_overlay_strongtex.png,SalatStealer,2,SalatStealer__342__sess-dump_largest_session_overlay_strongtex.png,.png,128,128,RGB,8984,acc7eb0161df438cc145192cc8fc88de3e591cf9268ca9498139b950cc9cecd1,train,4,1
SalatStealer/SalatStealer__343__sess-dump_largest_session_overlay_strongtex.png,C:\Users\wwyl5\Project\malware\dataset\processed\dataset_opacity_blend\SalatStealer\SalatStealer__343__sess-dump_largest_session_overlay_strongtex.png,SalatStealer,2,SalatStealer__343__sess-dump_largest_session_overlay_strongtex.png,.png,128,128,RGB,9202,b908cd131ec62d4d0a101a2739e43f406c79f1cb8cb73c5c0e500e262492328d,train,0,1
SalatStealer/SalatStealer__344__sess-dump_largest_session_overlay_strongtex.png,C:\Users\wwyl5\Project\malware\dataset\processed\dataset_opacity_blend\SalatStealer\SalatStealer__344__sess-dump_largest_session_overlay_strongtex.png,SalatStealer,2,SalatStealer__344__sess-dump_largest_session_overlay_strongtex.png,.png,128,128,RGB,16143,b6a077fd9585d4736ecc65dff13ecd8750f7450c44a550e3b4c0b4fa8c9e46aa,train,4,1
SalatStealer/SalatStealer__345__sess-dump_largest_session_overlay_strongtex.png,C:\Users\wwyl5\Project\malware\dataset\processed\dataset_opacity_blend\SalatStealer\SalatStealer__345__sess-dump_largest_session_overlay_strongtex.png,SalatStealer,2,SalatStealer__345__sess-dump_largest_session_overlay_strongtex.png,.png,128,128,RGB,7871,7ed4973b2c754d995176ec34eea35c3f0932a35cc5401b87cc6977eb510e1801,val,-1,-1
SalatStealer/SalatStealer__346__sess-dump_largest_session_overlay_strongtex.png,C:\Users\wwyl5\Project\malware\dataset\processed\dataset_opacity_blend\SalatStealer\SalatStealer__346__sess-dump_largest_session_overlay_strongtex.png,SalatStealer,2,SalatStealer__346__sess-dump_largest_session_overlay_strongtex.png,.png,128,128,RGB,9124,09c92449421819e9bd1c30282040cd8fe9f507ec5f511397caaa5b0a9ac47cf0,train,4,1
SalatStealer/SalatStealer__347__sess-dump_largest_session_overlay_strongtex.png,C:\Users\wwyl5\Project\malware\dataset\processed\dataset_opacity_blend\SalatStealer\SalatStealer__347__sess-dump_largest_session_overlay_strongtex.png,SalatStealer,2,SalatStealer__347__sess-dump_largest_session_overlay_strongtex.png,.png,128,128,RGB,10313,eb40df520cd093289a3087d6b00fdf9f7b1c06c9476f2bcace367e0afa47a45c,train,1,3
SalatStealer/SalatStealer__348__sess-dump_largest_session_overlay_strongtex.png,C:\Users\wwyl5\Project\malware\dataset\processed\dataset_opacity_blend\SalatStealer\SalatStealer__348__sess-dump_largest_session_overlay_strongtex.png,SalatStealer,2,SalatStealer__348__sess-dump_largest_session_overlay_strongtex.png,.png,128,128,RGB,9461,e4ad8fa682641d3b57e2a65655ea4b0a51af213e0ccedc8f8b5dede154549574,train,4,4
SalatStealer/SalatStealer__349__sess-dump_largest_session_overlay_strongtex.png,C:\Users\wwyl5\Project\malware\dataset\processed\dataset_opacity_blend\SalatStealer\SalatStealer__349__sess-dump_largest_session_overlay_strongtex.png,SalatStealer,2,SalatStealer__349__sess-dump_largest_session_overlay_strongtex.png,.png,128,128,RGB,9190,3d9596c10cbdaa4751cce8cc9e19bec87f564f671e264914e07affacbe59b1c0,train,2,0
SalatStealer/SalatStealer__350__sess-dump_largest_session_overlay_strongtex.png,C:\Users\wwyl5\Project\malware\dataset\processed\dataset_opacity_blend\SalatStealer\SalatStealer__350__sess-dump_largest_session_overlay_strongtex.png,SalatStealer,2,SalatStealer__350__sess-dump_largest_session_overlay_strongtex.png,.png,128,128,RGB,10997,48d8ab78e7281008be595eef3740797ceff59b2c0e99f0eda9cb76dd14c0748a,train,4,1
SalatStealer/SalatStealer__351__sess-dump_largest_session_overlay_strongtex.png,C:\Users\wwyl5\Project\malware\dataset\processed\dataset_opacity_blend\SalatStealer\SalatStealer__351__sess-dump_largest_session_overlay_strongtex.png,SalatStealer,2,SalatStealer__351__sess-dump_largest_session_overlay_strongtex.png,.png,128,128,RGB,10116,7c2526dc842b123adac8c7fdd00e78673cc7e2d7a5c6c8bdd56ce12dd8dd66f6,train,0,3
SalatStealer/SalatStealer__352__sess-dump_largest_session_overlay_strongtex.png,C:\Users\wwyl5\Project\malware\dataset\processed\dataset_opacity_blend\SalatStealer\SalatStealer__352__sess-dump_largest_session_overlay_strongtex.png,SalatStealer,2,SalatStealer__352__sess-dump_largest_session_overlay_strongtex.png,.png,128,128,RGB,6381,0abb915fcb23e1e27f2403eb347ff1ccbc49d2b8b8cfa910f2d3032a60c35e48,train,4,1
SalatStealer/SalatStealer__353__sess-dump_largest_session_overlay_strongtex.png,C:\Users\wwyl5\Project\malware\dataset\processed\dataset_opacity_blend\SalatStealer\SalatStealer__353__sess-dump_largest_session_overlay_strongtex.png,SalatStealer,2,SalatStealer__353__sess-dump_largest_session_overlay_strongtex.png,.png,128,128,RGB,9533,4e18c89e5d4e2d1ca1ebcdc4bceb4ca0ef5c504004d77299127ebbea5c40a2c8,train,3,1
SalatStealer/SalatStealer__354__sess-dump_largest_session_overlay_strongtex.png,C:\Users\wwyl5\Project\malware\dataset\processed\dataset_opacity_blend\SalatStealer\SalatStealer__354__sess-dump_largest_session_overlay_strongtex.png,SalatStealer,2,SalatStealer__354__sess-dump_largest_session_overlay_strongtex.png,.png,128,128,RGB,9997,fcfc88e13442e904a48ec85c2eaaa358f3e6f264fbbdb7ca74b5688459991998,val,-1,-1
SalatStealer/SalatStealer__355__sess-dump_largest_session_overlay_strongtex.png,C:\Users\wwyl5\Project\malware\dataset\processed\dataset_opacity_blend\SalatStealer\SalatStealer__355__sess-dump_largest_session_overlay_strongtex.png,SalatStealer,2,SalatStealer__355__sess-dump_largest_session_overlay_strongtex.png,.png,128,128,RGB,9942,60920e0790feab9eb78b7191716ed19ec6cb640351cf2280f9f1922c4bb7f4ff,test,-1,-1
SalatStealer/SalatStealer__356__sess-dump_largest_session_overlay_strongtex.png,C:\Users\wwyl5\Project\malware\dataset\processed\dataset_opacity_blend\SalatStealer\SalatStealer__356__sess-dump_largest_session_overlay_strongtex.png,SalatStealer,2,SalatStealer__356__sess-dump_largest_session_overlay_strongtex.png,.png,128,128,RGB,10805,e6516b6899bd056692c15b73b727173a3ef7382b78b7b0d3e801978edb6a6c43,test,-1,-1
SalatStealer/SalatStealer__357__sess-dump_largest_session_overlay_strongtex.png,C:\Users\wwyl5\Project\malware\dataset\processed\dataset_opacity_blend\SalatStealer\SalatStealer__357__sess-dump_largest_session_overlay_strongtex.png,SalatStealer,2,SalatStealer__357__sess-dump_largest_session_overlay_strongtex.png,.png,128,128,RGB,10107,145bb89c67724a84fbd32238dffc480d6c4a5f926fa0aa0dce52c59f5dc07b45,train,2,1
SalatStealer/SalatStealer__359__sess-dump_largest_session_overlay_strongtex.png,C:\Users\wwyl5\Project\malware\dataset\processed\dataset_opacity_blend\SalatStealer\SalatStealer__359__sess-dump_largest_session_overlay_strongtex.png,SalatStealer,2,SalatStealer__359__sess-dump_largest_session_overlay_strongtex.png,.png,128,128,RGB,10079,0534ea5ee4ef10fcefeb3b8b2eefdab018b39d7d01dfe928f7cf7e7f977e292d,train,4,4
SalatStealer/SalatStealer__360__sess-dump_largest_session_overlay_strongtex.png,C:\Users\wwyl5\Project\malware\dataset\processed\dataset_opacity_blend\SalatStealer\SalatStealer__360__sess-dump_largest_session_overlay_strongtex.png,SalatStealer,2,SalatStealer__360__sess-dump_largest_session_overlay_strongtex.png,.png,128,128,RGB,10603,f06247e497920424d2f37d36a926ce22d7773117ee1e11692c9314e95df77831,train,3,1
SalatStealer/SalatStealer__361__sess-dump_largest_session_overlay_strongtex.png,C:\Users\wwyl5\Project\malware\dataset\processed\dataset_opacity_blend\SalatStealer\SalatStealer__361__sess-dump_largest_session_overlay_strongtex.png,SalatStealer,2,SalatStealer__361__sess-dump_largest_session_overlay_strongtex.png,.png,128,128,RGB,9278,392b0825a253c38e2e819fca3740d25bb64e8064a0aa1ced3ddcf549daf4a486,val,-1,-1
SalatStealer/SalatStealer__363__sess-dump_largest_session_overlay_strongtex.png,C:\Users\wwyl5\Project\malware\dataset\processed\dataset_opacity_blend\SalatStealer\SalatStealer__363__sess-dump_largest_session_overlay_strongtex.png,SalatStealer,2,SalatStealer__363__sess-dump_largest_session_overlay_strongtex.png,.png,128,128,RGB,11246,a372f5dfd2f20e7364727210b77541e4e3e5f59410c943c9854fefceccb97145,test,-1,-1
SalatStealer/SalatStealer__364__sess-dump_largest_session_overlay_strongtex.png,C:\Users\wwyl5\Project\malware\dataset\processed\dataset_opacity_blend\SalatStealer\SalatStealer__364__sess-dump_largest_session_overlay_strongtex.png,SalatStealer,2,SalatStealer__364__sess-dump_largest_session_overlay_strongtex.png,.png,128,128,RGB,9102,4ed91c449ab08f7d64b4f5fedef57919efc4dd34c353c86e8a5b37b938e847a7,train,4,1
SalatStealer/SalatStealer__367__sess-dump_largest_session_overlay_strongtex.png,C:\Users\wwyl5\Project\malware\dataset\processed\dataset_opacity_blend\SalatStealer\SalatStealer__367__sess-dump_largest_session_overlay_strongtex.png,SalatStealer,2,SalatStealer__367__sess-dump_largest_session_overlay_strongtex.png,.png,128,128,RGB,6736,d9df3f68c83801ece19636bee80490b5815bab4ebb190a21edb3a3237e2b8d1b,val,-1,-1
SalatStealer/SalatStealer__384__sess-dump_largest_session_overlay_strongtex.png,C:\Users\wwyl5\Project\malware\dataset\processed\dataset_opacity_blend\SalatStealer\SalatStealer__384__sess-dump_largest_session_overlay_strongtex.png,SalatStealer,2,SalatStealer__384__sess-dump_largest_session_overlay_strongtex.png,.png,128,128,RGB,6561,17bf6a6e513bf4c550f3fb63f0a49bc918e4191534f51110d6c21fa15849162d,train,2,1
StealC/StealC__152__sess-dump_largest_session_overlay_strongtex.png,C:\Users\wwyl5\Project\malware\dataset\processed\dataset_opacity_blend\StealC\StealC__152__sess-dump_largest_session_overlay_strongtex.png,StealC,3,StealC__152__sess-dump_largest_session_overlay_strongtex.png,.png,128,128,RGB,12275,e9da770d4147cea2038799ea29f665f268a4f2bbc3b44412ec80b9104941518f,train,0,2
StealC/StealC__153__sess-dump_largest_session_overlay_strongtex.png,C:\Users\wwyl5\Project\malware\dataset\processed\dataset_opacity_blend\StealC\StealC__153__sess-dump_largest_session_overlay_strongtex.png,StealC,3,StealC__153__sess-dump_largest_session_overlay_strongtex.png,.png,128,128,RGB,19329,4684bedf8f987014cff32915f62526158993a5117812fee5cb0ed5fafa87d0b4,train,3,3
StealC/StealC__154__sess-dump_largest_session_overlay_strongtex.png,C:\Users\wwyl5\Project\malware\dataset\processed\dataset_opacity_blend\StealC\StealC__154__sess-dump_largest_session_overlay_strongtex.png,StealC,3,StealC__154__sess-dump_largest_session_overlay_strongtex.png,.png,128,128,RGB,4857,c93b54cac9a7cda0306a245b7aa25bfc84dfcdad6dab58ab0122f8e3948805d8,train,4,4
StealC/StealC__155__sess-dump_largest_session_overlay_strongtex.png,C:\Users\wwyl5\Project\malware\dataset\processed\dataset_opacity_blend\StealC\StealC__155__sess-dump_largest_session_overlay_strongtex.png,StealC,3,StealC__155__sess-dump_largest_session_overlay_strongtex.png,.png,128,128,RGB,9763,effda7fd94aac3655a1d56cc620f928b491665f6a404bcbf3adad9b37dee4e58,val,-1,-1
StealC/StealC__157__sess-dump_largest_session_overlay_strongtex.png,C:\Users\wwyl5\Project\malware\dataset\processed\dataset_opacity_blend\StealC\StealC__157__sess-dump_largest_session_overlay_strongtex.png,StealC,3,StealC__157__sess-dump_largest_session_overlay_strongtex.png,.png,128,128,RGB,8867,09abe3f58afd77ce6352ab36e51ee6409d7043f20aa494f36c53f584fd2c9394,train,1,4
StealC/StealC__158__sess-dump_largest_session_overlay_strongtex.png,C:\Users\wwyl5\Project\malware\dataset\processed\dataset_opacity_blend\StealC\StealC__158__sess-dump_largest_session_overlay_strongtex.png,StealC,3,StealC__158__sess-dump_largest_session_overlay_strongtex.png,.png,128,128,RGB,8738,4f726f4ab3234717fd70205f897384378d0981b98b3eac5caccf9789df82e87a,val,-1,-1
StealC/StealC__159__sess-dump_largest_session_overlay_strongtex.png,C:\Users\wwyl5\Project\malware\dataset\processed\dataset_opacity_blend\StealC\StealC__159__sess-dump_largest_session_overlay_strongtex.png,StealC,3,StealC__159__sess-dump_largest_session_overlay_strongtex.png,.png,128,128,RGB,9927,0a17e91d61821038af936bfe44b8ae3cc94bea466b3867c055285a59a551d7a9,train,3,4
StealC/StealC__160__sess-dump_largest_session_overlay_strongtex.png,C:\Users\wwyl5\Project\malware\dataset\processed\dataset_opacity_blend\StealC\StealC__160__sess-dump_largest_session_overlay_strongtex.png,StealC,3,StealC__160__sess-dump_largest_session_overlay_strongtex.png,.png,128,128,RGB,9958,a05be916a30928a83ef3beac35b10d8c8b111ead5a3241ddb5ddcd57566b10ab,test,-1,-1
StealC/StealC__161__sess-dump_largest_session_overlay_strongtex.png,C:\Users\wwyl5\Project\malware\dataset\processed\dataset_opacity_blend\StealC\StealC__161__sess-dump_largest_session_overlay_strongtex.png,StealC,3,StealC__161__sess-dump_largest_session_overlay_strongtex.png,.png,128,128,RGB,11838,511083876bd3b58b89d97913de1a076ffb85542c4a916f8420e647e23d965f9a,train,1,3
StealC/StealC__162__sess-dump_largest_session_overlay_strongtex.png,C:\Users\wwyl5\Project\malware\dataset\processed\dataset_opacity_blend\StealC\StealC__162__sess-dump_largest_session_overlay_strongtex.png,StealC,3,StealC__162__sess-dump_largest_session_overlay_strongtex.png,.png,128,128,RGB,5012,791d48ad97c58734c3a006c832d0a0efc52e329ea73f8c37a9dd5bb4d4d38ebe,train,3,4
StealC/StealC__163__sess-dump_largest_session_overlay_strongtex.png,C:\Users\wwyl5\Project\malware\dataset\processed\dataset_opacity_blend\StealC\StealC__163__sess-dump_largest_session_overlay_strongtex.png,StealC,3,StealC__163__sess-dump_largest_session_overlay_strongtex.png,.png,128,128,RGB,8555,2f35443e6dcc3e4c4ccb632442c5074226e00aff2192cce2f076f0b70b3355a1,train,4,1
StealC/StealC__164__sess-dump_largest_session_overlay_strongtex.png,C:\Users\wwyl5\Project\malware\dataset\processed\dataset_opacity_blend\StealC\StealC__164__sess-dump_largest_session_overlay_strongtex.png,StealC,3,StealC__164__sess-dump_largest_session_overlay_strongtex.png,.png,128,128,RGB,7771,1bdd60bcc8748306a5e2d16b83fdcfc030f9f9d9c2be32738e8bcffb0d41f650,train,0,3
StealC/StealC__165__sess-dump_largest_session_overlay_strongtex.png,C:\Users\wwyl5\Project\malware\dataset\processed\dataset_opacity_blend\StealC\StealC__165__sess-dump_largest_session_overlay_strongtex.png,StealC,3,StealC__165__sess-dump_largest_session_overlay_strongtex.png,.png,128,128,RGB,5853,8f5a80bdb14c1226d09fa10555d86b2c49bf66a0e8fc8c3ca5516554db08839c,train,3,3
StealC/StealC__166__sess-dump_largest_session_overlay_strongtex.png,C:\Users\wwyl5\Project\malware\dataset\processed\dataset_opacity_blend\StealC\StealC__166__sess-dump_largest_session_overlay_strongtex.png,StealC,3,StealC__166__sess-dump_largest_session_overlay_strongtex.png,.png,128,128,RGB,10987,24eb2824b9fd3529a671dcdb9bda9148abe0cd72eb10cc2f2d466228841ea6c8,train,4,3
StealC/StealC__167__sess-dump_largest_session_overlay_strongtex.png,C:\Users\wwyl5\Project\malware\dataset\processed\dataset_opacity_blend\StealC\StealC__167__sess-dump_largest_session_overlay_strongtex.png,StealC,3,StealC__167__sess-dump_largest_session_overlay_strongtex.png,.png,128,128,RGB,5921,759dc3a49f66e551f529ab804d6b33999ec9cd4ab9f336a640cc83460f627770,train,4,3
StealC/StealC__168__sess-dump_largest_session_overlay_strongtex.png,C:\Users\wwyl5\Project\malware\dataset\processed\dataset_opacity_blend\StealC\StealC__168__sess-dump_largest_session_overlay_strongtex.png,StealC,3,StealC__168__sess-dump_largest_session_overlay_strongtex.png,.png,128,128,RGB,6209,a97272cfaaf19fdeb29d8462f6cf8768c4ea1bade31acedfa74f23d6a5be08ff,train,2,4
StealC/StealC__169__sess-dump_largest_session_overlay_strongtex.png,C:\Users\wwyl5\Project\malware\dataset\processed\dataset_opacity_blend\StealC\StealC__169__sess-dump_largest_session_overlay_strongtex.png,StealC,3,StealC__169__sess-dump_largest_session_overlay_strongtex.png,.png,128,128,RGB,9286,a6ba9ffd590abe2a6f650c095c8983fed7e5ef0c3344604f349d29b9ab994e63,val,-1,-1
StealC/StealC__170__sess-dump_largest_session_overlay_strongtex.png,C:\Users\wwyl5\Project\malware\dataset\processed\dataset_opacity_blend\StealC\StealC__170__sess-dump_largest_session_overlay_strongtex.png,StealC,3,StealC__170__sess-dump_largest_session_overlay_strongtex.png,.png,128,128,RGB,18366,8e0315d1f7fd39a267ad20b72f0660273347a01c7afeeeb8f7dd6a661b8211aa,train,2,2
StealC/StealC__171__sess-dump_largest_session_overlay_strongtex.png,C:\Users\wwyl5\Project\malware\dataset\processed\dataset_opacity_blend\StealC\StealC__171__sess-dump_largest_session_overlay_strongtex.png,StealC,3,StealC__171__sess-dump_largest_session_overlay_strongtex.png,.png,128,128,RGB,15077,77e92515afc476c52ed2949d3059ba9118b887ab64951aada0fd5cf275e9977e,test,-1,-1
StealC/StealC__172__sess-dump_largest_session_overlay_strongtex.png,C:\Users\wwyl5\Project\malware\dataset\processed\dataset_opacity_blend\StealC\StealC__172__sess-dump_largest_session_overlay_strongtex.png,StealC,3,StealC__172__sess-dump_largest_session_overlay_strongtex.png,.png,128,128,RGB,9972,f6525ce62aca9a4ef43f96d696c472dddf857a29d2071965ece11a0d83fee716,train,1,1
StealC/StealC__176__sess-dump_largest_session_overlay_strongtex.png,C:\Users\wwyl5\Project\malware\dataset\processed\dataset_opacity_blend\StealC\StealC__176__sess-dump_largest_session_overlay_strongtex.png,StealC,3,StealC__176__sess-dump_largest_session_overlay_strongtex.png,.png,128,128,RGB,7434,723d3ac35780d5b4e0346a93fe4b9a629c03422d1c54c91c91db534a00730663,test,-1,-1
StealC/StealC__177__sess-dump_largest_session_overlay_strongtex.png,C:\Users\wwyl5\Project\malware\dataset\processed\dataset_opacity_blend\StealC\StealC__177__sess-dump_largest_session_overlay_strongtex.png,StealC,3,StealC__177__sess-dump_largest_session_overlay_strongtex.png,.png,128,128,RGB,7819,a22fba809f0b4f720c32537f899972a1bc713c0c9bc041ff30a7fdeee11ab5e7,test,-1,-1
StealC/StealC__178__sess-dump_largest_session_overlay_strongtex.png,C:\Users\wwyl5\Project\malware\dataset\processed\dataset_opacity_blend\StealC\StealC__178__sess-dump_largest_session_overlay_strongtex.png,StealC,3,StealC__178__sess-dump_largest_session_overlay_strongtex.png,.png,128,128,RGB,7078,2808b62012396fc45d6bda9ab31974dad92d2b4950a3a1eae1ec6161deacb409,train,0,4
StealC/StealC__179__sess-dump_largest_session_overlay_strongtex.png,C:\Users\wwyl5\Project\malware\dataset\processed\dataset_opacity_blend\StealC\StealC__179__sess-dump_largest_session_overlay_strongtex.png,StealC,3,StealC__179__sess-dump_largest_session_overlay_strongtex.png,.png,128,128,RGB,7057,1480c3a6bcd25392cd981b9046ab69970faa49388428c74879b45a94f61d2577,val,-1,-1
StealC/StealC__180__sess-dump_largest_session_overlay_strongtex.png,C:\Users\wwyl5\Project\malware\dataset\processed\dataset_opacity_blend\StealC\StealC__180__sess-dump_largest_session_overlay_strongtex.png,StealC,3,StealC__180__sess-dump_largest_session_overlay_strongtex.png,.png,128,128,RGB,8794,64974cdb1368cee077a68ce1d37e22e36ee6412fb886ecef80fe3354d656e768,train,3,3
StealC/StealC__181__sess-dump_largest_session_overlay_strongtex.png,C:\Users\wwyl5\Project\malware\dataset\processed\dataset_opacity_blend\StealC\StealC__181__sess-dump_largest_session_overlay_strongtex.png,StealC,3,StealC__181__sess-dump_largest_session_overlay_strongtex.png,.png,128,128,RGB,6592,86c34c17f7cf7f73608e478b86c7aea7c550d958a5851bcd75d99a0017c6d75f,train,2,4
StealC/StealC__182__sess-dump_largest_session_overlay_strongtex.png,C:\Users\wwyl5\Project\malware\dataset\processed\dataset_opacity_blend\StealC\StealC__182__sess-dump_largest_session_overlay_strongtex.png,StealC,3,StealC__182__sess-dump_largest_session_overlay_strongtex.png,.png,128,128,RGB,6449,a95cc909ca83a48b9c6c3a383bc8bed8766b78fc022fe48edb2da961b3a3f3ac,test,-1,-1
StealC/StealC__183__sess-dump_largest_session_overlay_strongtex.png,C:\Users\wwyl5\Project\malware\dataset\processed\dataset_opacity_blend\StealC\StealC__183__sess-dump_largest_session_overlay_strongtex.png,StealC,3,StealC__183__sess-dump_largest_session_overlay_strongtex.png,.png,128,128,RGB,8596,8e3bfe7f8fa5142d6f279d5611d0349c5088d35e2ebdd2c2f87394226d9f1ca4,val,-1,-1
StealC/StealC__184__sess-dump_largest_session_overlay_strongtex.png,C:\Users\wwyl5\Project\malware\dataset\processed\dataset_opacity_blend\StealC\StealC__184__sess-dump_largest_session_overlay_strongtex.png,StealC,3,StealC__184__sess-dump_largest_session_overlay_strongtex.png,.png,128,128,RGB,9272,3f705c07a355d783510cf258ff9734db4426278e717f7397336c059c3c6d13e3,train,1,4
StealC/StealC__185__sess-dump_largest_session_overlay_strongtex.png,C:\Users\wwyl5\Project\malware\dataset\processed\dataset_opacity_blend\StealC\StealC__185__sess-dump_largest_session_overlay_strongtex.png,StealC,3,StealC__185__sess-dump_largest_session_overlay_strongtex.png,.png,128,128,RGB,7330,4a9a2be40aebf2091cea71cbcc91136e7ce4a44edf32f6ff21d73a512536cb0e,test,-1,-1
StealC/StealC__186__sess-dump_largest_session_overlay_strongtex.png,C:\Users\wwyl5\Project\malware\dataset\processed\dataset_opacity_blend\StealC\StealC__186__sess-dump_largest_session_overlay_strongtex.png,StealC,3,StealC__186__sess-dump_largest_session_overlay_strongtex.png,.png,128,128,RGB,6208,9ddd0ebec708cca13148ef7d755fcb000893aabaa86fc4cc1ab5a2610d38ae54,train,0,2
StealC/StealC__187__sess-dump_largest_session_overlay_strongtex.png,C:\Users\wwyl5\Project\malware\dataset\processed\dataset_opacity_blend\StealC\StealC__187__sess-dump_largest_session_overlay_strongtex.png,StealC,3,StealC__187__sess-dump_largest_session_overlay_strongtex.png,.png,128,128,RGB,8406,35da05b56ffd12b2ac0c29dfc46aeb40ee37808960bef60793696f6ad2c34abb,train,3,4
StealC/StealC__188__sess-dump_largest_session_overlay_strongtex.png,C:\Users\wwyl5\Project\malware\dataset\processed\dataset_opacity_blend\StealC\StealC__188__sess-dump_largest_session_overlay_strongtex.png,StealC,3,StealC__188__sess-dump_largest_session_overlay_strongtex.png,.png,128,128,RGB,7460,fb3eedd128cc3bd339ec95c337978777f277b6029e9e4dd0f558554578dc21e3,train,1,4
StealC/StealC__189__sess-dump_largest_session_overlay_strongtex.png,C:\Users\wwyl5\Project\malware\dataset\processed\dataset_opacity_blend\StealC\StealC__189__sess-dump_largest_session_overlay_strongtex.png,StealC,3,StealC__189__sess-dump_largest_session_overlay_strongtex.png,.png,128,128,RGB,5891,e3fcfc2560432df901e9457b6d10800eedd2b57e8b56f6854a0590b71ba7b8fc,train,2,4
StealC/StealC__190__sess-dump_largest_session_overlay_strongtex.png,C:\Users\wwyl5\Project\malware\dataset\processed\dataset_opacity_blend\StealC\StealC__190__sess-dump_largest_session_overlay_strongtex.png,StealC,3,StealC__190__sess-dump_largest_session_overlay_strongtex.png,.png,128,128,RGB,7112,d86e854389112cb71ece3b162ad5d2ce954817f910a93274e8cc32612aec619e,test,-1,-1
StealC/StealC__191__sess-dump_largest_session_overlay_strongtex.png,C:\Users\wwyl5\Project\malware\dataset\processed\dataset_opacity_blend\StealC\StealC__191__sess-dump_largest_session_overlay_strongtex.png,StealC,3,StealC__191__sess-dump_largest_session_overlay_strongtex.png,.png,128,128,RGB,7658,498ae08aea97e2f4f8c1ecf6897e32854d81bbb596b245123e8d828f9f084e68,train,3,3
StealC/StealC__192__sess-dump_largest_session_overlay_strongtex.png,C:\Users\wwyl5\Project\malware\dataset\processed\dataset_opacity_blend\StealC\StealC__192__sess-dump_largest_session_overlay_strongtex.png,StealC,3,StealC__192__sess-dump_largest_session_overlay_strongtex.png,.png,128,128,RGB,7425,43b85bf1227f1a14c878253b44c9fb90b0d6aa097f7b96154993a3a2b6057a2c,test,-1,-1
StealC/StealC__193__sess-dump_largest_session_overlay_strongtex.png,C:\Users\wwyl5\Project\malware\dataset\processed\dataset_opacity_blend\StealC\StealC__193__sess-dump_largest_session_overlay_strongtex.png,StealC,3,StealC__193__sess-dump_largest_session_overlay_strongtex.png,.png,128,128,RGB,7225,76f20296cb77d1808261913f1bd8a27445bf47b560c21506e75d5857b428d0f3,val,-1,-1
StealC/StealC__194__sess-dump_largest_session_overlay_strongtex.png,C:\Users\wwyl5\Project\malware\dataset\processed\dataset_opacity_blend\StealC\StealC__194__sess-dump_largest_session_overlay_strongtex.png,StealC,3,StealC__194__sess-dump_largest_session_overlay_strongtex.png,.png,128,128,RGB,8066,9f6add56948c8e0ca4906830ba447315b66df30eec384547f6351771fc1133f0,train,2,3
StealC/StealC__195__sess-dump_largest_session_overlay_strongtex.png,C:\Users\wwyl5\Project\malware\dataset\processed\dataset_opacity_blend\StealC\StealC__195__sess-dump_largest_session_overlay_strongtex.png,StealC,3,StealC__195__sess-dump_largest_session_overlay_strongtex.png,.png,128,128,RGB,5959,d5edbf7f48a6a2f8864384e168743951d37cf79627870b59f324b860997b73e2,train,4,4
StealC/StealC__196__sess-dump_largest_session_overlay_strongtex.png,C:\Users\wwyl5\Project\malware\dataset\processed\dataset_opacity_blend\StealC\StealC__196__sess-dump_largest_session_overlay_strongtex.png,StealC,3,StealC__196__sess-dump_largest_session_overlay_strongtex.png,.png,128,128,RGB,7292,3a8ae9d1a2ae6279f38001d539531f21332abfaaad6d51e7b6faba42ff1f1db7,train,0,2
StealC/StealC__197__sess-dump_largest_session_overlay_strongtex.png,C:\Users\wwyl5\Project\malware\dataset\processed\dataset_opacity_blend\StealC\StealC__197__sess-dump_largest_session_overlay_strongtex.png,StealC,3,StealC__197__sess-dump_largest_session_overlay_strongtex.png,.png,128,128,RGB,6552,3e7988d774a6b255b2cd4ccba8942d5873e859ed89875a3edc23aa60513be2ae,train,4,3
StealC/StealC__198__sess-dump_largest_session_overlay_strongtex.png,C:\Users\wwyl5\Project\malware\dataset\processed\dataset_opacity_blend\StealC\StealC__198__sess-dump_largest_session_overlay_strongtex.png,StealC,3,StealC__198__sess-dump_largest_session_overlay_strongtex.png,.png,128,128,RGB,7646,fc5f45d845b0feb1d8461872b25fbc95e7f2376c8eebe49c9ab5323e4d1afcf1,train,2,1
StealC/StealC__199__sess-dump_largest_session_overlay_strongtex.png,C:\Users\wwyl5\Project\malware\dataset\processed\dataset_opacity_blend\StealC\StealC__199__sess-dump_largest_session_overlay_strongtex.png,StealC,3,StealC__199__sess-dump_largest_session_overlay_strongtex.png,.png,128,128,RGB,4964,f24a0c0bc383e88045013f710e7532236f87acfe4e1bcbab634b8bdfeeb471e2,test,-1,-1
StealC/StealC__200__sess-dump_largest_session_overlay_strongtex.png,C:\Users\wwyl5\Project\malware\dataset\processed\dataset_opacity_blend\StealC\StealC__200__sess-dump_largest_session_overlay_strongtex.png,StealC,3,StealC__200__sess-dump_largest_session_overlay_strongtex.png,.png,128,128,RGB,5078,5ca1ec2ae137c01a2761f27f2f8e6b689aea3e1a409498722bb4ba596b97aa41,train,0,4
StealC/StealC__201__sess-dump_largest_session_overlay_strongtex.png,C:\Users\wwyl5\Project\malware\dataset\processed\dataset_opacity_blend\StealC\StealC__201__sess-dump_largest_session_overlay_strongtex.png,StealC,3,StealC__201__sess-dump_largest_session_overlay_strongtex.png,.png,128,128,RGB,4932,d89defcd6d419ea6d905472fefa66798c092699aba4bfe578208e81a0e16c3c9,test,-1,-1
StealC/StealC__204__sess-dump_largest_session_overlay_strongtex.png,C:\Users\wwyl5\Project\malware\dataset\processed\dataset_opacity_blend\StealC\StealC__204__sess-dump_largest_session_overlay_strongtex.png,StealC,3,StealC__204__sess-dump_largest_session_overlay_strongtex.png,.png,128,128,RGB,7780,aae44476b3161341d58fe7a1f3ecccafebb1e60371cb0faf4e5d6c6a171a108e,train,4,3
StealC/StealC__205__sess-dump_largest_session_overlay_strongtex.png,C:\Users\wwyl5\Project\malware\dataset\processed\dataset_opacity_blend\StealC\StealC__205__sess-dump_largest_session_overlay_strongtex.png,StealC,3,StealC__205__sess-dump_largest_session_overlay_strongtex.png,.png,128,128,RGB,7408,f9ec767ae9060bf5e70a871d1ce6e68db5616e4a5cbfc9f92f97c7f78b9f5e8e,val,-1,-1
StealC/StealC__206__sess-dump_largest_session_overlay_strongtex.png,C:\Users\wwyl5\Project\malware\dataset\processed\dataset_opacity_blend\StealC\StealC__206__sess-dump_largest_session_overlay_strongtex.png,StealC,3,StealC__206__sess-dump_largest_session_overlay_strongtex.png,.png,128,128,RGB,6644,d3797dffd440f0dc11f87947370f6ebf139d663e342fe0643d143c9b0e623361,val,-1,-1
StealC/StealC__207__sess-dump_largest_session_overlay_strongtex.png,C:\Users\wwyl5\Project\malware\dataset\processed\dataset_opacity_blend\StealC\StealC__207__sess-dump_largest_session_overlay_strongtex.png,StealC,3,StealC__207__sess-dump_largest_session_overlay_strongtex.png,.png,128,128,RGB,5574,986fdcab4f3a95c190bcc86745501cb890c7cd4fbc12e3df21252820c4fe0b7d,train,1,3
StealC/StealC__208__sess-dump_largest_session_overlay_strongtex.png,C:\Users\wwyl5\Project\malware\dataset\processed\dataset_opacity_blend\StealC\StealC__208__sess-dump_largest_session_overlay_strongtex.png,StealC,3,StealC__208__sess-dump_largest_session_overlay_strongtex.png,.png,128,128,RGB,5982,98dfa55d8956dff4e4c2578c3daa2ed3cbba075e5e43790ea6b1b8895ba12ef9,val,-1,-1
StealC/StealC__209__sess-dump_largest_session_overlay_strongtex.png,C:\Users\wwyl5\Project\malware\dataset\processed\dataset_opacity_blend\StealC\StealC__209__sess-dump_largest_session_overlay_strongtex.png,StealC,3,StealC__209__sess-dump_largest_session_overlay_strongtex.png,.png,128,128,RGB,6589,cd2c0ffeebabaea1edeaa95f7cade72c9a9843369e3a1118337814bbc7d00478,train,3,4
StealC/StealC__210__sess-dump_largest_session_overlay_strongtex.png,C:\Users\wwyl5\Project\malware\dataset\processed\dataset_opacity_blend\StealC\StealC__210__sess-dump_largest_session_overlay_strongtex.png,StealC,3,StealC__210__sess-dump_largest_session_overlay_strongtex.png,.png,128,128,RGB,11042,1d79e8e4ee9e6a587695bc82e69558fde6350edcb6a1c50afc11d14f2ae065e0,train,3,2
StealC/StealC__213__sess-dump_largest_session_overlay_strongtex.png,C:\Users\wwyl5\Project\malware\dataset\processed\dataset_opacity_blend\StealC\StealC__213__sess-dump_largest_session_overlay_strongtex.png,StealC,3,StealC__213__sess-dump_largest_session_overlay_strongtex.png,.png,128,128,RGB,6404,2a183857bb2c76bc3ee58e1b16ad3d202fb112fbd50672a15797b3c0d8da1d89,test,-1,-1
StealC/StealC__214__sess-dump_largest_session_overlay_strongtex.png,C:\Users\wwyl5\Project\malware\dataset\processed\dataset_opacity_blend\StealC\StealC__214__sess-dump_largest_session_overlay_strongtex.png,StealC,3,StealC__214__sess-dump_largest_session_overlay_strongtex.png,.png,128,128,RGB,6982,31cb7cb933a8e51ff21fe14ae588b64f0ff474633114c5abb3c7607d973e35c8,train,2,4
StealC/StealC__215__sess-dump_largest_session_overlay_strongtex.png,C:\Users\wwyl5\Project\malware\dataset\processed\dataset_opacity_blend\StealC\StealC__215__sess-dump_largest_session_overlay_strongtex.png,StealC,3,StealC__215__sess-dump_largest_session_overlay_strongtex.png,.png,128,128,RGB,7050,c539adf6bb9f1d3068abf99c9e689c328017ac81199d8ca865f35920020710b8,train,3,3
StealC/StealC__216__sess-dump_largest_session_overlay_strongtex.png,C:\Users\wwyl5\Project\malware\dataset\processed\dataset_opacity_blend\StealC\StealC__216__sess-dump_largest_session_overlay_strongtex.png,StealC,3,StealC__216__sess-dump_largest_session_overlay_strongtex.png,.png,128,128,RGB,9448,aec9f1c2c06cdc50b3add905c08dccb3d594c7b4786292919f246815c0b2d746,train,0,4
StealC/StealC__217__sess-dump_largest_session_overlay_strongtex.png,C:\Users\wwyl5\Project\malware\dataset\processed\dataset_opacity_blend\StealC\StealC__217__sess-dump_largest_session_overlay_strongtex.png,StealC,3,StealC__217__sess-dump_largest_session_overlay_strongtex.png,.png,128,128,RGB,9338,542925c6a01b4acf665ff01c99dadeb7b5d231dc964335f69393b7cf68074ea9,train,4,4
StealC/StealC__218__sess-dump_largest_session_overlay_strongtex.png,C:\Users\wwyl5\Project\malware\dataset\processed\dataset_opacity_blend\StealC\StealC__218__sess-dump_largest_session_overlay_strongtex.png,StealC,3,StealC__218__sess-dump_largest_session_overlay_strongtex.png,.png,128,128,RGB,4944,f701ca744bc69a7326169de7961a322a5a563ce66ccbcc6b0853ca7a03c5858b,test,-1,-1
StealC/StealC__219__sess-dump_largest_session_overlay_strongtex.png,C:\Users\wwyl5\Project\malware\dataset\processed\dataset_opacity_blend\StealC\StealC__219__sess-dump_largest_session_overlay_strongtex.png,StealC,3,StealC__219__sess-dump_largest_session_overlay_strongtex.png,.png,128,128,RGB,5892,0e67f9a2d2c4a5fe3b5397b5d939eef921d7ac246930f2ff0aad10fb98208043,train,0,4
StealC/StealC__220__sess-dump_largest_session_overlay_strongtex.png,C:\Users\wwyl5\Project\malware\dataset\processed\dataset_opacity_blend\StealC\StealC__220__sess-dump_largest_session_overlay_strongtex.png,StealC,3,StealC__220__sess-dump_largest_session_overlay_strongtex.png,.png,128,128,RGB,5836,a123227c2239eef58c86c696620b81c3e9e4f12224e43cc7e742ae3d20bc6661,val,-1,-1
StealC/StealC__221__sess-dump_largest_session_overlay_strongtex.png,C:\Users\wwyl5\Project\malware\dataset\processed\dataset_opacity_blend\StealC\StealC__221__sess-dump_largest_session_overlay_strongtex.png,StealC,3,StealC__221__sess-dump_largest_session_overlay_strongtex.png,.png,128,128,RGB,9019,73f2d5034b37f2fcaa4f711091d2ffe5ad3c2efba3456a673f0261b00654d3ea,train,4,2
StealC/StealC__223__sess-dump_largest_session_overlay_strongtex.png,C:\Users\wwyl5\Project\malware\dataset\processed\dataset_opacity_blend\StealC\StealC__223__sess-dump_largest_session_overlay_strongtex.png,StealC,3,StealC__223__sess-dump_largest_session_overlay_strongtex.png,.png,128,128,RGB,9125,8169079756c8e1618d5607227bb9370987a03fd9105705c1d18e6764f0fa4c06,train,4,3
StealC/StealC__224__sess-dump_largest_session_overlay_strongtex.png,C:\Users\wwyl5\Project\malware\dataset\processed\dataset_opacity_blend\StealC\StealC__224__sess-dump_largest_session_overlay_strongtex.png,StealC,3,StealC__224__sess-dump_largest_session_overlay_strongtex.png,.png,128,128,RGB,8407,5e169110f8da37edd107ad524f0db0f4c2784801dc2f7e8611501c7a1622904c,val,-1,-1
StealC/StealC__225__sess-dump_largest_session_overlay_strongtex.png,C:\Users\wwyl5\Project\malware\dataset\processed\dataset_opacity_blend\StealC\StealC__225__sess-dump_largest_session_overlay_strongtex.png,StealC,3,StealC__225__sess-dump_largest_session_overlay_strongtex.png,.png,128,128,RGB,8350,6dbe4d9cb5a5da4948d79e33859b4d74963eab3d489d17622abfb2db3e0b3744,train,0,3
StealC/StealC__226__sess-dump_largest_session_overlay_strongtex.png,C:\Users\wwyl5\Project\malware\dataset\processed\dataset_opacity_blend\StealC\StealC__226__sess-dump_largest_session_overlay_strongtex.png,StealC,3,StealC__226__sess-dump_largest_session_overlay_strongtex.png,.png,128,128,RGB,8721,083e2262d9a1407212df01d13a5412e7f74879b49f2dffff1aa1e94ae3114be9,train,1,4
StealC/StealC__227__sess-dump_largest_session_overlay_strongtex.png,C:\Users\wwyl5\Project\malware\dataset\processed\dataset_opacity_blend\StealC\StealC__227__sess-dump_largest_session_overlay_strongtex.png,StealC,3,StealC__227__sess-dump_largest_session_overlay_strongtex.png,.png,128,128,RGB,8541,cfc22b4277107a92c471364c53178af3216f0c9a7faa46008710d800c6ad7336,train,2,3
StealC/StealC__228__sess-dump_largest_session_overlay_strongtex.png,C:\Users\wwyl5\Project\malware\dataset\processed\dataset_opacity_blend\StealC\StealC__228__sess-dump_largest_session_overlay_strongtex.png,StealC,3,StealC__228__sess-dump_largest_session_overlay_strongtex.png,.png,128,128,RGB,8682,6d6d8396ca85cfaab36061c0ec9c2206546649d683d52429fc7afe6b1e3e7746,train,0,3
StealC/StealC__229__sess-dump_largest_session_overlay_strongtex.png,C:\Users\wwyl5\Project\malware\dataset\processed\dataset_opacity_blend\StealC\StealC__229__sess-dump_largest_session_overlay_strongtex.png,StealC,3,StealC__229__sess-dump_largest_session_overlay_strongtex.png,.png,128,128,RGB,8263,d190803710500afd33236c4634161a303e749d6fb1a461c0d247d59a13a21f5e,val,-1,-1
StealC/StealC__230__sess-dump_largest_session_overlay_strongtex.png,C:\Users\wwyl5\Project\malware\dataset\processed\dataset_opacity_blend\StealC\StealC__230__sess-dump_largest_session_overlay_strongtex.png,StealC,3,StealC__230__sess-dump_largest_session_overlay_strongtex.png,.png,128,128,RGB,8697,b59caeebdd6d96b534a8990312c0655757dcafdf40d50121004b38317f9c8cdf,train,0,3
StealC/StealC__231__sess-dump_largest_session_overlay_strongtex.png,C:\Users\wwyl5\Project\malware\dataset\processed\dataset_opacity_blend\StealC\StealC__231__sess-dump_largest_session_overlay_strongtex.png,StealC,3,StealC__231__sess-dump_largest_session_overlay_strongtex.png,.png,128,128,RGB,9758,03222cbea74040d94950750cc2d0ec4c5aedaf65cd851fb5b31f20ffd7c69e85,train,0,4
StealC/StealC__232__sess-dump_largest_session_overlay_strongtex.png,C:\Users\wwyl5\Project\malware\dataset\processed\dataset_opacity_blend\StealC\StealC__232__sess-dump_largest_session_overlay_strongtex.png,StealC,3,StealC__232__sess-dump_largest_session_overlay_strongtex.png,.png,128,128,RGB,8284,ed26507e356971aef0bdc85360af7ccd2c001c8414d5a197fa8eae25b01a6fdd,train,2,3
StealC/StealC__233__sess-dump_largest_session_overlay_strongtex.png,C:\Users\wwyl5\Project\malware\dataset\processed\dataset_opacity_blend\StealC\StealC__233__sess-dump_largest_session_overlay_strongtex.png,StealC,3,StealC__233__sess-dump_largest_session_overlay_strongtex.png,.png,128,128,RGB,8708,0eca4a567113f20c561b9d8d027302f9d4952b8640b1580b6e2cdb3542a0be81,train,2,3
StealC/StealC__234__sess-dump_largest_session_overlay_strongtex.png,C:\Users\wwyl5\Project\malware\dataset\processed\dataset_opacity_blend\StealC\StealC__234__sess-dump_largest_session_overlay_strongtex.png,StealC,3,StealC__234__sess-dump_largest_session_overlay_strongtex.png,.png,128,128,RGB,8079,d20e54094e4950a44d5710e42e332c7ea552db3af9d3c1b518fc629f5e4e8a6c,train,2,4
StealC/StealC__237__sess-dump_largest_session_overlay_strongtex.png,C:\Users\wwyl5\Project\malware\dataset\processed\dataset_opacity_blend\StealC\StealC__237__sess-dump_largest_session_overlay_strongtex.png,StealC,3,StealC__237__sess-dump_largest_session_overlay_strongtex.png,.png,128,128,RGB,8510,540179ba4bb2ce7ceebe3380c7908eede1dcae1df0365a08559cd99aafe55bf4,train,2,3
StealC/StealC__238__sess-dump_largest_session_overlay_strongtex.png,C:\Users\wwyl5\Project\malware\dataset\processed\dataset_opacity_blend\StealC\StealC__238__sess-dump_largest_session_overlay_strongtex.png,StealC,3,StealC__238__sess-dump_largest_session_overlay_strongtex.png,.png,128,128,RGB,8642,6ac19a7a7f2b25ec835f2dde61be14cb7fe38feb2e5cf982aca374b3a71c345d,test,-1,-1
StealC/StealC__239__sess-dump_largest_session_overlay_strongtex.png,C:\Users\wwyl5\Project\malware\dataset\processed\dataset_opacity_blend\StealC\StealC__239__sess-dump_largest_session_overlay_strongtex.png,StealC,3,StealC__239__sess-dump_largest_session_overlay_strongtex.png,.png,128,128,RGB,9294,182a58c2fa3e0dac2a9a1719ce12be71d5c6da1b1515c3c219efeeca99dcf389,train,2,1
StealC/StealC__240__sess-dump_largest_session_overlay_strongtex.png,C:\Users\wwyl5\Project\malware\dataset\processed\dataset_opacity_blend\StealC\StealC__240__sess-dump_largest_session_overlay_strongtex.png,StealC,3,StealC__240__sess-dump_largest_session_overlay_strongtex.png,.png,128,128,RGB,8163,9e292df078b21337f2d758677ac3fcc2a06e1a1a1abe16294de096199a1086f7,train,0,2
StealC/StealC__241__sess-dump_largest_session_overlay_strongtex.png,C:\Users\wwyl5\Project\malware\dataset\processed\dataset_opacity_blend\StealC\StealC__241__sess-dump_largest_session_overlay_strongtex.png,StealC,3,StealC__241__sess-dump_largest_session_overlay_strongtex.png,.png,128,128,RGB,7269,393cc0358a48bdf7b7e49f122e355f8dbe2f8bfe13010c7a0340b62b8fb5cc32,train,1,3
StealC/StealC__242__sess-dump_largest_session_overlay_strongtex.png,C:\Users\wwyl5\Project\malware\dataset\processed\dataset_opacity_blend\StealC\StealC__242__sess-dump_largest_session_overlay_strongtex.png,StealC,3,StealC__242__sess-dump_largest_session_overlay_strongtex.png,.png,128,128,RGB,9064,f3a3c68415df391796c7950b2e406735671896bb0d398c3a8f81866f63136e06,train,4,3
StealC/StealC__243__sess-dump_largest_session_overlay_strongtex.png,C:\Users\wwyl5\Project\malware\dataset\processed\dataset_opacity_blend\StealC\StealC__243__sess-dump_largest_session_overlay_strongtex.png,StealC,3,StealC__243__sess-dump_largest_session_overlay_strongtex.png,.png,128,128,RGB,9146,92255ed142d5a443857470f8b4ad6488d1d086390b27ebdd47c29a9d8a39614c,train,1,4
StealC/StealC__244__sess-dump_largest_session_overlay_strongtex.png,C:\Users\wwyl5\Project\malware\dataset\processed\dataset_opacity_blend\StealC\StealC__244__sess-dump_largest_session_overlay_strongtex.png,StealC,3,StealC__244__sess-dump_largest_session_overlay_strongtex.png,.png,128,128,RGB,7951,1dbf3ad6df36267f146a31ff81501f2bc6812382b5bc817e018759c6832361fb,train,3,3
StealC/StealC__245__sess-dump_largest_session_overlay_strongtex.png,C:\Users\wwyl5\Project\malware\dataset\processed\dataset_opacity_blend\StealC\StealC__245__sess-dump_largest_session_overlay_strongtex.png,StealC,3,StealC__245__sess-dump_largest_session_overlay_strongtex.png,.png,128,128,RGB,8882,9aed4df319d2ace555c8a3b238f770720b81335b70f1680d07873733bbd98358,train,4,2
StealC/StealC__246__sess-dump_largest_session_overlay_strongtex.png,C:\Users\wwyl5\Project\malware\dataset\processed\dataset_opacity_blend\StealC\StealC__246__sess-dump_largest_session_overlay_strongtex.png,StealC,3,StealC__246__sess-dump_largest_session_overlay_strongtex.png,.png,128,128,RGB,8478,d330cb434c293b1e5e043e0f799d95de839c51429d149726d9fd8157a7ea1863,train,3,3
StealC/StealC__247__sess-dump_largest_session_overlay_strongtex.png,C:\Users\wwyl5\Project\malware\dataset\processed\dataset_opacity_blend\StealC\StealC__247__sess-dump_largest_session_overlay_strongtex.png,StealC,3,StealC__247__sess-dump_largest_session_overlay_strongtex.png,.png,128,128,RGB,9130,01a4ee3359adc6957169d41a96cf97a4f4b34f48dc1229e5d8385fc4870e2bea,train,4,3
StealC/StealC__248__sess-dump_largest_session_overlay_strongtex.png,C:\Users\wwyl5\Project\malware\dataset\processed\dataset_opacity_blend\StealC\StealC__248__sess-dump_largest_session_overlay_strongtex.png,StealC,3,StealC__248__sess-dump_largest_session_overlay_strongtex.png,.png,128,128,RGB,7922,e7b1832599b448762eed85fe895760d2c41f65b827a9dcfd3dfe78473572cbfa,test,-1,-1
StealC/StealC__249__sess-dump_largest_session_overlay_strongtex.png,C:\Users\wwyl5\Project\malware\dataset\processed\dataset_opacity_blend\StealC\StealC__249__sess-dump_largest_session_overlay_strongtex.png,StealC,3,StealC__249__sess-dump_largest_session_overlay_strongtex.png,.png,128,128,RGB,8824,b02932a952ff5f5943e2e01485bc8884bc918667703e7c3607fe8f85c2929229,train,3,3
StealC/StealC__250__sess-dump_largest_session_overlay_strongtex.png,C:\Users\wwyl5\Project\malware\dataset\processed\dataset_opacity_blend\StealC\StealC__250__sess-dump_largest_session_overlay_strongtex.png,StealC,3,StealC__250__sess-dump_largest_session_overlay_strongtex.png,.png,128,128,RGB,8786,8939a40af3fb4406fb1c35a1447abdcfd5dfc500b2d147e7017499036200d860,val,-1,-1
StealC/StealC__251__sess-dump_largest_session_overlay_strongtex.png,C:\Users\wwyl5\Project\malware\dataset\processed\dataset_opacity_blend\StealC\StealC__251__sess-dump_largest_session_overlay_strongtex.png,StealC,3,StealC__251__sess-dump_largest_session_overlay_strongtex.png,.png,128,128,RGB,10202,a76572331f870661c94c3a0570b6b1f111ffa5d84d51f48ab8a7f0e37e79153b,train,4,3
StealC/StealC__252__sess-dump_largest_session_overlay_strongtex.png,C:\Users\wwyl5\Project\malware\dataset\processed\dataset_opacity_blend\StealC\StealC__252__sess-dump_largest_session_overlay_strongtex.png,StealC,3,StealC__252__sess-dump_largest_session_overlay_strongtex.png,.png,128,128,RGB,8556,b78092ce13bac18fe619e794e282c2c81d6b9e212f8fbbd41ec48dcf290b0730,train,3,3
StealC/StealC__253__sess-dump_largest_session_overlay_strongtex.png,C:\Users\wwyl5\Project\malware\dataset\processed\dataset_opacity_blend\StealC\StealC__253__sess-dump_largest_session_overlay_strongtex.png,StealC,3,StealC__253__sess-dump_largest_session_overlay_strongtex.png,.png,128,128,RGB,8230,d14cbd29c2de4fc6fe92b581cd2f2d5f053c8b992b35bd3e147d282990a1483d,val,-1,-1
StealC/StealC__255__sess-dump_largest_session_overlay_strongtex.png,C:\Users\wwyl5\Project\malware\dataset\processed\dataset_opacity_blend\StealC\StealC__255__sess-dump_largest_session_overlay_strongtex.png,StealC,3,StealC__255__sess-dump_largest_session_overlay_strongtex.png,.png,128,128,RGB,8206,74530346aca6f883dc26383fffaf8b767f0dd1b0a59b3e82295931f2553b8827,train,1,2
StealC/StealC__256__sess-dump_largest_session_overlay_strongtex.png,C:\Users\wwyl5\Project\malware\dataset\processed\dataset_opacity_blend\StealC\StealC__256__sess-dump_largest_session_overlay_strongtex.png,StealC,3,StealC__256__sess-dump_largest_session_overlay_strongtex.png,.png,128,128,RGB,9898,2200a558af604ed3ee6d8a94635a2c2d497c5cb98ff1a4f466290d306af37ea7,train,1,4
StealC/StealC__257__sess-dump_largest_session_overlay_strongtex.png,C:\Users\wwyl5\Project\malware\dataset\processed\dataset_opacity_blend\StealC\StealC__257__sess-dump_largest_session_overlay_strongtex.png,StealC,3,StealC__257__sess-dump_largest_session_overlay_strongtex.png,.png,128,128,RGB,7978,47760d819f67e67f73c4d472d589f73b729b002e654f5eeab9ce27a636fd8114,train,0,4
StealC/StealC__258__sess-dump_largest_session_overlay_strongtex.png,C:\Users\wwyl5\Project\malware\dataset\processed\dataset_opacity_blend\StealC\StealC__258__sess-dump_largest_session_overlay_strongtex.png,StealC,3,StealC__258__sess-dump_largest_session_overlay_strongtex.png,.png,128,128,RGB,6507,d8c9575cfee4af21e4ccc3ad20dfb9528df18ec1d8641e47eda33ec5dece4185,train,2,1
StealC/StealC__259__sess-dump_largest_session_overlay_strongtex.png,C:\Users\wwyl5\Project\malware\dataset\processed\dataset_opacity_blend\StealC\StealC__259__sess-dump_largest_session_overlay_strongtex.png,StealC,3,StealC__259__sess-dump_largest_session_overlay_strongtex.png,.png,128,128,RGB,7695,d57165f1aa7662d045e33449a3501aedc024c75efb85122207bc7533fd19d514,test,-1,-1
StealC/StealC__260__sess-dump_largest_session_overlay_strongtex.png,C:\Users\wwyl5\Project\malware\dataset\processed\dataset_opacity_blend\StealC\StealC__260__sess-dump_largest_session_overlay_strongtex.png,StealC,3,StealC__260__sess-dump_largest_session_overlay_strongtex.png,.png,128,128,RGB,8128,3b9ebe6da25283fe0e424f7d71daabb1ae9a977a21c63e178af8c1645b7db877,train,1,4
StealC/StealC__261__sess-dump_largest_session_overlay_strongtex.png,C:\Users\wwyl5\Project\malware\dataset\processed\dataset_opacity_blend\StealC\StealC__261__sess-dump_largest_session_overlay_strongtex.png,StealC,3,StealC__261__sess-dump_largest_session_overlay_strongtex.png,.png,128,128,RGB,8757,df626593f81004616f36f0f284b78a9602d6c84b92af1db12fe995de5fcca0df,val,-1,-1
StealC/StealC__262__sess-dump_largest_session_overlay_strongtex.png,C:\Users\wwyl5\Project\malware\dataset\processed\dataset_opacity_blend\StealC\StealC__262__sess-dump_largest_session_overlay_strongtex.png,StealC,3,StealC__262__sess-dump_largest_session_overlay_strongtex.png,.png,128,128,RGB,7879,ac0fe6dc7aa6954a1475d71387f6ecb47844a6ad1aa25b0de19daa48081cc7fb,train,1,2
StealC/StealC__383__sess-dump_largest_session_overlay_strongtex.png,C:\Users\wwyl5\Project\malware\dataset\processed\dataset_opacity_blend\StealC\StealC__383__sess-dump_largest_session_overlay_strongtex.png,StealC,3,StealC__383__sess-dump_largest_session_overlay_strongtex.png,.png,128,128,RGB,8832,cebc21dfb863c1fd440f7b3fb19b035699a3d9e26bd098b7b61eccb63ddbf68e,train,1,3
Vidar/Vidar__100__sess-dump_largest_session_overlay_strongtex.png,C:\Users\wwyl5\Project\malware\dataset\processed\dataset_opacity_blend\Vidar\Vidar__100__sess-dump_largest_session_overlay_strongtex.png,Vidar,4,Vidar__100__sess-dump_largest_session_overlay_strongtex.png,.png,128,128,RGB,9304,6a6c37c88e705050c50f74c5e579dcf6907ee8fc3f2feb120adf277f46557afc,test,-1,-1
Vidar/Vidar__101__sess-dump_largest_session_overlay_strongtex.png,C:\Users\wwyl5\Project\malware\dataset\processed\dataset_opacity_blend\Vidar\Vidar__101__sess-dump_largest_session_overlay_strongtex.png,Vidar,4,Vidar__101__sess-dump_largest_session_overlay_strongtex.png,.png,128,128,RGB,7172,af1245e570bf396dfb776aaa26d00a4b2c338ddecd7ae7f2eb66bab8e5f8f1ee,train,2,4
Vidar/Vidar__102__sess-dump_largest_session_overlay_strongtex.png,C:\Users\wwyl5\Project\malware\dataset\processed\dataset_opacity_blend\Vidar\Vidar__102__sess-dump_largest_session_overlay_strongtex.png,Vidar,4,Vidar__102__sess-dump_largest_session_overlay_strongtex.png,.png,128,128,RGB,6742,211220995e80ca107551e0feec5dcf23309d6f55a1aa0325620bee552c084d4b,train,1,4
Vidar/Vidar__104__sess-dump_largest_session_overlay_strongtex.png,C:\Users\wwyl5\Project\malware\dataset\processed\dataset_opacity_blend\Vidar\Vidar__104__sess-dump_largest_session_overlay_strongtex.png,Vidar,4,Vidar__104__sess-dump_largest_session_overlay_strongtex.png,.png,128,128,RGB,7332,076e5d94f7b258f34d19099d30c147f9d45a2a9784c9699520b873f753b476f8,train,0,4
Vidar/Vidar__105__sess-dump_largest_session_overlay_strongtex.png,C:\Users\wwyl5\Project\malware\dataset\processed\dataset_opacity_blend\Vidar\Vidar__105__sess-dump_largest_session_overlay_strongtex.png,Vidar,4,Vidar__105__sess-dump_largest_session_overlay_strongtex.png,.png,128,128,RGB,6468,7fa2a151e808cbee9b585dcba7c25d9271396d52d16ef0da1ba58adc9c9e6d7a,val,-1,-1
Vidar/Vidar__106__sess-dump_largest_session_overlay_strongtex.png,C:\Users\wwyl5\Project\malware\dataset\processed\dataset_opacity_blend\Vidar\Vidar__106__sess-dump_largest_session_overlay_strongtex.png,Vidar,4,Vidar__106__sess-dump_largest_session_overlay_strongtex.png,.png,128,128,RGB,6400,249e60680ac579b10ebf923b088b8fdf0035675acc6bd7fb3fd47910afee0293,test,-1,-1
Vidar/Vidar__10__sess-dump_largest_session_overlay_strongtex.png,C:\Users\wwyl5\Project\malware\dataset\processed\dataset_opacity_blend\Vidar\Vidar__10__sess-dump_largest_session_overlay_strongtex.png,Vidar,4,Vidar__10__sess-dump_largest_session_overlay_strongtex.png,.png,128,128,RGB,5244,292fb8d784b7cb8ec50939ca7f74c17fdec271f3c242b4e62cf2addbf0c7bbe7,train,4,4
Vidar/Vidar__11__sess-dump_largest_session_overlay_strongtex.png,C:\Users\wwyl5\Project\malware\dataset\processed\dataset_opacity_blend\Vidar\Vidar__11__sess-dump_largest_session_overlay_strongtex.png,Vidar,4,Vidar__11__sess-dump_largest_session_overlay_strongtex.png,.png,128,128,RGB,4661,df6ddeb996d60002f54e25734aa94e45f5d9ec518c01a729b22ca151a028b70b,val,-1,-1
Vidar/Vidar__12__sess-dump_largest_session_overlay_strongtex.png,C:\Users\wwyl5\Project\malware\dataset\processed\dataset_opacity_blend\Vidar\Vidar__12__sess-dump_largest_session_overlay_strongtex.png,Vidar,4,Vidar__12__sess-dump_largest_session_overlay_strongtex.png,.png,128,128,RGB,4653,c53199b1160b74db0cb8229732a669567610af239874ae141619dff52a6f093b,test,-1,-1
Vidar/Vidar__13__sess-dump_largest_session_overlay_strongtex.png,C:\Users\wwyl5\Project\malware\dataset\processed\dataset_opacity_blend\Vidar\Vidar__13__sess-dump_largest_session_overlay_strongtex.png,Vidar,4,Vidar__13__sess-dump_largest_session_overlay_strongtex.png,.png,128,128,RGB,5656,dc35d979d1820f3d354acaa5dd63a7b4485a6ecd8c1a173ef1b607f4c0de4dcb,train,1,0
Vidar/Vidar__15__sess-dump_largest_session_overlay_strongtex.png,C:\Users\wwyl5\Project\malware\dataset\processed\dataset_opacity_blend\Vidar\Vidar__15__sess-dump_largest_session_overlay_strongtex.png,Vidar,4,Vidar__15__sess-dump_largest_session_overlay_strongtex.png,.png,128,128,RGB,6739,2b1f196135aa6db67245606b0f534c26c519d5ee24df67f11f8492e9e921d8f2,train,1,4
Vidar/Vidar__16__sess-dump_largest_session_overlay_strongtex.png,C:\Users\wwyl5\Project\malware\dataset\processed\dataset_opacity_blend\Vidar\Vidar__16__sess-dump_largest_session_overlay_strongtex.png,Vidar,4,Vidar__16__sess-dump_largest_session_overlay_strongtex.png,.png,128,128,RGB,8214,25179d43356d4779714e837f280335842587b40ae5573a6a4e5950878b736d3e,test,-1,-1
Vidar/Vidar__17__sess-dump_largest_session_overlay_strongtex.png,C:\Users\wwyl5\Project\malware\dataset\processed\dataset_opacity_blend\Vidar\Vidar__17__sess-dump_largest_session_overlay_strongtex.png,Vidar,4,Vidar__17__sess-dump_largest_session_overlay_strongtex.png,.png,128,128,RGB,5106,7534796385b6b0be341f328b4644a621bd706d18ce6c1ccdcbd821b9219a31aa,val,-1,-1
Vidar/Vidar__18__sess-dump_largest_session_overlay_strongtex.png,C:\Users\wwyl5\Project\malware\dataset\processed\dataset_opacity_blend\Vidar\Vidar__18__sess-dump_largest_session_overlay_strongtex.png,Vidar,4,Vidar__18__sess-dump_largest_session_overlay_strongtex.png,.png,128,128,RGB,6725,008bf9462513961db59690d7b1f753e4b2ae6b1b83a1102ee5df412aa7682ca0,train,2,4
Vidar/Vidar__19__sess-dump_largest_session_overlay_strongtex.png,C:\Users\wwyl5\Project\malware\dataset\processed\dataset_opacity_blend\Vidar\Vidar__19__sess-dump_largest_session_overlay_strongtex.png,Vidar,4,Vidar__19__sess-dump_largest_session_overlay_strongtex.png,.png,128,128,RGB,12879,8df9d7904d8f197bad1b3dcbb675fb625a22e6517867fa07f404a9785eeaea9b,train,1,4
Vidar/Vidar__1__sess-dump_largest_session_overlay_strongtex.png,C:\Users\wwyl5\Project\malware\dataset\processed\dataset_opacity_blend\Vidar\Vidar__1__sess-dump_largest_session_overlay_strongtex.png,Vidar,4,Vidar__1__sess-dump_largest_session_overlay_strongtex.png,.png,128,128,RGB,5915,84727941bb8e523fc8a173794926a096b3b22c57c07352f79f1757e3414a42a7,test,-1,-1
Vidar/Vidar__20__sess-dump_largest_session_overlay_strongtex.png,C:\Users\wwyl5\Project\malware\dataset\processed\dataset_opacity_blend\Vidar\Vidar__20__sess-dump_largest_session_overlay_strongtex.png,Vidar,4,Vidar__20__sess-dump_largest_session_overlay_strongtex.png,.png,128,128,RGB,5968,ce5a51f6c77b583f0d8ab60c540f1f23d9becdfc6b4aedd3d27df1cb6e34c81a,val,-1,-1
Vidar/Vidar__21__sess-dump_largest_session_overlay_strongtex.png,C:\Users\wwyl5\Project\malware\dataset\processed\dataset_opacity_blend\Vidar\Vidar__21__sess-dump_largest_session_overlay_strongtex.png,Vidar,4,Vidar__21__sess-dump_largest_session_overlay_strongtex.png,.png,128,128,RGB,5018,235e4d61283cb820df7b5391b1d7ee266606d2a728f57d6a95ce3449de9a5f06,train,0,4
Vidar/Vidar__22__sess-dump_largest_session_overlay_strongtex.png,C:\Users\wwyl5\Project\malware\dataset\processed\dataset_opacity_blend\Vidar\Vidar__22__sess-dump_largest_session_overlay_strongtex.png,Vidar,4,Vidar__22__sess-dump_largest_session_overlay_strongtex.png,.png,128,128,RGB,5230,1538de62761f1eaaba9d4c43ae75d283711edda6f220b899a20b66c3971a787a,val,-1,-1
Vidar/Vidar__23__sess-dump_largest_session_overlay_strongtex.png,C:\Users\wwyl5\Project\malware\dataset\processed\dataset_opacity_blend\Vidar\Vidar__23__sess-dump_largest_session_overlay_strongtex.png,Vidar,4,Vidar__23__sess-dump_largest_session_overlay_strongtex.png,.png,128,128,RGB,5010,949c945a1a063d2d081560f8b5f75a3d5c8ed27504d495e97e37a0148f8e9c92,train,0,4
Vidar/Vidar__24__sess-dump_largest_session_overlay_strongtex.png,C:\Users\wwyl5\Project\malware\dataset\processed\dataset_opacity_blend\Vidar\Vidar__24__sess-dump_largest_session_overlay_strongtex.png,Vidar,4,Vidar__24__sess-dump_largest_session_overlay_strongtex.png,.png,128,128,RGB,5115,e3cfb5d7446033e4af069b1e1e3d02af1f51c3f941c6fa03e3c778ae3e2d7a34,train,3,4
Vidar/Vidar__25__sess-dump_largest_session_overlay_strongtex.png,C:\Users\wwyl5\Project\malware\dataset\processed\dataset_opacity_blend\Vidar\Vidar__25__sess-dump_largest_session_overlay_strongtex.png,Vidar,4,Vidar__25__sess-dump_largest_session_overlay_strongtex.png,.png,128,128,RGB,4671,88e94f31c11e44e0a70ee909d50a2bb84d44ae7792ee0f49582aba7c28b15436,train,3,4
Vidar/Vidar__27__sess-dump_largest_session_overlay_strongtex.png,C:\Users\wwyl5\Project\malware\dataset\processed\dataset_opacity_blend\Vidar\Vidar__27__sess-dump_largest_session_overlay_strongtex.png,Vidar,4,Vidar__27__sess-dump_largest_session_overlay_strongtex.png,.png,128,128,RGB,6540,18d5b265f7321bdb6133b966d82106980ddffadf201470182de2b99743542bc8,val,-1,-1
Vidar/Vidar__28__sess-dump_largest_session_overlay_strongtex.png,C:\Users\wwyl5\Project\malware\dataset\processed\dataset_opacity_blend\Vidar\Vidar__28__sess-dump_largest_session_overlay_strongtex.png,Vidar,4,Vidar__28__sess-dump_largest_session_overlay_strongtex.png,.png,128,128,RGB,9226,1092627fc76c6e1946729655e2acd0f2be7ab852fb5b006645c11e54838fbac2,train,0,4
Vidar/Vidar__29__sess-dump_largest_session_overlay_strongtex.png,C:\Users\wwyl5\Project\malware\dataset\processed\dataset_opacity_blend\Vidar\Vidar__29__sess-dump_largest_session_overlay_strongtex.png,Vidar,4,Vidar__29__sess-dump_largest_session_overlay_strongtex.png,.png,128,128,RGB,11226,cf5b65ad3475cae45b67749707bad0ce5c20484422178dd5c2af2fe270f8c076,train,1,4
Vidar/Vidar__2__sess-dump_largest_session_overlay_strongtex.png,C:\Users\wwyl5\Project\malware\dataset\processed\dataset_opacity_blend\Vidar\Vidar__2__sess-dump_largest_session_overlay_strongtex.png,Vidar,4,Vidar__2__sess-dump_largest_session_overlay_strongtex.png,.png,128,128,RGB,7098,d3298103677b6d4b6151cdfdb700c9766684f9eec20f5a03168baeeb43b8d374,train,0,4
Vidar/Vidar__30__sess-dump_largest_session_overlay_strongtex.png,C:\Users\wwyl5\Project\malware\dataset\processed\dataset_opacity_blend\Vidar\Vidar__30__sess-dump_largest_session_overlay_strongtex.png,Vidar,4,Vidar__30__sess-dump_largest_session_overlay_strongtex.png,.png,128,128,RGB,11950,892a52865a768a4aa19a9c74a6d34c76fba43e450ef97ad694ef1c9bb4eef316,train,0,4
Vidar/Vidar__31__sess-dump_largest_session_overlay_strongtex.png,C:\Users\wwyl5\Project\malware\dataset\processed\dataset_opacity_blend\Vidar\Vidar__31__sess-dump_largest_session_overlay_strongtex.png,Vidar,4,Vidar__31__sess-dump_largest_session_overlay_strongtex.png,.png,128,128,RGB,6133,bdadb951cb2a5d1ff70360543b64fbc0122c05623759020547f43dcab763624d,train,0,1
Vidar/Vidar__32__sess-dump_largest_session_overlay_strongtex.png,C:\Users\wwyl5\Project\malware\dataset\processed\dataset_opacity_blend\Vidar\Vidar__32__sess-dump_largest_session_overlay_strongtex.png,Vidar,4,Vidar__32__sess-dump_largest_session_overlay_strongtex.png,.png,128,128,RGB,11115,7949ff2d2e5bf66bde8f53006d3c342a1ca64829c2d7f98a7653b51b3698a358,train,1,4
Vidar/Vidar__33__sess-dump_largest_session_overlay_strongtex.png,C:\Users\wwyl5\Project\malware\dataset\processed\dataset_opacity_blend\Vidar\Vidar__33__sess-dump_largest_session_overlay_strongtex.png,Vidar,4,Vidar__33__sess-dump_largest_session_overlay_strongtex.png,.png,128,128,RGB,5915,f24080c7abdbb66b626c97652d5a2be3192ed69663c69d7d2ada36a2a5847e03,test,-1,-1
Vidar/Vidar__34__sess-dump_largest_session_overlay_strongtex.png,C:\Users\wwyl5\Project\malware\dataset\processed\dataset_opacity_blend\Vidar\Vidar__34__sess-dump_largest_session_overlay_strongtex.png,Vidar,4,Vidar__34__sess-dump_largest_session_overlay_strongtex.png,.png,128,128,RGB,5341,5e18f856123d811c74fce83c2914f919eb094bde1a2b15da75e79b132e5fc505,train,4,4
Vidar/Vidar__35__sess-dump_largest_session_overlay_strongtex.png,C:\Users\wwyl5\Project\malware\dataset\processed\dataset_opacity_blend\Vidar\Vidar__35__sess-dump_largest_session_overlay_strongtex.png,Vidar,4,Vidar__35__sess-dump_largest_session_overlay_strongtex.png,.png,128,128,RGB,5939,6a980e99054920bc78687b0ce540501a1036a3c9249307357c15beb2c3f3ca4b,train,2,0
Vidar/Vidar__36__sess-dump_largest_session_overlay_strongtex.png,C:\Users\wwyl5\Project\malware\dataset\processed\dataset_opacity_blend\Vidar\Vidar__36__sess-dump_largest_session_overlay_strongtex.png,Vidar,4,Vidar__36__sess-dump_largest_session_overlay_strongtex.png,.png,128,128,RGB,11598,3c2f820297391608cd196a7bed7c0b92ba0692ec510a3dee7efe3d1b165d1439,train,4,4
Vidar/Vidar__379__sess-dump_largest_session_overlay_strongtex.png,C:\Users\wwyl5\Project\malware\dataset\processed\dataset_opacity_blend\Vidar\Vidar__379__sess-dump_largest_session_overlay_strongtex.png,Vidar,4,Vidar__379__sess-dump_largest_session_overlay_strongtex.png,.png,128,128,RGB,8148,09470d0f5d4ed0647c07f3b943bc790147ba63482e031654992d6fa5ef401c21,val,-1,-1
Vidar/Vidar__37__sess-dump_largest_session_overlay_strongtex.png,C:\Users\wwyl5\Project\malware\dataset\processed\dataset_opacity_blend\Vidar\Vidar__37__sess-dump_largest_session_overlay_strongtex.png,Vidar,4,Vidar__37__sess-dump_largest_session_overlay_strongtex.png,.png,128,128,RGB,6126,15dcd5be03e7d080fe82716e3503b03b1aa084f1d61f4caef40a4699c8fc1226,train,0,4
Vidar/Vidar__380__sess-dump_largest_session_overlay_strongtex.png,C:\Users\wwyl5\Project\malware\dataset\processed\dataset_opacity_blend\Vidar\Vidar__380__sess-dump_largest_session_overlay_strongtex.png,Vidar,4,Vidar__380__sess-dump_largest_session_overlay_strongtex.png,.png,128,128,RGB,9581,96bb36aef95c5d1c59e12bcabb796f3cdaa84262adcb417a7f5105f2ecf897dd,train,4,4
Vidar/Vidar__381__sess-dump_largest_session_overlay_strongtex.png,C:\Users\wwyl5\Project\malware\dataset\processed\dataset_opacity_blend\Vidar\Vidar__381__sess-dump_largest_session_overlay_strongtex.png,Vidar,4,Vidar__381__sess-dump_largest_session_overlay_strongtex.png,.png,128,128,RGB,9894,c76c0cdb24641e0b8cb0e30dca486497fb86d0bf85a6bcd499aa33cae9dbe8f8,train,2,4
Vidar/Vidar__382__sess-dump_largest_session_overlay_strongtex.png,C:\Users\wwyl5\Project\malware\dataset\processed\dataset_opacity_blend\Vidar\Vidar__382__sess-dump_largest_session_overlay_strongtex.png,Vidar,4,Vidar__382__sess-dump_largest_session_overlay_strongtex.png,.png,128,128,RGB,9718,f83663b78aa6dbffa56097350f4d8035797fd138ba7b2d4c0024ab727d2b7a7b,train,2,4
Vidar/Vidar__38__sess-dump_largest_session_overlay_strongtex.png,C:\Users\wwyl5\Project\malware\dataset\processed\dataset_opacity_blend\Vidar\Vidar__38__sess-dump_largest_session_overlay_strongtex.png,Vidar,4,Vidar__38__sess-dump_largest_session_overlay_strongtex.png,.png,128,128,RGB,5909,ce32e6df7da3eb0994ad99b1604a782214bc2f9e62eb28ed424289cc7467dc9c,train,3,4
Vidar/Vidar__39__sess-dump_largest_session_overlay_strongtex.png,C:\Users\wwyl5\Project\malware\dataset\processed\dataset_opacity_blend\Vidar\Vidar__39__sess-dump_largest_session_overlay_strongtex.png,Vidar,4,Vidar__39__sess-dump_largest_session_overlay_strongtex.png,.png,128,128,RGB,5002,8e829757a6c37d251807c72d50bf7ffdb4f0ab892e27ba173ee022d663678726,test,-1,-1
Vidar/Vidar__3__sess-dump_largest_session_overlay_strongtex.png,C:\Users\wwyl5\Project\malware\dataset\processed\dataset_opacity_blend\Vidar\Vidar__3__sess-dump_largest_session_overlay_strongtex.png,Vidar,4,Vidar__3__sess-dump_largest_session_overlay_strongtex.png,.png,128,128,RGB,11436,e1549a65d93e308492b5f90ff133f737a8ce7d60d87a94084d6184545998f411,train,3,0
Vidar/Vidar__40__sess-dump_largest_session_overlay_strongtex.png,C:\Users\wwyl5\Project\malware\dataset\processed\dataset_opacity_blend\Vidar\Vidar__40__sess-dump_largest_session_overlay_strongtex.png,Vidar,4,Vidar__40__sess-dump_largest_session_overlay_strongtex.png,.png,128,128,RGB,5651,ce3b38a69af1e23527f2c0bfeb255fbaea24a57c03ff08da3859d042c6bbc93f,train,1,4
Vidar/Vidar__41__sess-dump_largest_session_overlay_strongtex.png,C:\Users\wwyl5\Project\malware\dataset\processed\dataset_opacity_blend\Vidar\Vidar__41__sess-dump_largest_session_overlay_strongtex.png,Vidar,4,Vidar__41__sess-dump_largest_session_overlay_strongtex.png,.png,128,128,RGB,11276,4537dd6c7c66cb4a5a6000e087a9c279d5ee9e41eb9d315023c859d938ec06ef,train,0,4
Vidar/Vidar__42__sess-dump_largest_session_overlay_strongtex.png,C:\Users\wwyl5\Project\malware\dataset\processed\dataset_opacity_blend\Vidar\Vidar__42__sess-dump_largest_session_overlay_strongtex.png,Vidar,4,Vidar__42__sess-dump_largest_session_overlay_strongtex.png,.png,128,128,RGB,5720,d2ce91bf42c9dc7c0098aaa85e51f191232eb16e942fb386f2b825f3adaaa7cc,train,4,4
Vidar/Vidar__43__sess-dump_largest_session_overlay_strongtex.png,C:\Users\wwyl5\Project\malware\dataset\processed\dataset_opacity_blend\Vidar\Vidar__43__sess-dump_largest_session_overlay_strongtex.png,Vidar,4,Vidar__43__sess-dump_largest_session_overlay_strongtex.png,.png,128,128,RGB,5651,ce3b38a69af1e23527f2c0bfeb255fbaea24a57c03ff08da3859d042c6bbc93f,train,0,4
Vidar/Vidar__44__sess-dump_largest_session_overlay_strongtex.png,C:\Users\wwyl5\Project\malware\dataset\processed\dataset_opacity_blend\Vidar\Vidar__44__sess-dump_largest_session_overlay_strongtex.png,Vidar,4,Vidar__44__sess-dump_largest_session_overlay_strongtex.png,.png,128,128,RGB,8180,76ff4cc3f5a6fd105e47d774841e71fcdf362ec38efb747c3c7d56308a37dbac,train,1,4
Vidar/Vidar__45__sess-dump_largest_session_overlay_strongtex.png,C:\Users\wwyl5\Project\malware\dataset\processed\dataset_opacity_blend\Vidar\Vidar__45__sess-dump_largest_session_overlay_strongtex.png,Vidar,4,Vidar__45__sess-dump_largest_session_overlay_strongtex.png,.png,128,128,RGB,9775,ad05534d023982078f1bfcca4100ec1803451254113cc5d48446f2dbf3a73e01,test,-1,-1
Vidar/Vidar__46__sess-dump_largest_session_overlay_strongtex.png,C:\Users\wwyl5\Project\malware\dataset\processed\dataset_opacity_blend\Vidar\Vidar__46__sess-dump_largest_session_overlay_strongtex.png,Vidar,4,Vidar__46__sess-dump_largest_session_overlay_strongtex.png,.png,128,128,RGB,9982,599e2c179888771a71afc17f0812f0294eac0581db74ad7b95d2f1196d3d0cd6,test,-1,-1
Vidar/Vidar__47__sess-dump_largest_session_overlay_strongtex.png,C:\Users\wwyl5\Project\malware\dataset\processed\dataset_opacity_blend\Vidar\Vidar__47__sess-dump_largest_session_overlay_strongtex.png,Vidar,4,Vidar__47__sess-dump_largest_session_overlay_strongtex.png,.png,128,128,RGB,10743,65f3f7e6f63b7c4be2a7788daf603237344e0418bfe690659b77b5838146fd74,train,2,4
Vidar/Vidar__48__sess-dump_largest_session_overlay_strongtex.png,C:\Users\wwyl5\Project\malware\dataset\processed\dataset_opacity_blend\Vidar\Vidar__48__sess-dump_largest_session_overlay_strongtex.png,Vidar,4,Vidar__48__sess-dump_largest_session_overlay_strongtex.png,.png,128,128,RGB,13786,b4ce9e6658e1933b27970a35f211dfa463f22b527cfb238712ae6c5b957414cc,train,3,4
Vidar/Vidar__49__sess-dump_largest_session_overlay_strongtex.png,C:\Users\wwyl5\Project\malware\dataset\processed\dataset_opacity_blend\Vidar\Vidar__49__sess-dump_largest_session_overlay_strongtex.png,Vidar,4,Vidar__49__sess-dump_largest_session_overlay_strongtex.png,.png,128,128,RGB,12445,d254d921f4ae93e67620444c9bab967d33e4a448f5908b83c8e5a712513305a5,train,0,4
Vidar/Vidar__4__sess-dump_largest_session_overlay_strongtex.png,C:\Users\wwyl5\Project\malware\dataset\processed\dataset_opacity_blend\Vidar\Vidar__4__sess-dump_largest_session_overlay_strongtex.png,Vidar,4,Vidar__4__sess-dump_largest_session_overlay_strongtex.png,.png,128,128,RGB,5235,0532097baac7d67131b7f6e2a5abcbdae73e137a07f25ef086d434fd1fcce537,test,-1,-1
Vidar/Vidar__50__sess-dump_largest_session_overlay_strongtex.png,C:\Users\wwyl5\Project\malware\dataset\processed\dataset_opacity_blend\Vidar\Vidar__50__sess-dump_largest_session_overlay_strongtex.png,Vidar,4,Vidar__50__sess-dump_largest_session_overlay_strongtex.png,.png,128,128,RGB,11748,9299af8e2ee67ed3d7a99a8d2c8d98c289714128e800646990e336a798728302,test,-1,-1
Vidar/Vidar__51__sess-dump_largest_session_overlay_strongtex.png,C:\Users\wwyl5\Project\malware\dataset\processed\dataset_opacity_blend\Vidar\Vidar__51__sess-dump_largest_session_overlay_strongtex.png,Vidar,4,Vidar__51__sess-dump_largest_session_overlay_strongtex.png,.png,128,128,RGB,11731,51a99ba06e8d84add49119e0a28c994a2ba6a5878b96ae13352c2ffc9f47a333,train,1,4
Vidar/Vidar__52__sess-dump_largest_session_overlay_strongtex.png,C:\Users\wwyl5\Project\malware\dataset\processed\dataset_opacity_blend\Vidar\Vidar__52__sess-dump_largest_session_overlay_strongtex.png,Vidar,4,Vidar__52__sess-dump_largest_session_overlay_strongtex.png,.png,128,128,RGB,10109,50f06a6a49207e09b95f0f4651ba61e443c57b5fcb6cb9808c8587576575de2b,val,-1,-1
Vidar/Vidar__53__sess-dump_largest_session_overlay_strongtex.png,C:\Users\wwyl5\Project\malware\dataset\processed\dataset_opacity_blend\Vidar\Vidar__53__sess-dump_largest_session_overlay_strongtex.png,Vidar,4,Vidar__53__sess-dump_largest_session_overlay_strongtex.png,.png,128,128,RGB,8374,c59d1e0b18077a92864af24f6f6bed42f15d9ac381a935d9187a928812ff00dd,train,3,4
Vidar/Vidar__54__sess-dump_largest_session_overlay_strongtex.png,C:\Users\wwyl5\Project\malware\dataset\processed\dataset_opacity_blend\Vidar\Vidar__54__sess-dump_largest_session_overlay_strongtex.png,Vidar,4,Vidar__54__sess-dump_largest_session_overlay_strongtex.png,.png,128,128,RGB,8123,343d6bfe400382ecc2702bf20ba9a5bcbe88c00b99ac6059e318631e0f15faa3,train,4,4
Vidar/Vidar__55__sess-dump_largest_session_overlay_strongtex.png,C:\Users\wwyl5\Project\malware\dataset\processed\dataset_opacity_blend\Vidar\Vidar__55__sess-dump_largest_session_overlay_strongtex.png,Vidar,4,Vidar__55__sess-dump_largest_session_overlay_strongtex.png,.png,128,128,RGB,12418,0c34f228ea1a12265b33d0634712e814ca972299e18202b4b7cc18a6296601fd,test,-1,-1
Vidar/Vidar__56__sess-dump_largest_session_overlay_strongtex.png,C:\Users\wwyl5\Project\malware\dataset\processed\dataset_opacity_blend\Vidar\Vidar__56__sess-dump_largest_session_overlay_strongtex.png,Vidar,4,Vidar__56__sess-dump_largest_session_overlay_strongtex.png,.png,128,128,RGB,10049,f40056e2fd534e00644bbb9e1f3709f6bcec56febb6bc2e8a09fb71173bab11a,train,3,4
Vidar/Vidar__57__sess-dump_largest_session_overlay_strongtex.png,C:\Users\wwyl5\Project\malware\dataset\processed\dataset_opacity_blend\Vidar\Vidar__57__sess-dump_largest_session_overlay_strongtex.png,Vidar,4,Vidar__57__sess-dump_largest_session_overlay_strongtex.png,.png,128,128,RGB,9942,33d3175048c14453d2ec849334c91c9344067289a4b5530483b36311b07bc996,val,-1,-1
Vidar/Vidar__58__sess-dump_largest_session_overlay_strongtex.png,C:\Users\wwyl5\Project\malware\dataset\processed\dataset_opacity_blend\Vidar\Vidar__58__sess-dump_largest_session_overlay_strongtex.png,Vidar,4,Vidar__58__sess-dump_largest_session_overlay_strongtex.png,.png,128,128,RGB,10020,a202bd986d1c0c597c81edab516dcb76d2329208e29b5b1bb9b1dd1de3bd2e07,train,2,4
Vidar/Vidar__59__sess-dump_largest_session_overlay_strongtex.png,C:\Users\wwyl5\Project\malware\dataset\processed\dataset_opacity_blend\Vidar\Vidar__59__sess-dump_largest_session_overlay_strongtex.png,Vidar,4,Vidar__59__sess-dump_largest_session_overlay_strongtex.png,.png,128,128,RGB,9873,8ed77b634382d1e7a5b18ba1e3b6102600c985fb51a2e022a96bc0d51ac0fe81,test,-1,-1
Vidar/Vidar__5__sess-dump_largest_session_overlay_strongtex.png,C:\Users\wwyl5\Project\malware\dataset\processed\dataset_opacity_blend\Vidar\Vidar__5__sess-dump_largest_session_overlay_strongtex.png,Vidar,4,Vidar__5__sess-dump_largest_session_overlay_strongtex.png,.png,128,128,RGB,6429,beae162bfbb2afdee1fb60cea68073c3287b0de464268dc6a846b3daa3569a11,val,-1,-1
Vidar/Vidar__60__sess-dump_largest_session_overlay_strongtex.png,C:\Users\wwyl5\Project\malware\dataset\processed\dataset_opacity_blend\Vidar\Vidar__60__sess-dump_largest_session_overlay_strongtex.png,Vidar,4,Vidar__60__sess-dump_largest_session_overlay_strongtex.png,.png,128,128,RGB,7103,db3b251474899bb6eac4cfc91e674f449bc4fffdfce936f4ac3754a96edc04f7,train,3,4
Vidar/Vidar__61__sess-dump_largest_session_overlay_strongtex.png,C:\Users\wwyl5\Project\malware\dataset\processed\dataset_opacity_blend\Vidar\Vidar__61__sess-dump_largest_session_overlay_strongtex.png,Vidar,4,Vidar__61__sess-dump_largest_session_overlay_strongtex.png,.png,128,128,RGB,8083,2fd35270fab762012cdbb754b6fda6ba958fe3cabe87d29369f3837675d39fd8,train,4,0
Vidar/Vidar__62__sess-dump_largest_session_overlay_strongtex.png,C:\Users\wwyl5\Project\malware\dataset\processed\dataset_opacity_blend\Vidar\Vidar__62__sess-dump_largest_session_overlay_strongtex.png,Vidar,4,Vidar__62__sess-dump_largest_session_overlay_strongtex.png,.png,128,128,RGB,12898,3aa5db4ab152649aedf02c068ee45dd47ae54f4b66e36c63082a3aefad165cbe,train,1,4
Vidar/Vidar__63__sess-dump_largest_session_overlay_strongtex.png,C:\Users\wwyl5\Project\malware\dataset\processed\dataset_opacity_blend\Vidar\Vidar__63__sess-dump_largest_session_overlay_strongtex.png,Vidar,4,Vidar__63__sess-dump_largest_session_overlay_strongtex.png,.png,128,128,RGB,10770,b3180838bb78758cc7b15dcea39cc48e2b99be2de5d3c79bcc2a6f5c4754039e,train,3,4
Vidar/Vidar__64__sess-dump_largest_session_overlay_strongtex.png,C:\Users\wwyl5\Project\malware\dataset\processed\dataset_opacity_blend\Vidar\Vidar__64__sess-dump_largest_session_overlay_strongtex.png,Vidar,4,Vidar__64__sess-dump_largest_session_overlay_strongtex.png,.png,128,128,RGB,11699,9e6adee3bd10cce5ef7ce5f7c827ec5d3147eae1e3c5b239f9e5030d1d00b67c,val,-1,-1
Vidar/Vidar__65__sess-dump_largest_session_overlay_strongtex.png,C:\Users\wwyl5\Project\malware\dataset\processed\dataset_opacity_blend\Vidar\Vidar__65__sess-dump_largest_session_overlay_strongtex.png,Vidar,4,Vidar__65__sess-dump_largest_session_overlay_strongtex.png,.png,128,128,RGB,10650,1e7f45371d62d2417e11eb3e256019eddf32cffc2edf1b031ce1fc03d9ed86dd,train,4,4
Vidar/Vidar__66__sess-dump_largest_session_overlay_strongtex.png,C:\Users\wwyl5\Project\malware\dataset\processed\dataset_opacity_blend\Vidar\Vidar__66__sess-dump_largest_session_overlay_strongtex.png,Vidar,4,Vidar__66__sess-dump_largest_session_overlay_strongtex.png,.png,128,128,RGB,9976,bc2fd33f61bdf00ad8f8d626a2387caa786e7a81b83cfc135c847e19915afc69,train,0,4
Vidar/Vidar__67__sess-dump_largest_session_overlay_strongtex.png,C:\Users\wwyl5\Project\malware\dataset\processed\dataset_opacity_blend\Vidar\Vidar__67__sess-dump_largest_session_overlay_strongtex.png,Vidar,4,Vidar__67__sess-dump_largest_session_overlay_strongtex.png,.png,128,128,RGB,11115,a137b5f2be1a55175eddb6c84a0a904135ebb37ed43d5fd24551b6583260370f,train,1,4
Vidar/Vidar__68__sess-dump_largest_session_overlay_strongtex.png,C:\Users\wwyl5\Project\malware\dataset\processed\dataset_opacity_blend\Vidar\Vidar__68__sess-dump_largest_session_overlay_strongtex.png,Vidar,4,Vidar__68__sess-dump_largest_session_overlay_strongtex.png,.png,128,128,RGB,10358,ad8363d0706d12fc57b87b63fdbfa2855a76e0db85d28f2a0162a91f9d5c6af2,train,4,4
Vidar/Vidar__6__sess-dump_largest_session_overlay_strongtex.png,C:\Users\wwyl5\Project\malware\dataset\processed\dataset_opacity_blend\Vidar\Vidar__6__sess-dump_largest_session_overlay_strongtex.png,Vidar,4,Vidar__6__sess-dump_largest_session_overlay_strongtex.png,.png,128,128,RGB,11062,b382f82f468ed7242c87c1e9ab422a4945a23f44c7d51130bc5400016f021102,train,0,4
Vidar/Vidar__70__sess-dump_largest_session_overlay_strongtex.png,C:\Users\wwyl5\Project\malware\dataset\processed\dataset_opacity_blend\Vidar\Vidar__70__sess-dump_largest_session_overlay_strongtex.png,Vidar,4,Vidar__70__sess-dump_largest_session_overlay_strongtex.png,.png,128,128,RGB,6164,494a518cde60242f884b1c4a9e45b32940839128aa615390175f5e460f94cbc1,test,-1,-1
Vidar/Vidar__72__sess-dump_largest_session_overlay_strongtex.png,C:\Users\wwyl5\Project\malware\dataset\processed\dataset_opacity_blend\Vidar\Vidar__72__sess-dump_largest_session_overlay_strongtex.png,Vidar,4,Vidar__72__sess-dump_largest_session_overlay_strongtex.png,.png,128,128,RGB,8120,b35cd72a6e4924fea3eca72ab6a7a7fd4d129210b73c3de1a21913eb6cde0442,train,1,4
Vidar/Vidar__73__sess-dump_largest_session_overlay_strongtex.png,C:\Users\wwyl5\Project\malware\dataset\processed\dataset_opacity_blend\Vidar\Vidar__73__sess-dump_largest_session_overlay_strongtex.png,Vidar,4,Vidar__73__sess-dump_largest_session_overlay_strongtex.png,.png,128,128,RGB,10350,de89c4c27d99f03de39b9c8bb784852f0891da376579f13a60f7e901b9fea878,test,-1,-1
Vidar/Vidar__74__sess-dump_largest_session_overlay_strongtex.png,C:\Users\wwyl5\Project\malware\dataset\processed\dataset_opacity_blend\Vidar\Vidar__74__sess-dump_largest_session_overlay_strongtex.png,Vidar,4,Vidar__74__sess-dump_largest_session_overlay_strongtex.png,.png,128,128,RGB,9372,0e51d648063258515a08282382c5d612c39d8383c252c1937656ed5ae0de84d2,train,2,4
Vidar/Vidar__75__sess-dump_largest_session_overlay_strongtex.png,C:\Users\wwyl5\Project\malware\dataset\processed\dataset_opacity_blend\Vidar\Vidar__75__sess-dump_largest_session_overlay_strongtex.png,Vidar,4,Vidar__75__sess-dump_largest_session_overlay_strongtex.png,.png,128,128,RGB,9245,231047514674ffad251f2cf9622c1b88ed7837a63d6775e32f8df4451f5f2382,train,1,4
Vidar/Vidar__76__sess-dump_largest_session_overlay_strongtex.png,C:\Users\wwyl5\Project\malware\dataset\processed\dataset_opacity_blend\Vidar\Vidar__76__sess-dump_largest_session_overlay_strongtex.png,Vidar,4,Vidar__76__sess-dump_largest_session_overlay_strongtex.png,.png,128,128,RGB,4689,b7b0b20d053ddbb9ad6e1379d03fe468e9bdb69c957cc3b0bc38c52aa7f864a2,train,2,4
Vidar/Vidar__77__sess-dump_largest_session_overlay_strongtex.png,C:\Users\wwyl5\Project\malware\dataset\processed\dataset_opacity_blend\Vidar\Vidar__77__sess-dump_largest_session_overlay_strongtex.png,Vidar,4,Vidar__77__sess-dump_largest_session_overlay_strongtex.png,.png,128,128,RGB,4686,a89c5514aac95e892bd329aa06a49ab1f8e256c8eec913e09c57aeeebee8b179,train,2,4
Vidar/Vidar__78__sess-dump_largest_session_overlay_strongtex.png,C:\Users\wwyl5\Project\malware\dataset\processed\dataset_opacity_blend\Vidar\Vidar__78__sess-dump_largest_session_overlay_strongtex.png,Vidar,4,Vidar__78__sess-dump_largest_session_overlay_strongtex.png,.png,128,128,RGB,6400,ff9fd9fa30b378760375254ea12649c5f84408107a33f27b75f5176c87173dad,train,3,4
Vidar/Vidar__79__sess-dump_largest_session_overlay_strongtex.png,C:\Users\wwyl5\Project\malware\dataset\processed\dataset_opacity_blend\Vidar\Vidar__79__sess-dump_largest_session_overlay_strongtex.png,Vidar,4,Vidar__79__sess-dump_largest_session_overlay_strongtex.png,.png,128,128,RGB,5260,b1c486bf0dedd200452106f9538a53bef111f406bfa8b2460baf5ffe766485fd,val,-1,-1
Vidar/Vidar__7__sess-dump_largest_session_overlay_strongtex.png,C:\Users\wwyl5\Project\malware\dataset\processed\dataset_opacity_blend\Vidar\Vidar__7__sess-dump_largest_session_overlay_strongtex.png,Vidar,4,Vidar__7__sess-dump_largest_session_overlay_strongtex.png,.png,128,128,RGB,6257,b9a0c13070822b1bbb9fe3fc01914843af5ee054602a21fe2e2f20d59b930631,train,2,4
Vidar/Vidar__80__sess-dump_largest_session_overlay_strongtex.png,C:\Users\wwyl5\Project\malware\dataset\processed\dataset_opacity_blend\Vidar\Vidar__80__sess-dump_largest_session_overlay_strongtex.png,Vidar,4,Vidar__80__sess-dump_largest_session_overlay_strongtex.png,.png,128,128,RGB,5336,a37ba2b7f4930441e61e785e4a687eece5d4d62d8319f3a58c12c5f628676533,train,4,4
Vidar/Vidar__81__sess-dump_largest_session_overlay_strongtex.png,C:\Users\wwyl5\Project\malware\dataset\processed\dataset_opacity_blend\Vidar\Vidar__81__sess-dump_largest_session_overlay_strongtex.png,Vidar,4,Vidar__81__sess-dump_largest_session_overlay_strongtex.png,.png,128,128,RGB,4690,63744a8952cd7aa766e3915b47f7ec7d044d93461aa7b78d68183b7f106ff08d,train,4,4
Vidar/Vidar__82__sess-dump_largest_session_overlay_strongtex.png,C:\Users\wwyl5\Project\malware\dataset\processed\dataset_opacity_blend\Vidar\Vidar__82__sess-dump_largest_session_overlay_strongtex.png,Vidar,4,Vidar__82__sess-dump_largest_session_overlay_strongtex.png,.png,128,128,RGB,6429,c75355cab6c8f16e98de257cd6e123a9d351ca0b7fed339d013702f14a46dea7,val,-1,-1
Vidar/Vidar__83__sess-dump_largest_session_overlay_strongtex.png,C:\Users\wwyl5\Project\malware\dataset\processed\dataset_opacity_blend\Vidar\Vidar__83__sess-dump_largest_session_overlay_strongtex.png,Vidar,4,Vidar__83__sess-dump_largest_session_overlay_strongtex.png,.png,128,128,RGB,10470,32ee862c3ddc89068d15a30766b17e643621fb28d3ba9e21c3de2fc0ed6eaf83,train,1,4
Vidar/Vidar__84__sess-dump_largest_session_overlay_strongtex.png,C:\Users\wwyl5\Project\malware\dataset\processed\dataset_opacity_blend\Vidar\Vidar__84__sess-dump_largest_session_overlay_strongtex.png,Vidar,4,Vidar__84__sess-dump_largest_session_overlay_strongtex.png,.png,128,128,RGB,9308,f829290c83f1e66f1516d20f72cde9157fd90be9ac7f737fe1801a9e1057d542,train,3,4
Vidar/Vidar__85__sess-dump_largest_session_overlay_strongtex.png,C:\Users\wwyl5\Project\malware\dataset\processed\dataset_opacity_blend\Vidar\Vidar__85__sess-dump_largest_session_overlay_strongtex.png,Vidar,4,Vidar__85__sess-dump_largest_session_overlay_strongtex.png,.png,128,128,RGB,8627,a9d833484a96352d1ad5191de0d236a0154df9c60d0d466675b8c3d1f4883c34,train,2,4
Vidar/Vidar__88__sess-dump_largest_session_overlay_strongtex.png,C:\Users\wwyl5\Project\malware\dataset\processed\dataset_opacity_blend\Vidar\Vidar__88__sess-dump_largest_session_overlay_strongtex.png,Vidar,4,Vidar__88__sess-dump_largest_session_overlay_strongtex.png,.png,128,128,RGB,5565,90eea781e2ace9ae89448d6ab4a028a1956047d2d38672bee39c3fcda9bdf0c4,train,4,4
Vidar/Vidar__8__sess-dump_largest_session_overlay_strongtex.png,C:\Users\wwyl5\Project\malware\dataset\processed\dataset_opacity_blend\Vidar\Vidar__8__sess-dump_largest_session_overlay_strongtex.png,Vidar,4,Vidar__8__sess-dump_largest_session_overlay_strongtex.png,.png,128,128,RGB,5191,caf518fab0e6c71abd4b306d593b896193ab4c9c026a37f5ab3957f8f6de7c9c,train,4,4
Vidar/Vidar__90__sess-dump_largest_session_overlay_strongtex.png,C:\Users\wwyl5\Project\malware\dataset\processed\dataset_opacity_blend\Vidar\Vidar__90__sess-dump_largest_session_overlay_strongtex.png,Vidar,4,Vidar__90__sess-dump_largest_session_overlay_strongtex.png,.png,128,128,RGB,11242,2bdde3f0334259827835aa678c46172b53a5844ba18bf046a1506dbbddb01a76,val,-1,-1
Vidar/Vidar__91__sess-dump_largest_session_overlay_strongtex.png,C:\Users\wwyl5\Project\malware\dataset\processed\dataset_opacity_blend\Vidar\Vidar__91__sess-dump_largest_session_overlay_strongtex.png,Vidar,4,Vidar__91__sess-dump_largest_session_overlay_strongtex.png,.png,128,128,RGB,7908,55dba2d16d4c3d6354583a8b8a5765f567bb437007781952b0faeeb8a919f57d,train,2,4
Vidar/Vidar__92__sess-dump_largest_session_overlay_strongtex.png,C:\Users\wwyl5\Project\malware\dataset\processed\dataset_opacity_blend\Vidar\Vidar__92__sess-dump_largest_session_overlay_strongtex.png,Vidar,4,Vidar__92__sess-dump_largest_session_overlay_strongtex.png,.png,128,128,RGB,8093,10653ed5507dc1a4c1266f69aabeab6b970019b6a5f51ebda91dd3e956dcd419,val,-1,-1
Vidar/Vidar__93__sess-dump_largest_session_overlay_strongtex.png,C:\Users\wwyl5\Project\malware\dataset\processed\dataset_opacity_blend\Vidar\Vidar__93__sess-dump_largest_session_overlay_strongtex.png,Vidar,4,Vidar__93__sess-dump_largest_session_overlay_strongtex.png,.png,128,128,RGB,7616,1eb07df010b024708f576d9bd5936e0ffb1983adbd65acae187a91488a88f6bc,train,3,4
Vidar/Vidar__94__sess-dump_largest_session_overlay_strongtex.png,C:\Users\wwyl5\Project\malware\dataset\processed\dataset_opacity_blend\Vidar\Vidar__94__sess-dump_largest_session_overlay_strongtex.png,Vidar,4,Vidar__94__sess-dump_largest_session_overlay_strongtex.png,.png,128,128,RGB,7155,8645fe300acfaf129db6caea929ae6f473791cf19af145de4c7aeffaa0bd88bf,train,2,0
Vidar/Vidar__96__sess-dump_largest_session_overlay_strongtex.png,C:\Users\wwyl5\Project\malware\dataset\processed\dataset_opacity_blend\Vidar\Vidar__96__sess-dump_largest_session_overlay_strongtex.png,Vidar,4,Vidar__96__sess-dump_largest_session_overlay_strongtex.png,.png,128,128,RGB,6494,4a4e9eee3c36f2fe7e3ca5c9f2c72e97a7ce8dd362b31f972d61be48b5aa6b32,train,3,4
Vidar/Vidar__97__sess-dump_largest_session_overlay_strongtex.png,C:\Users\wwyl5\Project\malware\dataset\processed\dataset_opacity_blend\Vidar\Vidar__97__sess-dump_largest_session_overlay_strongtex.png,Vidar,4,Vidar__97__sess-dump_largest_session_overlay_strongtex.png,.png,128,128,RGB,6565,79416f48500b8f211503a101dc937d393db9caa74395158fefd2496a07a6d56b,train,3,4
Vidar/Vidar__98__sess-dump_largest_session_overlay_strongtex.png,C:\Users\wwyl5\Project\malware\dataset\processed\dataset_opacity_blend\Vidar\Vidar__98__sess-dump_largest_session_overlay_strongtex.png,Vidar,4,Vidar__98__sess-dump_largest_session_overlay_strongtex.png,.png,128,128,RGB,5009,4634e7ef2af298e1f9f8f820495f87374252168a67003fe5c0e74117032aaeeb,train,4,4
Vidar/Vidar__9__sess-dump_largest_session_overlay_strongtex.png,C:\Users\wwyl5\Project\malware\dataset\processed\dataset_opacity_blend\Vidar\Vidar__9__sess-dump_largest_session_overlay_strongtex.png,Vidar,4,Vidar__9__sess-dump_largest_session_overlay_strongtex.png,.png,128,128,RGB,4985,3006fbf996352d7595fc8aa6b9deca81e8bb899909458050d4dd50d422210e4a,train,0,4
