sample_id,session_id,label,api_path,net_path,fused_path,fusion_mode,size_each,fused_width,fused_height,normalized
AgentTesla::1,dump_largest_session,AgentTesla,dataset_api_call_sequences/AgentTesla/AgentTesla_1_APIxTIME_16x16.png,dataset_network_packets/images/AgentTesla/1/dump_largest_session.png,dataset_rgb_stack_combined/images/AgentTesla/AgentTesla__1__sess-dump_largest_session_rgb_stack.png,rgb_stack,128,128,128,1
AgentTesla::10,dump_largest_session,AgentTesla,dataset_api_call_sequences/AgentTesla/AgentTesla_10_APIxTIME_16x16.png,dataset_network_packets/images/AgentTesla/10/dump_largest_session.png,dataset_rgb_stack_combined/images/AgentTesla/AgentTesla__10__sess-dump_largest_session_rgb_stack.png,rgb_stack,128,128,128,1
AgentTesla::100,dump_largest_session,AgentTesla,dataset_api_call_sequences/AgentTesla/AgentTesla_100_APIxTIME_16x16.png,dataset_network_packets/images/AgentTesla/100/dump_largest_session.png,dataset_rgb_stack_combined/images/AgentTesla/AgentTesla__100__sess-dump_largest_session_rgb_stack.png,rgb_stack,128,128,128,1
AgentTesla::101,dump_largest_session,AgentTesla,dataset_api_call_sequences/AgentTesla/AgentTesla_101_APIxTIME_16x16.png,dataset_network_packets/images/AgentTesla/101/dump_largest_session.png,dataset_rgb_stack_combined/images/AgentTesla/AgentTesla__101__sess-dump_largest_session_rgb_stack.png,rgb_stack,128,128,128,1
AgentTesla::102,dump_largest_session,AgentTesla,dataset_api_call_sequences/AgentTesla/AgentTesla_102_APIxTIME_16x16.png,dataset_network_packets/images/AgentTesla/102/dump_largest_session.png,dataset_rgb_stack_combined/images/AgentTesla/AgentTesla__102__sess-dump_largest_session_rgb_stack.png,rgb_stack,128,128,128,1
AgentTesla::103,dump_largest_session,AgentTesla,dataset_api_call_sequences/AgentTesla/AgentTesla_103_APIxTIME_16x16.png,dataset_network_packets/images/AgentTesla/103/dump_largest_session.png,dataset_rgb_stack_combined/images/AgentTesla/AgentTesla__103__sess-dump_largest_session_rgb_stack.png,rgb_stack,128,128,128,1
AgentTesla::104,dump_largest_session,AgentTesla,dataset_api_call_sequences/AgentTesla/AgentTesla_104_APIxTIME_16x16.png,dataset_network_packets/images/AgentTesla/104/dump_largest_session.png,dataset_rgb_stack_combined/images/AgentTesla/AgentTesla__104__sess-dump_largest_session_rgb_stack.png,rgb_stack,128,128,128,1
AgentTesla::105,dump_largest_session,AgentTesla,dataset_api_call_sequences/AgentTesla/AgentTesla_105_APIxTIME_16x16.png,dataset_network_packets/images/AgentTesla/105/dump_largest_session.png,dataset_rgb_stack_combined/images/AgentTesla/AgentTesla__105__sess-dump_largest_session_rgb_stack.png,rgb_stack,128,128,128,1
AgentTesla::106,dump_largest_session,AgentTesla,dataset_api_call_sequences/AgentTesla/AgentTesla_106_APIxTIME_16x16.png,dataset_network_packets/images/AgentTesla/106/dump_largest_session.png,dataset_rgb_stack_combined/images/AgentTesla/AgentTesla__106__sess-dump_largest_session_rgb_stack.png,rgb_stack,128,128,128,1
AgentTesla::107,dump_largest_session,AgentTesla,dataset_api_call_sequences/AgentTesla/AgentTesla_107_APIxTIME_16x16.png,dataset_network_packets/images/AgentTesla/107/dump_largest_session.png,dataset_rgb_stack_combined/images/AgentTesla/AgentTesla__107__sess-dump_largest_session_rgb_stack.png,rgb_stack,128,128,128,1
AgentTesla::108,dump_largest_session,AgentTesla,dataset_api_call_sequences/AgentTesla/AgentTesla_108_APIxTIME_16x16.png,dataset_network_packets/images/AgentTesla/108/dump_largest_session.png,dataset_rgb_stack_combined/images/AgentTesla/AgentTesla__108__sess-dump_largest_session_rgb_stack.png,rgb_stack,128,128,128,1
AgentTesla::109,dump_largest_session,AgentTesla,dataset_api_call_sequences/AgentTesla/AgentTesla_109_APIxTIME_16x16.png,dataset_network_packets/images/AgentTesla/109/dump_largest_session.png,dataset_rgb_stack_combined/images/AgentTesla/AgentTesla__109__sess-dump_largest_session_rgb_stack.png,rgb_stack,128,128,128,1
AgentTesla::11,dump_largest_session,AgentTesla,dataset_api_call_sequences/AgentTesla/AgentTesla_11_APIxTIME_16x16.png,dataset_network_packets/images/AgentTesla/11/dump_largest_session.png,dataset_rgb_stack_combined/images/AgentTesla/AgentTesla__11__sess-dump_largest_session_rgb_stack.png,rgb_stack,128,128,128,1
AgentTesla::12,dump_largest_session,AgentTesla,dataset_api_call_sequences/AgentTesla/AgentTesla_12_APIxTIME_16x16.png,dataset_network_packets/images/AgentTesla/12/dump_largest_session.png,dataset_rgb_stack_combined/images/AgentTesla/AgentTesla__12__sess-dump_largest_session_rgb_stack.png,rgb_stack,128,128,128,1
AgentTesla::13,dump_largest_session,AgentTesla,dataset_api_call_sequences/AgentTesla/AgentTesla_13_APIxTIME_16x16.png,dataset_network_packets/images/AgentTesla/13/dump_largest_session.png,dataset_rgb_stack_combined/images/AgentTesla/AgentTesla__13__sess-dump_largest_session_rgb_stack.png,rgb_stack,128,128,128,1
AgentTesla::14,dump_largest_session,AgentTesla,dataset_api_call_sequences/AgentTesla/AgentTesla_14_APIxTIME_16x16.png,dataset_network_packets/images/AgentTesla/14/dump_largest_session.png,dataset_rgb_stack_combined/images/AgentTesla/AgentTesla__14__sess-dump_largest_session_rgb_stack.png,rgb_stack,128,128,128,1
AgentTesla::15,dump_largest_session,AgentTesla,dataset_api_call_sequences/AgentTesla/AgentTesla_15_APIxTIME_16x16.png,dataset_network_packets/images/AgentTesla/15/dump_largest_session.png,dataset_rgb_stack_combined/images/AgentTesla/AgentTesla__15__sess-dump_largest_session_rgb_stack.png,rgb_stack,128,128,128,1
AgentTesla::17,dump_largest_session,AgentTesla,dataset_api_call_sequences/AgentTesla/AgentTesla_17_APIxTIME_16x16.png,dataset_network_packets/images/AgentTesla/17/dump_largest_session.png,dataset_rgb_stack_combined/images/AgentTesla/AgentTesla__17__sess-dump_largest_session_rgb_stack.png,rgb_stack,128,128,128,1
AgentTesla::18,dump_largest_session,AgentTesla,dataset_api_call_sequences/AgentTesla/AgentTesla_18_APIxTIME_16x16.png,dataset_network_packets/images/AgentTesla/18/dump_largest_session.png,dataset_rgb_stack_combined/images/AgentTesla/AgentTesla__18__sess-dump_largest_session_rgb_stack.png,rgb_stack,128,128,128,1
AgentTesla::2,dump_largest_session,AgentTesla,dataset_api_call_sequences/AgentTesla/AgentTesla_2_APIxTIME_16x16.png,dataset_network_packets/images/AgentTesla/2/dump_largest_session.png,dataset_rgb_stack_combined/images/AgentTesla/AgentTesla__2__sess-dump_largest_session_rgb_stack.png,rgb_stack,128,128,128,1
AgentTesla::20,dump_largest_session,AgentTesla,dataset_api_call_sequences/AgentTesla/AgentTesla_20_APIxTIME_16x16.png,dataset_network_packets/images/AgentTesla/20/dump_largest_session.png,dataset_rgb_stack_combined/images/AgentTesla/AgentTesla__20__sess-dump_largest_session_rgb_stack.png,rgb_stack,128,128,128,1
AgentTesla::22,dump_largest_session,AgentTesla,dataset_api_call_sequences/AgentTesla/AgentTesla_22_APIxTIME_16x16.png,dataset_network_packets/images/AgentTesla/22/dump_largest_session.png,dataset_rgb_stack_combined/images/AgentTesla/AgentTesla__22__sess-dump_largest_session_rgb_stack.png,rgb_stack,128,128,128,1
AgentTesla::24,dump_largest_session,AgentTesla,dataset_api_call_sequences/AgentTesla/AgentTesla_24_APIxTIME_16x16.png,dataset_network_packets/images/AgentTesla/24/dump_largest_session.png,dataset_rgb_stack_combined/images/AgentTesla/AgentTesla__24__sess-dump_largest_session_rgb_stack.png,rgb_stack,128,128,128,1
AgentTesla::26,dump_largest_session,AgentTesla,dataset_api_call_sequences/AgentTesla/AgentTesla_26_APIxTIME_16x16.png,dataset_network_packets/images/AgentTesla/26/dump_largest_session.png,dataset_rgb_stack_combined/images/AgentTesla/AgentTesla__26__sess-dump_largest_session_rgb_stack.png,rgb_stack,128,128,128,1
AgentTesla::28,dump_largest_session,AgentTesla,dataset_api_call_sequences/AgentTesla/AgentTesla_28_APIxTIME_16x16.png,dataset_network_packets/images/AgentTesla/28/dump_largest_session.png,dataset_rgb_stack_combined/images/AgentTesla/AgentTesla__28__sess-dump_largest_session_rgb_stack.png,rgb_stack,128,128,128,1
AgentTesla::3,dump_largest_session,AgentTesla,dataset_api_call_sequences/AgentTesla/AgentTesla_3_APIxTIME_16x16.png,dataset_network_packets/images/AgentTesla/3/dump_largest_session.png,dataset_rgb_stack_combined/images/AgentTesla/AgentTesla__3__sess-dump_largest_session_rgb_stack.png,rgb_stack,128,128,128,1
AgentTesla::30,dump_largest_session,AgentTesla,dataset_api_call_sequences/AgentTesla/AgentTesla_30_APIxTIME_16x16.png,dataset_network_packets/images/AgentTesla/30/dump_largest_session.png,dataset_rgb_stack_combined/images/AgentTesla/AgentTesla__30__sess-dump_largest_session_rgb_stack.png,rgb_stack,128,128,128,1
AgentTesla::32,dump_largest_session,AgentTesla,dataset_api_call_sequences/AgentTesla/AgentTesla_32_APIxTIME_16x16.png,dataset_network_packets/images/AgentTesla/32/dump_largest_session.png,dataset_rgb_stack_combined/images/AgentTesla/AgentTesla__32__sess-dump_largest_session_rgb_stack.png,rgb_stack,128,128,128,1
AgentTesla::33,dump_largest_session,AgentTesla,dataset_api_call_sequences/AgentTesla/AgentTesla_33_APIxTIME_16x16.png,dataset_network_packets/images/AgentTesla/33/dump_largest_session.png,dataset_rgb_stack_combined/images/AgentTesla/AgentTesla__33__sess-dump_largest_session_rgb_stack.png,rgb_stack,128,128,128,1
AgentTesla::34,dump_largest_session,AgentTesla,dataset_api_call_sequences/AgentTesla/AgentTesla_34_APIxTIME_16x16.png,dataset_network_packets/images/AgentTesla/34/dump_largest_session.png,dataset_rgb_stack_combined/images/AgentTesla/AgentTesla__34__sess-dump_largest_session_rgb_stack.png,rgb_stack,128,128,128,1
AgentTesla::35,dump_largest_session,AgentTesla,dataset_api_call_sequences/AgentTesla/AgentTesla_35_APIxTIME_16x16.png,dataset_network_packets/images/AgentTesla/35/dump_largest_session.png,dataset_rgb_stack_combined/images/AgentTesla/AgentTesla__35__sess-dump_largest_session_rgb_stack.png,rgb_stack,128,128,128,1
AgentTesla::36,dump_largest_session,AgentTesla,dataset_api_call_sequences/AgentTesla/AgentTesla_36_APIxTIME_16x16.png,dataset_network_packets/images/AgentTesla/36/dump_largest_session.png,dataset_rgb_stack_combined/images/AgentTesla/AgentTesla__36__sess-dump_largest_session_rgb_stack.png,rgb_stack,128,128,128,1
AgentTesla::368,dump_largest_session,AgentTesla,dataset_api_call_sequences/AgentTesla/AgentTesla_368_APIxTIME_16x16.png,dataset_network_packets/images/AgentTesla/368/dump_largest_session.png,dataset_rgb_stack_combined/images/AgentTesla/AgentTesla__368__sess-dump_largest_session_rgb_stack.png,rgb_stack,128,128,128,1
AgentTesla::369,dump_largest_session,AgentTesla,dataset_api_call_sequences/AgentTesla/AgentTesla_369_APIxTIME_16x16.png,dataset_network_packets/images/AgentTesla/369/dump_largest_session.png,dataset_rgb_stack_combined/images/AgentTesla/AgentTesla__369__sess-dump_largest_session_rgb_stack.png,rgb_stack,128,128,128,1
AgentTesla::370,dump_largest_session,AgentTesla,dataset_api_call_sequences/AgentTesla/AgentTesla_370_APIxTIME_16x16.png,dataset_network_packets/images/AgentTesla/370/dump_largest_session.png,dataset_rgb_stack_combined/images/AgentTesla/AgentTesla__370__sess-dump_largest_session_rgb_stack.png,rgb_stack,128,128,128,1
AgentTesla::371,dump_largest_session,AgentTesla,dataset_api_call_sequences/AgentTesla/AgentTesla_371_APIxTIME_16x16.png,dataset_network_packets/images/AgentTesla/371/dump_largest_session.png,dataset_rgb_stack_combined/images/AgentTesla/AgentTesla__371__sess-dump_largest_session_rgb_stack.png,rgb_stack,128,128,128,1
AgentTesla::38,dump_largest_session,AgentTesla,dataset_api_call_sequences/AgentTesla/AgentTesla_38_APIxTIME_16x16.png,dataset_network_packets/images/AgentTesla/38/dump_largest_session.png,dataset_rgb_stack_combined/images/AgentTesla/AgentTesla__38__sess-dump_largest_session_rgb_stack.png,rgb_stack,128,128,128,1
AgentTesla::39,dump_largest_session,AgentTesla,dataset_api_call_sequences/AgentTesla/AgentTesla_39_APIxTIME_16x16.png,dataset_network_packets/images/AgentTesla/39/dump_largest_session.png,dataset_rgb_stack_combined/images/AgentTesla/AgentTesla__39__sess-dump_largest_session_rgb_stack.png,rgb_stack,128,128,128,1
AgentTesla::4,dump_largest_session,AgentTesla,dataset_api_call_sequences/AgentTesla/AgentTesla_4_APIxTIME_16x16.png,dataset_network_packets/images/AgentTesla/4/dump_largest_session.png,dataset_rgb_stack_combined/images/AgentTesla/AgentTesla__4__sess-dump_largest_session_rgb_stack.png,rgb_stack,128,128,128,1
AgentTesla::40,dump_largest_session,AgentTesla,dataset_api_call_sequences/AgentTesla/AgentTesla_40_APIxTIME_16x16.png,dataset_network_packets/images/AgentTesla/40/dump_largest_session.png,dataset_rgb_stack_combined/images/AgentTesla/AgentTesla__40__sess-dump_largest_session_rgb_stack.png,rgb_stack,128,128,128,1
AgentTesla::41,dump_largest_session,AgentTesla,dataset_api_call_sequences/AgentTesla/AgentTesla_41_APIxTIME_16x16.png,dataset_network_packets/images/AgentTesla/41/dump_largest_session.png,dataset_rgb_stack_combined/images/AgentTesla/AgentTesla__41__sess-dump_largest_session_rgb_stack.png,rgb_stack,128,128,128,1
AgentTesla::42,dump_largest_session,AgentTesla,dataset_api_call_sequences/AgentTesla/AgentTesla_42_APIxTIME_16x16.png,dataset_network_packets/images/AgentTesla/42/dump_largest_session.png,dataset_rgb_stack_combined/images/AgentTesla/AgentTesla__42__sess-dump_largest_session_rgb_stack.png,rgb_stack,128,128,128,1
AgentTesla::44,dump_largest_session,AgentTesla,dataset_api_call_sequences/AgentTesla/AgentTesla_44_APIxTIME_16x16.png,dataset_network_packets/images/AgentTesla/44/dump_largest_session.png,dataset_rgb_stack_combined/images/AgentTesla/AgentTesla__44__sess-dump_largest_session_rgb_stack.png,rgb_stack,128,128,128,1
AgentTesla::45,dump_largest_session,AgentTesla,dataset_api_call_sequences/AgentTesla/AgentTesla_45_APIxTIME_16x16.png,dataset_network_packets/images/AgentTesla/45/dump_largest_session.png,dataset_rgb_stack_combined/images/AgentTesla/AgentTesla__45__sess-dump_largest_session_rgb_stack.png,rgb_stack,128,128,128,1
AgentTesla::46,dump_largest_session,AgentTesla,dataset_api_call_sequences/AgentTesla/AgentTesla_46_APIxTIME_16x16.png,dataset_network_packets/images/AgentTesla/46/dump_largest_session.png,dataset_rgb_stack_combined/images/AgentTesla/AgentTesla__46__sess-dump_largest_session_rgb_stack.png,rgb_stack,128,128,128,1
AgentTesla::47,dump_largest_session,AgentTesla,dataset_api_call_sequences/AgentTesla/AgentTesla_47_APIxTIME_16x16.png,dataset_network_packets/images/AgentTesla/47/dump_largest_session.png,dataset_rgb_stack_combined/images/AgentTesla/AgentTesla__47__sess-dump_largest_session_rgb_stack.png,rgb_stack,128,128,128,1
AgentTesla::48,dump_largest_session,AgentTesla,dataset_api_call_sequences/AgentTesla/AgentTesla_48_APIxTIME_16x16.png,dataset_network_packets/images/AgentTesla/48/dump_largest_session.png,dataset_rgb_stack_combined/images/AgentTesla/AgentTesla__48__sess-dump_largest_session_rgb_stack.png,rgb_stack,128,128,128,1
AgentTesla::49,dump_largest_session,AgentTesla,dataset_api_call_sequences/AgentTesla/AgentTesla_49_APIxTIME_16x16.png,dataset_network_packets/images/AgentTesla/49/dump_largest_session.png,dataset_rgb_stack_combined/images/AgentTesla/AgentTesla__49__sess-dump_largest_session_rgb_stack.png,rgb_stack,128,128,128,1
AgentTesla::5,dump_largest_session,AgentTesla,dataset_api_call_sequences/AgentTesla/AgentTesla_5_APIxTIME_16x16.png,dataset_network_packets/images/AgentTesla/5/dump_largest_session.png,dataset_rgb_stack_combined/images/AgentTesla/AgentTesla__5__sess-dump_largest_session_rgb_stack.png,rgb_stack,128,128,128,1
AgentTesla::50,dump_largest_session,AgentTesla,dataset_api_call_sequences/AgentTesla/AgentTesla_50_APIxTIME_16x16.png,dataset_network_packets/images/AgentTesla/50/dump_largest_session.png,dataset_rgb_stack_combined/images/AgentTesla/AgentTesla__50__sess-dump_largest_session_rgb_stack.png,rgb_stack,128,128,128,1
AgentTesla::51,dump_largest_session,AgentTesla,dataset_api_call_sequences/AgentTesla/AgentTesla_51_APIxTIME_16x16.png,dataset_network_packets/images/AgentTesla/51/dump_largest_session.png,dataset_rgb_stack_combined/images/AgentTesla/AgentTesla__51__sess-dump_largest_session_rgb_stack.png,rgb_stack,128,128,128,1
AgentTesla::52,dump_largest_session,AgentTesla,dataset_api_call_sequences/AgentTesla/AgentTesla_52_APIxTIME_16x16.png,dataset_network_packets/images/AgentTesla/52/dump_largest_session.png,dataset_rgb_stack_combined/images/AgentTesla/AgentTesla__52__sess-dump_largest_session_rgb_stack.png,rgb_stack,128,128,128,1
AgentTesla::53,dump_largest_session,AgentTesla,dataset_api_call_sequences/AgentTesla/AgentTesla_53_APIxTIME_16x16.png,dataset_network_packets/images/AgentTesla/53/dump_largest_session.png,dataset_rgb_stack_combined/images/AgentTesla/AgentTesla__53__sess-dump_largest_session_rgb_stack.png,rgb_stack,128,128,128,1
AgentTesla::54,dump_largest_session,AgentTesla,dataset_api_call_sequences/AgentTesla/AgentTesla_54_APIxTIME_16x16.png,dataset_network_packets/images/AgentTesla/54/dump_largest_session.png,dataset_rgb_stack_combined/images/AgentTesla/AgentTesla__54__sess-dump_largest_session_rgb_stack.png,rgb_stack,128,128,128,1
AgentTesla::55,dump_largest_session,AgentTesla,dataset_api_call_sequences/AgentTesla/AgentTesla_55_APIxTIME_16x16.png,dataset_network_packets/images/AgentTesla/55/dump_largest_session.png,dataset_rgb_stack_combined/images/AgentTesla/AgentTesla__55__sess-dump_largest_session_rgb_stack.png,rgb_stack,128,128,128,1
AgentTesla::56,dump_largest_session,AgentTesla,dataset_api_call_sequences/AgentTesla/AgentTesla_56_APIxTIME_16x16.png,dataset_network_packets/images/AgentTesla/56/dump_largest_session.png,dataset_rgb_stack_combined/images/AgentTesla/AgentTesla__56__sess-dump_largest_session_rgb_stack.png,rgb_stack,128,128,128,1
AgentTesla::57,dump_largest_session,AgentTesla,dataset_api_call_sequences/AgentTesla/AgentTesla_57_APIxTIME_16x16.png,dataset_network_packets/images/AgentTesla/57/dump_largest_session.png,dataset_rgb_stack_combined/images/AgentTesla/AgentTesla__57__sess-dump_largest_session_rgb_stack.png,rgb_stack,128,128,128,1
AgentTesla::58,dump_largest_session,AgentTesla,dataset_api_call_sequences/AgentTesla/AgentTesla_58_APIxTIME_16x16.png,dataset_network_packets/images/AgentTesla/58/dump_largest_session.png,dataset_rgb_stack_combined/images/AgentTesla/AgentTesla__58__sess-dump_largest_session_rgb_stack.png,rgb_stack,128,128,128,1
AgentTesla::6,dump_largest_session,AgentTesla,dataset_api_call_sequences/AgentTesla/AgentTesla_6_APIxTIME_16x16.png,dataset_network_packets/images/AgentTesla/6/dump_largest_session.png,dataset_rgb_stack_combined/images/AgentTesla/AgentTesla__6__sess-dump_largest_session_rgb_stack.png,rgb_stack,128,128,128,1
AgentTesla::60,dump_largest_session,AgentTesla,dataset_api_call_sequences/AgentTesla/AgentTesla_60_APIxTIME_16x16.png,dataset_network_packets/images/AgentTesla/60/dump_largest_session.png,dataset_rgb_stack_combined/images/AgentTesla/AgentTesla__60__sess-dump_largest_session_rgb_stack.png,rgb_stack,128,128,128,1
AgentTesla::61,dump_largest_session,AgentTesla,dataset_api_call_sequences/AgentTesla/AgentTesla_61_APIxTIME_16x16.png,dataset_network_packets/images/AgentTesla/61/dump_largest_session.png,dataset_rgb_stack_combined/images/AgentTesla/AgentTesla__61__sess-dump_largest_session_rgb_stack.png,rgb_stack,128,128,128,1
AgentTesla::62,dump_largest_session,AgentTesla,dataset_api_call_sequences/AgentTesla/AgentTesla_62_APIxTIME_16x16.png,dataset_network_packets/images/AgentTesla/62/dump_largest_session.png,dataset_rgb_stack_combined/images/AgentTesla/AgentTesla__62__sess-dump_largest_session_rgb_stack.png,rgb_stack,128,128,128,1
AgentTesla::63,dump_largest_session,AgentTesla,dataset_api_call_sequences/AgentTesla/AgentTesla_63_APIxTIME_16x16.png,dataset_network_packets/images/AgentTesla/63/dump_largest_session.png,dataset_rgb_stack_combined/images/AgentTesla/AgentTesla__63__sess-dump_largest_session_rgb_stack.png,rgb_stack,128,128,128,1
AgentTesla::64,dump_largest_session,AgentTesla,dataset_api_call_sequences/AgentTesla/AgentTesla_64_APIxTIME_16x16.png,dataset_network_packets/images/AgentTesla/64/dump_largest_session.png,dataset_rgb_stack_combined/images/AgentTesla/AgentTesla__64__sess-dump_largest_session_rgb_stack.png,rgb_stack,128,128,128,1
AgentTesla::66,dump_largest_session,AgentTesla,dataset_api_call_sequences/AgentTesla/AgentTesla_66_APIxTIME_16x16.png,dataset_network_packets/images/AgentTesla/66/dump_largest_session.png,dataset_rgb_stack_combined/images/AgentTesla/AgentTesla__66__sess-dump_largest_session_rgb_stack.png,rgb_stack,128,128,128,1
AgentTesla::67,dump_largest_session,AgentTesla,dataset_api_call_sequences/AgentTesla/AgentTesla_67_APIxTIME_16x16.png,dataset_network_packets/images/AgentTesla/67/dump_largest_session.png,dataset_rgb_stack_combined/images/AgentTesla/AgentTesla__67__sess-dump_largest_session_rgb_stack.png,rgb_stack,128,128,128,1
AgentTesla::68,dump_largest_session,AgentTesla,dataset_api_call_sequences/AgentTesla/AgentTesla_68_APIxTIME_16x16.png,dataset_network_packets/images/AgentTesla/68/dump_largest_session.png,dataset_rgb_stack_combined/images/AgentTesla/AgentTesla__68__sess-dump_largest_session_rgb_stack.png,rgb_stack,128,128,128,1
AgentTesla::69,dump_largest_session,AgentTesla,dataset_api_call_sequences/AgentTesla/AgentTesla_69_APIxTIME_16x16.png,dataset_network_packets/images/AgentTesla/69/dump_largest_session.png,dataset_rgb_stack_combined/images/AgentTesla/AgentTesla__69__sess-dump_largest_session_rgb_stack.png,rgb_stack,128,128,128,1
AgentTesla::7,dump_largest_session,AgentTesla,dataset_api_call_sequences/AgentTesla/AgentTesla_7_APIxTIME_16x16.png,dataset_network_packets/images/AgentTesla/7/dump_largest_session.png,dataset_rgb_stack_combined/images/AgentTesla/AgentTesla__7__sess-dump_largest_session_rgb_stack.png,rgb_stack,128,128,128,1
AgentTesla::71,dump_largest_session,AgentTesla,dataset_api_call_sequences/AgentTesla/AgentTesla_71_APIxTIME_16x16.png,dataset_network_packets/images/AgentTesla/71/dump_largest_session.png,dataset_rgb_stack_combined/images/AgentTesla/AgentTesla__71__sess-dump_largest_session_rgb_stack.png,rgb_stack,128,128,128,1
AgentTesla::72,dump_largest_session,AgentTesla,dataset_api_call_sequences/AgentTesla/AgentTesla_72_APIxTIME_16x16.png,dataset_network_packets/images/AgentTesla/72/dump_largest_session.png,dataset_rgb_stack_combined/images/AgentTesla/AgentTesla__72__sess-dump_largest_session_rgb_stack.png,rgb_stack,128,128,128,1
AgentTesla::73,dump_largest_session,AgentTesla,dataset_api_call_sequences/AgentTesla/AgentTesla_73_APIxTIME_16x16.png,dataset_network_packets/images/AgentTesla/73/dump_largest_session.png,dataset_rgb_stack_combined/images/AgentTesla/AgentTesla__73__sess-dump_largest_session_rgb_stack.png,rgb_stack,128,128,128,1
AgentTesla::74,dump_largest_session,AgentTesla,dataset_api_call_sequences/AgentTesla/AgentTesla_74_APIxTIME_16x16.png,dataset_network_packets/images/AgentTesla/74/dump_largest_session.png,dataset_rgb_stack_combined/images/AgentTesla/AgentTesla__74__sess-dump_largest_session_rgb_stack.png,rgb_stack,128,128,128,1
AgentTesla::75,dump_largest_session,AgentTesla,dataset_api_call_sequences/AgentTesla/AgentTesla_75_APIxTIME_16x16.png,dataset_network_packets/images/AgentTesla/75/dump_largest_session.png,dataset_rgb_stack_combined/images/AgentTesla/AgentTesla__75__sess-dump_largest_session_rgb_stack.png,rgb_stack,128,128,128,1
AgentTesla::76,dump_largest_session,AgentTesla,dataset_api_call_sequences/AgentTesla/AgentTesla_76_APIxTIME_16x16.png,dataset_network_packets/images/AgentTesla/76/dump_largest_session.png,dataset_rgb_stack_combined/images/AgentTesla/AgentTesla__76__sess-dump_largest_session_rgb_stack.png,rgb_stack,128,128,128,1
AgentTesla::77,dump_largest_session,AgentTesla,dataset_api_call_sequences/AgentTesla/AgentTesla_77_APIxTIME_16x16.png,dataset_network_packets/images/AgentTesla/77/dump_largest_session.png,dataset_rgb_stack_combined/images/AgentTesla/AgentTesla__77__sess-dump_largest_session_rgb_stack.png,rgb_stack,128,128,128,1
AgentTesla::78,dump_largest_session,AgentTesla,dataset_api_call_sequences/AgentTesla/AgentTesla_78_APIxTIME_16x16.png,dataset_network_packets/images/AgentTesla/78/dump_largest_session.png,dataset_rgb_stack_combined/images/AgentTesla/AgentTesla__78__sess-dump_largest_session_rgb_stack.png,rgb_stack,128,128,128,1
AgentTesla::79,dump_largest_session,AgentTesla,dataset_api_call_sequences/AgentTesla/AgentTesla_79_APIxTIME_16x16.png,dataset_network_packets/images/AgentTesla/79/dump_largest_session.png,dataset_rgb_stack_combined/images/AgentTesla/AgentTesla__79__sess-dump_largest_session_rgb_stack.png,rgb_stack,128,128,128,1
AgentTesla::8,dump_largest_session,AgentTesla,dataset_api_call_sequences/AgentTesla/AgentTesla_8_APIxTIME_16x16.png,dataset_network_packets/images/AgentTesla/8/dump_largest_session.png,dataset_rgb_stack_combined/images/AgentTesla/AgentTesla__8__sess-dump_largest_session_rgb_stack.png,rgb_stack,128,128,128,1
AgentTesla::80,dump_largest_session,AgentTesla,dataset_api_call_sequences/AgentTesla/AgentTesla_80_APIxTIME_16x16.png,dataset_network_packets/images/AgentTesla/80/dump_largest_session.png,dataset_rgb_stack_combined/images/AgentTesla/AgentTesla__80__sess-dump_largest_session_rgb_stack.png,rgb_stack,128,128,128,1
AgentTesla::81,dump_largest_session,AgentTesla,dataset_api_call_sequences/AgentTesla/AgentTesla_81_APIxTIME_16x16.png,dataset_network_packets/images/AgentTesla/81/dump_largest_session.png,dataset_rgb_stack_combined/images/AgentTesla/AgentTesla__81__sess-dump_largest_session_rgb_stack.png,rgb_stack,128,128,128,1
AgentTesla::82,dump_largest_session,AgentTesla,dataset_api_call_sequences/AgentTesla/AgentTesla_82_APIxTIME_16x16.png,dataset_network_packets/images/AgentTesla/82/dump_largest_session.png,dataset_rgb_stack_combined/images/AgentTesla/AgentTesla__82__sess-dump_largest_session_rgb_stack.png,rgb_stack,128,128,128,1
AgentTesla::83,dump_largest_session,AgentTesla,dataset_api_call_sequences/AgentTesla/AgentTesla_83_APIxTIME_16x16.png,dataset_network_packets/images/AgentTesla/83/dump_largest_session.png,dataset_rgb_stack_combined/images/AgentTesla/AgentTesla__83__sess-dump_largest_session_rgb_stack.png,rgb_stack,128,128,128,1
AgentTesla::84,dump_largest_session,AgentTesla,dataset_api_call_sequences/AgentTesla/AgentTesla_84_APIxTIME_16x16.png,dataset_network_packets/images/AgentTesla/84/dump_largest_session.png,dataset_rgb_stack_combined/images/AgentTesla/AgentTesla__84__sess-dump_largest_session_rgb_stack.png,rgb_stack,128,128,128,1
AgentTesla::85,dump_largest_session,AgentTesla,dataset_api_call_sequences/AgentTesla/AgentTesla_85_APIxTIME_16x16.png,dataset_network_packets/images/AgentTesla/85/dump_largest_session.png,dataset_rgb_stack_combined/images/AgentTesla/AgentTesla__85__sess-dump_largest_session_rgb_stack.png,rgb_stack,128,128,128,1
AgentTesla::86,dump_largest_session,AgentTesla,dataset_api_call_sequences/AgentTesla/AgentTesla_86_APIxTIME_16x16.png,dataset_network_packets/images/AgentTesla/86/dump_largest_session.png,dataset_rgb_stack_combined/images/AgentTesla/AgentTesla__86__sess-dump_largest_session_rgb_stack.png,rgb_stack,128,128,128,1
AgentTesla::87,dump_largest_session,AgentTesla,dataset_api_call_sequences/AgentTesla/AgentTesla_87_APIxTIME_16x16.png,dataset_network_packets/images/AgentTesla/87/dump_largest_session.png,dataset_rgb_stack_combined/images/AgentTesla/AgentTesla__87__sess-dump_largest_session_rgb_stack.png,rgb_stack,128,128,128,1
AgentTesla::88,dump_largest_session,AgentTesla,dataset_api_call_sequences/AgentTesla/AgentTesla_88_APIxTIME_16x16.png,dataset_network_packets/images/AgentTesla/88/dump_largest_session.png,dataset_rgb_stack_combined/images/AgentTesla/AgentTesla__88__sess-dump_largest_session_rgb_stack.png,rgb_stack,128,128,128,1
AgentTesla::89,dump_largest_session,AgentTesla,dataset_api_call_sequences/AgentTesla/AgentTesla_89_APIxTIME_16x16.png,dataset_network_packets/images/AgentTesla/89/dump_largest_session.png,dataset_rgb_stack_combined/images/AgentTesla/AgentTesla__89__sess-dump_largest_session_rgb_stack.png,rgb_stack,128,128,128,1
AgentTesla::9,dump_largest_session,AgentTesla,dataset_api_call_sequences/AgentTesla/AgentTesla_9_APIxTIME_16x16.png,dataset_network_packets/images/AgentTesla/9/dump_largest_session.png,dataset_rgb_stack_combined/images/AgentTesla/AgentTesla__9__sess-dump_largest_session_rgb_stack.png,rgb_stack,128,128,128,1
AgentTesla::90,dump_largest_session,AgentTesla,dataset_api_call_sequences/AgentTesla/AgentTesla_90_APIxTIME_16x16.png,dataset_network_packets/images/AgentTesla/90/dump_largest_session.png,dataset_rgb_stack_combined/images/AgentTesla/AgentTesla__90__sess-dump_largest_session_rgb_stack.png,rgb_stack,128,128,128,1
AgentTesla::91,dump_largest_session,AgentTesla,dataset_api_call_sequences/AgentTesla/AgentTesla_91_APIxTIME_16x16.png,dataset_network_packets/images/AgentTesla/91/dump_largest_session.png,dataset_rgb_stack_combined/images/AgentTesla/AgentTesla__91__sess-dump_largest_session_rgb_stack.png,rgb_stack,128,128,128,1
AgentTesla::92,dump_largest_session,AgentTesla,dataset_api_call_sequences/AgentTesla/AgentTesla_92_APIxTIME_16x16.png,dataset_network_packets/images/AgentTesla/92/dump_largest_session.png,dataset_rgb_stack_combined/images/AgentTesla/AgentTesla__92__sess-dump_largest_session_rgb_stack.png,rgb_stack,128,128,128,1
AgentTesla::93,dump_largest_session,AgentTesla,dataset_api_call_sequences/AgentTesla/AgentTesla_93_APIxTIME_16x16.png,dataset_network_packets/images/AgentTesla/93/dump_largest_session.png,dataset_rgb_stack_combined/images/AgentTesla/AgentTesla__93__sess-dump_largest_session_rgb_stack.png,rgb_stack,128,128,128,1
AgentTesla::94,dump_largest_session,AgentTesla,dataset_api_call_sequences/AgentTesla/AgentTesla_94_APIxTIME_16x16.png,dataset_network_packets/images/AgentTesla/94/dump_largest_session.png,dataset_rgb_stack_combined/images/AgentTesla/AgentTesla__94__sess-dump_largest_session_rgb_stack.png,rgb_stack,128,128,128,1
AgentTesla::95,dump_largest_session,AgentTesla,dataset_api_call_sequences/AgentTesla/AgentTesla_95_APIxTIME_16x16.png,dataset_network_packets/images/AgentTesla/95/dump_largest_session.png,dataset_rgb_stack_combined/images/AgentTesla/AgentTesla__95__sess-dump_largest_session_rgb_stack.png,rgb_stack,128,128,128,1
AgentTesla::96,dump_largest_session,AgentTesla,dataset_api_call_sequences/AgentTesla/AgentTesla_96_APIxTIME_16x16.png,dataset_network_packets/images/AgentTesla/96/dump_largest_session.png,dataset_rgb_stack_combined/images/AgentTesla/AgentTesla__96__sess-dump_largest_session_rgb_stack.png,rgb_stack,128,128,128,1
AgentTesla::97,dump_largest_session,AgentTesla,dataset_api_call_sequences/AgentTesla/AgentTesla_97_APIxTIME_16x16.png,dataset_network_packets/images/AgentTesla/97/dump_largest_session.png,dataset_rgb_stack_combined/images/AgentTesla/AgentTesla__97__sess-dump_largest_session_rgb_stack.png,rgb_stack,128,128,128,1
AgentTesla::98,dump_largest_session,AgentTesla,dataset_api_call_sequences/AgentTesla/AgentTesla_98_APIxTIME_16x16.png,dataset_network_packets/images/AgentTesla/98/dump_largest_session.png,dataset_rgb_stack_combined/images/AgentTesla/AgentTesla__98__sess-dump_largest_session_rgb_stack.png,rgb_stack,128,128,128,1
AgentTesla::99,dump_largest_session,AgentTesla,dataset_api_call_sequences/AgentTesla/AgentTesla_99_APIxTIME_16x16.png,dataset_network_packets/images/AgentTesla/99/dump_largest_session.png,dataset_rgb_stack_combined/images/AgentTesla/AgentTesla__99__sess-dump_largest_session_rgb_stack.png,rgb_stack,128,128,128,1
FormBook::155,dump_largest_session,FormBook,dataset_api_call_sequences/FormBook/FormBook_155_APIxTIME_16x16.png,dataset_network_packets/images/FormBook/155/dump_largest_session.png,dataset_rgb_stack_combined/images/FormBook/FormBook__155__sess-dump_largest_session_rgb_stack.png,rgb_stack,128,128,128,1
FormBook::157,dump_largest_session,FormBook,dataset_api_call_sequences/FormBook/FormBook_157_APIxTIME_16x16.png,dataset_network_packets/images/FormBook/157/dump_largest_session.png,dataset_rgb_stack_combined/images/FormBook/FormBook__157__sess-dump_largest_session_rgb_stack.png,rgb_stack,128,128,128,1
FormBook::158,dump_largest_session,FormBook,dataset_api_call_sequences/FormBook/FormBook_158_APIxTIME_16x16.png,dataset_network_packets/images/FormBook/158/dump_largest_session.png,dataset_rgb_stack_combined/images/FormBook/FormBook__158__sess-dump_largest_session_rgb_stack.png,rgb_stack,128,128,128,1
FormBook::159,dump_largest_session,FormBook,dataset_api_call_sequences/FormBook/FormBook_159_APIxTIME_16x16.png,dataset_network_packets/images/FormBook/159/dump_largest_session.png,dataset_rgb_stack_combined/images/FormBook/FormBook__159__sess-dump_largest_session_rgb_stack.png,rgb_stack,128,128,128,1
FormBook::160,dump_largest_session,FormBook,dataset_api_call_sequences/FormBook/FormBook_160_APIxTIME_16x16.png,dataset_network_packets/images/FormBook/160/dump_largest_session.png,dataset_rgb_stack_combined/images/FormBook/FormBook__160__sess-dump_largest_session_rgb_stack.png,rgb_stack,128,128,128,1
FormBook::161,dump_largest_session,FormBook,dataset_api_call_sequences/FormBook/FormBook_161_APIxTIME_16x16.png,dataset_network_packets/images/FormBook/161/dump_largest_session.png,dataset_rgb_stack_combined/images/FormBook/FormBook__161__sess-dump_largest_session_rgb_stack.png,rgb_stack,128,128,128,1
FormBook::162,dump_largest_session,FormBook,dataset_api_call_sequences/FormBook/FormBook_162_APIxTIME_16x16.png,dataset_network_packets/images/FormBook/162/dump_largest_session.png,dataset_rgb_stack_combined/images/FormBook/FormBook__162__sess-dump_largest_session_rgb_stack.png,rgb_stack,128,128,128,1
FormBook::163,dump_largest_session,FormBook,dataset_api_call_sequences/FormBook/FormBook_163_APIxTIME_16x16.png,dataset_network_packets/images/FormBook/163/dump_largest_session.png,dataset_rgb_stack_combined/images/FormBook/FormBook__163__sess-dump_largest_session_rgb_stack.png,rgb_stack,128,128,128,1
FormBook::164,dump_largest_session,FormBook,dataset_api_call_sequences/FormBook/FormBook_164_APIxTIME_16x16.png,dataset_network_packets/images/FormBook/164/dump_largest_session.png,dataset_rgb_stack_combined/images/FormBook/FormBook__164__sess-dump_largest_session_rgb_stack.png,rgb_stack,128,128,128,1
FormBook::165,dump_largest_session,FormBook,dataset_api_call_sequences/FormBook/FormBook_165_APIxTIME_16x16.png,dataset_network_packets/images/FormBook/165/dump_largest_session.png,dataset_rgb_stack_combined/images/FormBook/FormBook__165__sess-dump_largest_session_rgb_stack.png,rgb_stack,128,128,128,1
FormBook::166,dump_largest_session,FormBook,dataset_api_call_sequences/FormBook/FormBook_166_APIxTIME_16x16.png,dataset_network_packets/images/FormBook/166/dump_largest_session.png,dataset_rgb_stack_combined/images/FormBook/FormBook__166__sess-dump_largest_session_rgb_stack.png,rgb_stack,128,128,128,1
FormBook::167,dump_largest_session,FormBook,dataset_api_call_sequences/FormBook/FormBook_167_APIxTIME_16x16.png,dataset_network_packets/images/FormBook/167/dump_largest_session.png,dataset_rgb_stack_combined/images/FormBook/FormBook__167__sess-dump_largest_session_rgb_stack.png,rgb_stack,128,128,128,1
FormBook::168,dump_largest_session,FormBook,dataset_api_call_sequences/FormBook/FormBook_168_APIxTIME_16x16.png,dataset_network_packets/images/FormBook/168/dump_largest_session.png,dataset_rgb_stack_combined/images/FormBook/FormBook__168__sess-dump_largest_session_rgb_stack.png,rgb_stack,128,128,128,1
FormBook::169,dump_largest_session,FormBook,dataset_api_call_sequences/FormBook/FormBook_169_APIxTIME_16x16.png,dataset_network_packets/images/FormBook/169/dump_largest_session.png,dataset_rgb_stack_combined/images/FormBook/FormBook__169__sess-dump_largest_session_rgb_stack.png,rgb_stack,128,128,128,1
FormBook::170,dump_largest_session,FormBook,dataset_api_call_sequences/FormBook/FormBook_170_APIxTIME_16x16.png,dataset_network_packets/images/FormBook/170/dump_largest_session.png,dataset_rgb_stack_combined/images/FormBook/FormBook__170__sess-dump_largest_session_rgb_stack.png,rgb_stack,128,128,128,1
FormBook::171,dump_largest_session,FormBook,dataset_api_call_sequences/FormBook/FormBook_171_APIxTIME_16x16.png,dataset_network_packets/images/FormBook/171/dump_largest_session.png,dataset_rgb_stack_combined/images/FormBook/FormBook__171__sess-dump_largest_session_rgb_stack.png,rgb_stack,128,128,128,1
FormBook::172,dump_largest_session,FormBook,dataset_api_call_sequences/FormBook/FormBook_172_APIxTIME_16x16.png,dataset_network_packets/images/FormBook/172/dump_largest_session.png,dataset_rgb_stack_combined/images/FormBook/FormBook__172__sess-dump_largest_session_rgb_stack.png,rgb_stack,128,128,128,1
FormBook::173,dump_largest_session,FormBook,dataset_api_call_sequences/FormBook/FormBook_173_APIxTIME_16x16.png,dataset_network_packets/images/FormBook/173/dump_largest_session.png,dataset_rgb_stack_combined/images/FormBook/FormBook__173__sess-dump_largest_session_rgb_stack.png,rgb_stack,128,128,128,1
FormBook::174,dump_largest_session,FormBook,dataset_api_call_sequences/FormBook/FormBook_174_APIxTIME_16x16.png,dataset_network_packets/images/FormBook/174/dump_largest_session.png,dataset_rgb_stack_combined/images/FormBook/FormBook__174__sess-dump_largest_session_rgb_stack.png,rgb_stack,128,128,128,1
FormBook::176,dump_largest_session,FormBook,dataset_api_call_sequences/FormBook/FormBook_176_APIxTIME_16x16.png,dataset_network_packets/images/FormBook/176/dump_largest_session.png,dataset_rgb_stack_combined/images/FormBook/FormBook__176__sess-dump_largest_session_rgb_stack.png,rgb_stack,128,128,128,1
FormBook::177,dump_largest_session,FormBook,dataset_api_call_sequences/FormBook/FormBook_177_APIxTIME_16x16.png,dataset_network_packets/images/FormBook/177/dump_largest_session.png,dataset_rgb_stack_combined/images/FormBook/FormBook__177__sess-dump_largest_session_rgb_stack.png,rgb_stack,128,128,128,1
FormBook::178,dump_largest_session,FormBook,dataset_api_call_sequences/FormBook/FormBook_178_APIxTIME_16x16.png,dataset_network_packets/images/FormBook/178/dump_largest_session.png,dataset_rgb_stack_combined/images/FormBook/FormBook__178__sess-dump_largest_session_rgb_stack.png,rgb_stack,128,128,128,1
FormBook::179,dump_largest_session,FormBook,dataset_api_call_sequences/FormBook/FormBook_179_APIxTIME_16x16.png,dataset_network_packets/images/FormBook/179/dump_largest_session.png,dataset_rgb_stack_combined/images/FormBook/FormBook__179__sess-dump_largest_session_rgb_stack.png,rgb_stack,128,128,128,1
FormBook::180,dump_largest_session,FormBook,dataset_api_call_sequences/FormBook/FormBook_180_APIxTIME_16x16.png,dataset_network_packets/images/FormBook/180/dump_largest_session.png,dataset_rgb_stack_combined/images/FormBook/FormBook__180__sess-dump_largest_session_rgb_stack.png,rgb_stack,128,128,128,1
FormBook::181,dump_largest_session,FormBook,dataset_api_call_sequences/FormBook/FormBook_181_APIxTIME_16x16.png,dataset_network_packets/images/FormBook/181/dump_largest_session.png,dataset_rgb_stack_combined/images/FormBook/FormBook__181__sess-dump_largest_session_rgb_stack.png,rgb_stack,128,128,128,1
FormBook::182,dump_largest_session,FormBook,dataset_api_call_sequences/FormBook/FormBook_182_APIxTIME_16x16.png,dataset_network_packets/images/FormBook/182/dump_largest_session.png,dataset_rgb_stack_combined/images/FormBook/FormBook__182__sess-dump_largest_session_rgb_stack.png,rgb_stack,128,128,128,1
FormBook::183,dump_largest_session,FormBook,dataset_api_call_sequences/FormBook/FormBook_183_APIxTIME_16x16.png,dataset_network_packets/images/FormBook/183/dump_largest_session.png,dataset_rgb_stack_combined/images/FormBook/FormBook__183__sess-dump_largest_session_rgb_stack.png,rgb_stack,128,128,128,1
FormBook::184,dump_largest_session,FormBook,dataset_api_call_sequences/FormBook/FormBook_184_APIxTIME_16x16.png,dataset_network_packets/images/FormBook/184/dump_largest_session.png,dataset_rgb_stack_combined/images/FormBook/FormBook__184__sess-dump_largest_session_rgb_stack.png,rgb_stack,128,128,128,1
FormBook::185,dump_largest_session,FormBook,dataset_api_call_sequences/FormBook/FormBook_185_APIxTIME_16x16.png,dataset_network_packets/images/FormBook/185/dump_largest_session.png,dataset_rgb_stack_combined/images/FormBook/FormBook__185__sess-dump_largest_session_rgb_stack.png,rgb_stack,128,128,128,1
FormBook::186,dump_largest_session,FormBook,dataset_api_call_sequences/FormBook/FormBook_186_APIxTIME_16x16.png,dataset_network_packets/images/FormBook/186/dump_largest_session.png,dataset_rgb_stack_combined/images/FormBook/FormBook__186__sess-dump_largest_session_rgb_stack.png,rgb_stack,128,128,128,1
FormBook::187,dump_largest_session,FormBook,dataset_api_call_sequences/FormBook/FormBook_187_APIxTIME_16x16.png,dataset_network_packets/images/FormBook/187/dump_largest_session.png,dataset_rgb_stack_combined/images/FormBook/FormBook__187__sess-dump_largest_session_rgb_stack.png,rgb_stack,128,128,128,1
FormBook::188,dump_largest_session,FormBook,dataset_api_call_sequences/FormBook/FormBook_188_APIxTIME_16x16.png,dataset_network_packets/images/FormBook/188/dump_largest_session.png,dataset_rgb_stack_combined/images/FormBook/FormBook__188__sess-dump_largest_session_rgb_stack.png,rgb_stack,128,128,128,1
FormBook::189,dump_largest_session,FormBook,dataset_api_call_sequences/FormBook/FormBook_189_APIxTIME_16x16.png,dataset_network_packets/images/FormBook/189/dump_largest_session.png,dataset_rgb_stack_combined/images/FormBook/FormBook__189__sess-dump_largest_session_rgb_stack.png,rgb_stack,128,128,128,1
FormBook::190,dump_largest_session,FormBook,dataset_api_call_sequences/FormBook/FormBook_190_APIxTIME_16x16.png,dataset_network_packets/images/FormBook/190/dump_largest_session.png,dataset_rgb_stack_combined/images/FormBook/FormBook__190__sess-dump_largest_session_rgb_stack.png,rgb_stack,128,128,128,1
FormBook::191,dump_largest_session,FormBook,dataset_api_call_sequences/FormBook/FormBook_191_APIxTIME_16x16.png,dataset_network_packets/images/FormBook/191/dump_largest_session.png,dataset_rgb_stack_combined/images/FormBook/FormBook__191__sess-dump_largest_session_rgb_stack.png,rgb_stack,128,128,128,1
FormBook::192,dump_largest_session,FormBook,dataset_api_call_sequences/FormBook/FormBook_192_APIxTIME_16x16.png,dataset_network_packets/images/FormBook/192/dump_largest_session.png,dataset_rgb_stack_combined/images/FormBook/FormBook__192__sess-dump_largest_session_rgb_stack.png,rgb_stack,128,128,128,1
FormBook::193,dump_largest_session,FormBook,dataset_api_call_sequences/FormBook/FormBook_193_APIxTIME_16x16.png,dataset_network_packets/images/FormBook/193/dump_largest_session.png,dataset_rgb_stack_combined/images/FormBook/FormBook__193__sess-dump_largest_session_rgb_stack.png,rgb_stack,128,128,128,1
FormBook::194,dump_largest_session,FormBook,dataset_api_call_sequences/FormBook/FormBook_194_APIxTIME_16x16.png,dataset_network_packets/images/FormBook/194/dump_largest_session.png,dataset_rgb_stack_combined/images/FormBook/FormBook__194__sess-dump_largest_session_rgb_stack.png,rgb_stack,128,128,128,1
FormBook::195,dump_largest_session,FormBook,dataset_api_call_sequences/FormBook/FormBook_195_APIxTIME_16x16.png,dataset_network_packets/images/FormBook/195/dump_largest_session.png,dataset_rgb_stack_combined/images/FormBook/FormBook__195__sess-dump_largest_session_rgb_stack.png,rgb_stack,128,128,128,1
FormBook::196,dump_largest_session,FormBook,dataset_api_call_sequences/FormBook/FormBook_196_APIxTIME_16x16.png,dataset_network_packets/images/FormBook/196/dump_largest_session.png,dataset_rgb_stack_combined/images/FormBook/FormBook__196__sess-dump_largest_session_rgb_stack.png,rgb_stack,128,128,128,1
FormBook::197,dump_largest_session,FormBook,dataset_api_call_sequences/FormBook/FormBook_197_APIxTIME_16x16.png,dataset_network_packets/images/FormBook/197/dump_largest_session.png,dataset_rgb_stack_combined/images/FormBook/FormBook__197__sess-dump_largest_session_rgb_stack.png,rgb_stack,128,128,128,1
FormBook::198,dump_largest_session,FormBook,dataset_api_call_sequences/FormBook/FormBook_198_APIxTIME_16x16.png,dataset_network_packets/images/FormBook/198/dump_largest_session.png,dataset_rgb_stack_combined/images/FormBook/FormBook__198__sess-dump_largest_session_rgb_stack.png,rgb_stack,128,128,128,1
FormBook::199,dump_largest_session,FormBook,dataset_api_call_sequences/FormBook/FormBook_199_APIxTIME_16x16.png,dataset_network_packets/images/FormBook/199/dump_largest_session.png,dataset_rgb_stack_combined/images/FormBook/FormBook__199__sess-dump_largest_session_rgb_stack.png,rgb_stack,128,128,128,1
FormBook::200,dump_largest_session,FormBook,dataset_api_call_sequences/FormBook/FormBook_200_APIxTIME_16x16.png,dataset_network_packets/images/FormBook/200/dump_largest_session.png,dataset_rgb_stack_combined/images/FormBook/FormBook__200__sess-dump_largest_session_rgb_stack.png,rgb_stack,128,128,128,1
FormBook::201,dump_largest_session,FormBook,dataset_api_call_sequences/FormBook/FormBook_201_APIxTIME_16x16.png,dataset_network_packets/images/FormBook/201/dump_largest_session.png,dataset_rgb_stack_combined/images/FormBook/FormBook__201__sess-dump_largest_session_rgb_stack.png,rgb_stack,128,128,128,1
FormBook::202,dump_largest_session,FormBook,dataset_api_call_sequences/FormBook/FormBook_202_APIxTIME_16x16.png,dataset_network_packets/images/FormBook/202/dump_largest_session.png,dataset_rgb_stack_combined/images/FormBook/FormBook__202__sess-dump_largest_session_rgb_stack.png,rgb_stack,128,128,128,1
FormBook::203,dump_largest_session,FormBook,dataset_api_call_sequences/FormBook/FormBook_203_APIxTIME_16x16.png,dataset_network_packets/images/FormBook/203/dump_largest_session.png,dataset_rgb_stack_combined/images/FormBook/FormBook__203__sess-dump_largest_session_rgb_stack.png,rgb_stack,128,128,128,1
FormBook::204,dump_largest_session,FormBook,dataset_api_call_sequences/FormBook/FormBook_204_APIxTIME_16x16.png,dataset_network_packets/images/FormBook/204/dump_largest_session.png,dataset_rgb_stack_combined/images/FormBook/FormBook__204__sess-dump_largest_session_rgb_stack.png,rgb_stack,128,128,128,1
FormBook::207,dump_largest_session,FormBook,dataset_api_call_sequences/FormBook/FormBook_207_APIxTIME_16x16.png,dataset_network_packets/images/FormBook/207/dump_largest_session.png,dataset_rgb_stack_combined/images/FormBook/FormBook__207__sess-dump_largest_session_rgb_stack.png,rgb_stack,128,128,128,1
FormBook::208,dump_largest_session,FormBook,dataset_api_call_sequences/FormBook/FormBook_208_APIxTIME_16x16.png,dataset_network_packets/images/FormBook/208/dump_largest_session.png,dataset_rgb_stack_combined/images/FormBook/FormBook__208__sess-dump_largest_session_rgb_stack.png,rgb_stack,128,128,128,1
FormBook::209,dump_largest_session,FormBook,dataset_api_call_sequences/FormBook/FormBook_209_APIxTIME_16x16.png,dataset_network_packets/images/FormBook/209/dump_largest_session.png,dataset_rgb_stack_combined/images/FormBook/FormBook__209__sess-dump_largest_session_rgb_stack.png,rgb_stack,128,128,128,1
FormBook::210,dump_largest_session,FormBook,dataset_api_call_sequences/FormBook/FormBook_210_APIxTIME_16x16.png,dataset_network_packets/images/FormBook/210/dump_largest_session.png,dataset_rgb_stack_combined/images/FormBook/FormBook__210__sess-dump_largest_session_rgb_stack.png,rgb_stack,128,128,128,1
FormBook::211,dump_largest_session,FormBook,dataset_api_call_sequences/FormBook/FormBook_211_APIxTIME_16x16.png,dataset_network_packets/images/FormBook/211/dump_largest_session.png,dataset_rgb_stack_combined/images/FormBook/FormBook__211__sess-dump_largest_session_rgb_stack.png,rgb_stack,128,128,128,1
FormBook::212,dump_largest_session,FormBook,dataset_api_call_sequences/FormBook/FormBook_212_APIxTIME_16x16.png,dataset_network_packets/images/FormBook/212/dump_largest_session.png,dataset_rgb_stack_combined/images/FormBook/FormBook__212__sess-dump_largest_session_rgb_stack.png,rgb_stack,128,128,128,1
FormBook::213,dump_largest_session,FormBook,dataset_api_call_sequences/FormBook/FormBook_213_APIxTIME_16x16.png,dataset_network_packets/images/FormBook/213/dump_largest_session.png,dataset_rgb_stack_combined/images/FormBook/FormBook__213__sess-dump_largest_session_rgb_stack.png,rgb_stack,128,128,128,1
FormBook::216,dump_largest_session,FormBook,dataset_api_call_sequences/FormBook/FormBook_216_APIxTIME_16x16.png,dataset_network_packets/images/FormBook/216/dump_largest_session.png,dataset_rgb_stack_combined/images/FormBook/FormBook__216__sess-dump_largest_session_rgb_stack.png,rgb_stack,128,128,128,1
FormBook::217,dump_largest_session,FormBook,dataset_api_call_sequences/FormBook/FormBook_217_APIxTIME_16x16.png,dataset_network_packets/images/FormBook/217/dump_largest_session.png,dataset_rgb_stack_combined/images/FormBook/FormBook__217__sess-dump_largest_session_rgb_stack.png,rgb_stack,128,128,128,1
FormBook::218,dump_largest_session,FormBook,dataset_api_call_sequences/FormBook/FormBook_218_APIxTIME_16x16.png,dataset_network_packets/images/FormBook/218/dump_largest_session.png,dataset_rgb_stack_combined/images/FormBook/FormBook__218__sess-dump_largest_session_rgb_stack.png,rgb_stack,128,128,128,1
FormBook::219,dump_largest_session,FormBook,dataset_api_call_sequences/FormBook/FormBook_219_APIxTIME_16x16.png,dataset_network_packets/images/FormBook/219/dump_largest_session.png,dataset_rgb_stack_combined/images/FormBook/FormBook__219__sess-dump_largest_session_rgb_stack.png,rgb_stack,128,128,128,1
FormBook::220,dump_largest_session,FormBook,dataset_api_call_sequences/FormBook/FormBook_220_APIxTIME_16x16.png,dataset_network_packets/images/FormBook/220/dump_largest_session.png,dataset_rgb_stack_combined/images/FormBook/FormBook__220__sess-dump_largest_session_rgb_stack.png,rgb_stack,128,128,128,1
FormBook::221,dump_largest_session,FormBook,dataset_api_call_sequences/FormBook/FormBook_221_APIxTIME_16x16.png,dataset_network_packets/images/FormBook/221/dump_largest_session.png,dataset_rgb_stack_combined/images/FormBook/FormBook__221__sess-dump_largest_session_rgb_stack.png,rgb_stack,128,128,128,1
FormBook::222,dump_largest_session,FormBook,dataset_api_call_sequences/FormBook/FormBook_222_APIxTIME_16x16.png,dataset_network_packets/images/FormBook/222/dump_largest_session.png,dataset_rgb_stack_combined/images/FormBook/FormBook__222__sess-dump_largest_session_rgb_stack.png,rgb_stack,128,128,128,1
FormBook::223,dump_largest_session,FormBook,dataset_api_call_sequences/FormBook/FormBook_223_APIxTIME_16x16.png,dataset_network_packets/images/FormBook/223/dump_largest_session.png,dataset_rgb_stack_combined/images/FormBook/FormBook__223__sess-dump_largest_session_rgb_stack.png,rgb_stack,128,128,128,1
FormBook::224,dump_largest_session,FormBook,dataset_api_call_sequences/FormBook/FormBook_224_APIxTIME_16x16.png,dataset_network_packets/images/FormBook/224/dump_largest_session.png,dataset_rgb_stack_combined/images/FormBook/FormBook__224__sess-dump_largest_session_rgb_stack.png,rgb_stack,128,128,128,1
FormBook::225,dump_largest_session,FormBook,dataset_api_call_sequences/FormBook/FormBook_225_APIxTIME_16x16.png,dataset_network_packets/images/FormBook/225/dump_largest_session.png,dataset_rgb_stack_combined/images/FormBook/FormBook__225__sess-dump_largest_session_rgb_stack.png,rgb_stack,128,128,128,1
FormBook::226,dump_largest_session,FormBook,dataset_api_call_sequences/FormBook/FormBook_226_APIxTIME_16x16.png,dataset_network_packets/images/FormBook/226/dump_largest_session.png,dataset_rgb_stack_combined/images/FormBook/FormBook__226__sess-dump_largest_session_rgb_stack.png,rgb_stack,128,128,128,1
FormBook::227,dump_largest_session,FormBook,dataset_api_call_sequences/FormBook/FormBook_227_APIxTIME_16x16.png,dataset_network_packets/images/FormBook/227/dump_largest_session.png,dataset_rgb_stack_combined/images/FormBook/FormBook__227__sess-dump_largest_session_rgb_stack.png,rgb_stack,128,128,128,1
FormBook::228,dump_largest_session,FormBook,dataset_api_call_sequences/FormBook/FormBook_228_APIxTIME_16x16.png,dataset_network_packets/images/FormBook/228/dump_largest_session.png,dataset_rgb_stack_combined/images/FormBook/FormBook__228__sess-dump_largest_session_rgb_stack.png,rgb_stack,128,128,128,1
FormBook::229,dump_largest_session,FormBook,dataset_api_call_sequences/FormBook/FormBook_229_APIxTIME_16x16.png,dataset_network_packets/images/FormBook/229/dump_largest_session.png,dataset_rgb_stack_combined/images/FormBook/FormBook__229__sess-dump_largest_session_rgb_stack.png,rgb_stack,128,128,128,1
FormBook::230,dump_largest_session,FormBook,dataset_api_call_sequences/FormBook/FormBook_230_APIxTIME_16x16.png,dataset_network_packets/images/FormBook/230/dump_largest_session.png,dataset_rgb_stack_combined/images/FormBook/FormBook__230__sess-dump_largest_session_rgb_stack.png,rgb_stack,128,128,128,1
FormBook::231,dump_largest_session,FormBook,dataset_api_call_sequences/FormBook/FormBook_231_APIxTIME_16x16.png,dataset_network_packets/images/FormBook/231/dump_largest_session.png,dataset_rgb_stack_combined/images/FormBook/FormBook__231__sess-dump_largest_session_rgb_stack.png,rgb_stack,128,128,128,1
FormBook::232,dump_largest_session,FormBook,dataset_api_call_sequences/FormBook/FormBook_232_APIxTIME_16x16.png,dataset_network_packets/images/FormBook/232/dump_largest_session.png,dataset_rgb_stack_combined/images/FormBook/FormBook__232__sess-dump_largest_session_rgb_stack.png,rgb_stack,128,128,128,1
FormBook::233,dump_largest_session,FormBook,dataset_api_call_sequences/FormBook/FormBook_233_APIxTIME_16x16.png,dataset_network_packets/images/FormBook/233/dump_largest_session.png,dataset_rgb_stack_combined/images/FormBook/FormBook__233__sess-dump_largest_session_rgb_stack.png,rgb_stack,128,128,128,1
FormBook::234,dump_largest_session,FormBook,dataset_api_call_sequences/FormBook/FormBook_234_APIxTIME_16x16.png,dataset_network_packets/images/FormBook/234/dump_largest_session.png,dataset_rgb_stack_combined/images/FormBook/FormBook__234__sess-dump_largest_session_rgb_stack.png,rgb_stack,128,128,128,1
FormBook::236,dump_largest_session,FormBook,dataset_api_call_sequences/FormBook/FormBook_236_APIxTIME_16x16.png,dataset_network_packets/images/FormBook/236/dump_largest_session.png,dataset_rgb_stack_combined/images/FormBook/FormBook__236__sess-dump_largest_session_rgb_stack.png,rgb_stack,128,128,128,1
FormBook::237,dump_largest_session,FormBook,dataset_api_call_sequences/FormBook/FormBook_237_APIxTIME_16x16.png,dataset_network_packets/images/FormBook/237/dump_largest_session.png,dataset_rgb_stack_combined/images/FormBook/FormBook__237__sess-dump_largest_session_rgb_stack.png,rgb_stack,128,128,128,1
FormBook::238,dump_largest_session,FormBook,dataset_api_call_sequences/FormBook/FormBook_238_APIxTIME_16x16.png,dataset_network_packets/images/FormBook/238/dump_largest_session.png,dataset_rgb_stack_combined/images/FormBook/FormBook__238__sess-dump_largest_session_rgb_stack.png,rgb_stack,128,128,128,1
FormBook::239,dump_largest_session,FormBook,dataset_api_call_sequences/FormBook/FormBook_239_APIxTIME_16x16.png,dataset_network_packets/images/FormBook/239/dump_largest_session.png,dataset_rgb_stack_combined/images/FormBook/FormBook__239__sess-dump_largest_session_rgb_stack.png,rgb_stack,128,128,128,1
FormBook::240,dump_largest_session,FormBook,dataset_api_call_sequences/FormBook/FormBook_240_APIxTIME_16x16.png,dataset_network_packets/images/FormBook/240/dump_largest_session.png,dataset_rgb_stack_combined/images/FormBook/FormBook__240__sess-dump_largest_session_rgb_stack.png,rgb_stack,128,128,128,1
FormBook::241,dump_largest_session,FormBook,dataset_api_call_sequences/FormBook/FormBook_241_APIxTIME_16x16.png,dataset_network_packets/images/FormBook/241/dump_largest_session.png,dataset_rgb_stack_combined/images/FormBook/FormBook__241__sess-dump_largest_session_rgb_stack.png,rgb_stack,128,128,128,1
FormBook::242,dump_largest_session,FormBook,dataset_api_call_sequences/FormBook/FormBook_242_APIxTIME_16x16.png,dataset_network_packets/images/FormBook/242/dump_largest_session.png,dataset_rgb_stack_combined/images/FormBook/FormBook__242__sess-dump_largest_session_rgb_stack.png,rgb_stack,128,128,128,1
FormBook::243,dump_largest_session,FormBook,dataset_api_call_sequences/FormBook/FormBook_243_APIxTIME_16x16.png,dataset_network_packets/images/FormBook/243/dump_largest_session.png,dataset_rgb_stack_combined/images/FormBook/FormBook__243__sess-dump_largest_session_rgb_stack.png,rgb_stack,128,128,128,1
FormBook::244,dump_largest_session,FormBook,dataset_api_call_sequences/FormBook/FormBook_244_APIxTIME_16x16.png,dataset_network_packets/images/FormBook/244/dump_largest_session.png,dataset_rgb_stack_combined/images/FormBook/FormBook__244__sess-dump_largest_session_rgb_stack.png,rgb_stack,128,128,128,1
FormBook::245,dump_largest_session,FormBook,dataset_api_call_sequences/FormBook/FormBook_245_APIxTIME_16x16.png,dataset_network_packets/images/FormBook/245/dump_largest_session.png,dataset_rgb_stack_combined/images/FormBook/FormBook__245__sess-dump_largest_session_rgb_stack.png,rgb_stack,128,128,128,1
FormBook::246,dump_largest_session,FormBook,dataset_api_call_sequences/FormBook/FormBook_246_APIxTIME_16x16.png,dataset_network_packets/images/FormBook/246/dump_largest_session.png,dataset_rgb_stack_combined/images/FormBook/FormBook__246__sess-dump_largest_session_rgb_stack.png,rgb_stack,128,128,128,1
FormBook::247,dump_largest_session,FormBook,dataset_api_call_sequences/FormBook/FormBook_247_APIxTIME_16x16.png,dataset_network_packets/images/FormBook/247/dump_largest_session.png,dataset_rgb_stack_combined/images/FormBook/FormBook__247__sess-dump_largest_session_rgb_stack.png,rgb_stack,128,128,128,1
FormBook::248,dump_largest_session,FormBook,dataset_api_call_sequences/FormBook/FormBook_248_APIxTIME_16x16.png,dataset_network_packets/images/FormBook/248/dump_largest_session.png,dataset_rgb_stack_combined/images/FormBook/FormBook__248__sess-dump_largest_session_rgb_stack.png,rgb_stack,128,128,128,1
FormBook::249,dump_largest_session,FormBook,dataset_api_call_sequences/FormBook/FormBook_249_APIxTIME_16x16.png,dataset_network_packets/images/FormBook/249/dump_largest_session.png,dataset_rgb_stack_combined/images/FormBook/FormBook__249__sess-dump_largest_session_rgb_stack.png,rgb_stack,128,128,128,1
FormBook::250,dump_largest_session,FormBook,dataset_api_call_sequences/FormBook/FormBook_250_APIxTIME_16x16.png,dataset_network_packets/images/FormBook/250/dump_largest_session.png,dataset_rgb_stack_combined/images/FormBook/FormBook__250__sess-dump_largest_session_rgb_stack.png,rgb_stack,128,128,128,1
FormBook::251,dump_largest_session,FormBook,dataset_api_call_sequences/FormBook/FormBook_251_APIxTIME_16x16.png,dataset_network_packets/images/FormBook/251/dump_largest_session.png,dataset_rgb_stack_combined/images/FormBook/FormBook__251__sess-dump_largest_session_rgb_stack.png,rgb_stack,128,128,128,1
FormBook::252,dump_largest_session,FormBook,dataset_api_call_sequences/FormBook/FormBook_252_APIxTIME_16x16.png,dataset_network_packets/images/FormBook/252/dump_largest_session.png,dataset_rgb_stack_combined/images/FormBook/FormBook__252__sess-dump_largest_session_rgb_stack.png,rgb_stack,128,128,128,1
FormBook::253,dump_largest_session,FormBook,dataset_api_call_sequences/FormBook/FormBook_253_APIxTIME_16x16.png,dataset_network_packets/images/FormBook/253/dump_largest_session.png,dataset_rgb_stack_combined/images/FormBook/FormBook__253__sess-dump_largest_session_rgb_stack.png,rgb_stack,128,128,128,1
FormBook::254,dump_largest_session,FormBook,dataset_api_call_sequences/FormBook/FormBook_254_APIxTIME_16x16.png,dataset_network_packets/images/FormBook/254/dump_largest_session.png,dataset_rgb_stack_combined/images/FormBook/FormBook__254__sess-dump_largest_session_rgb_stack.png,rgb_stack,128,128,128,1
FormBook::372,dump_largest_session,FormBook,dataset_api_call_sequences/FormBook/FormBook_372_APIxTIME_16x16.png,dataset_network_packets/images/FormBook/372/dump_largest_session.png,dataset_rgb_stack_combined/images/FormBook/FormBook__372__sess-dump_largest_session_rgb_stack.png,rgb_stack,128,128,128,1
FormBook::373,dump_largest_session,FormBook,dataset_api_call_sequences/FormBook/FormBook_373_APIxTIME_16x16.png,dataset_network_packets/images/FormBook/373/dump_largest_session.png,dataset_rgb_stack_combined/images/FormBook/FormBook__373__sess-dump_largest_session_rgb_stack.png,rgb_stack,128,128,128,1
FormBook::374,dump_largest_session,FormBook,dataset_api_call_sequences/FormBook/FormBook_374_APIxTIME_16x16.png,dataset_network_packets/images/FormBook/374/dump_largest_session.png,dataset_rgb_stack_combined/images/FormBook/FormBook__374__sess-dump_largest_session_rgb_stack.png,rgb_stack,128,128,128,1
FormBook::375,dump_largest_session,FormBook,dataset_api_call_sequences/FormBook/FormBook_375_APIxTIME_16x16.png,dataset_network_packets/images/FormBook/375/dump_largest_session.png,dataset_rgb_stack_combined/images/FormBook/FormBook__375__sess-dump_largest_session_rgb_stack.png,rgb_stack,128,128,128,1
FormBook::376,dump_largest_session,FormBook,dataset_api_call_sequences/FormBook/FormBook_376_APIxTIME_16x16.png,dataset_network_packets/images/FormBook/376/dump_largest_session.png,dataset_rgb_stack_combined/images/FormBook/FormBook__376__sess-dump_largest_session_rgb_stack.png,rgb_stack,128,128,128,1
FormBook::377,dump_largest_session,FormBook,dataset_api_call_sequences/FormBook/FormBook_377_APIxTIME_16x16.png,dataset_network_packets/images/FormBook/377/dump_largest_session.png,dataset_rgb_stack_combined/images/FormBook/FormBook__377__sess-dump_largest_session_rgb_stack.png,rgb_stack,128,128,128,1
FormBook::378,dump_largest_session,FormBook,dataset_api_call_sequences/FormBook/FormBook_378_APIxTIME_16x16.png,dataset_network_packets/images/FormBook/378/dump_largest_session.png,dataset_rgb_stack_combined/images/FormBook/FormBook__378__sess-dump_largest_session_rgb_stack.png,rgb_stack,128,128,128,1
SalatStealer::263,dump_largest_session,SalatStealer,dataset_api_call_sequences/SalatStealer/SalatStealer_263_APIxTIME_16x16.png,dataset_network_packets/images/SalatStealer/263/dump_largest_session.png,dataset_rgb_stack_combined/images/SalatStealer/SalatStealer__263__sess-dump_largest_session_rgb_stack.png,rgb_stack,128,128,128,1
SalatStealer::264,dump_largest_session,SalatStealer,dataset_api_call_sequences/SalatStealer/SalatStealer_264_APIxTIME_16x16.png,dataset_network_packets/images/SalatStealer/264/dump_largest_session.png,dataset_rgb_stack_combined/images/SalatStealer/SalatStealer__264__sess-dump_largest_session_rgb_stack.png,rgb_stack,128,128,128,1
SalatStealer::265,dump_largest_session,SalatStealer,dataset_api_call_sequences/SalatStealer/SalatStealer_265_APIxTIME_16x16.png,dataset_network_packets/images/SalatStealer/265/dump_largest_session.png,dataset_rgb_stack_combined/images/SalatStealer/SalatStealer__265__sess-dump_largest_session_rgb_stack.png,rgb_stack,128,128,128,1
SalatStealer::266,dump_largest_session,SalatStealer,dataset_api_call_sequences/SalatStealer/SalatStealer_266_APIxTIME_16x16.png,dataset_network_packets/images/SalatStealer/266/dump_largest_session.png,dataset_rgb_stack_combined/images/SalatStealer/SalatStealer__266__sess-dump_largest_session_rgb_stack.png,rgb_stack,128,128,128,1
SalatStealer::267,dump_largest_session,SalatStealer,dataset_api_call_sequences/SalatStealer/SalatStealer_267_APIxTIME_16x16.png,dataset_network_packets/images/SalatStealer/267/dump_largest_session.png,dataset_rgb_stack_combined/images/SalatStealer/SalatStealer__267__sess-dump_largest_session_rgb_stack.png,rgb_stack,128,128,128,1
SalatStealer::268,dump_largest_session,SalatStealer,dataset_api_call_sequences/SalatStealer/SalatStealer_268_APIxTIME_16x16.png,dataset_network_packets/images/SalatStealer/268/dump_largest_session.png,dataset_rgb_stack_combined/images/SalatStealer/SalatStealer__268__sess-dump_largest_session_rgb_stack.png,rgb_stack,128,128,128,1
SalatStealer::269,dump_largest_session,SalatStealer,dataset_api_call_sequences/SalatStealer/SalatStealer_269_APIxTIME_16x16.png,dataset_network_packets/images/SalatStealer/269/dump_largest_session.png,dataset_rgb_stack_combined/images/SalatStealer/SalatStealer__269__sess-dump_largest_session_rgb_stack.png,rgb_stack,128,128,128,1
SalatStealer::270,dump_largest_session,SalatStealer,dataset_api_call_sequences/SalatStealer/SalatStealer_270_APIxTIME_16x16.png,dataset_network_packets/images/SalatStealer/270/dump_largest_session.png,dataset_rgb_stack_combined/images/SalatStealer/SalatStealer__270__sess-dump_largest_session_rgb_stack.png,rgb_stack,128,128,128,1
SalatStealer::271,dump_largest_session,SalatStealer,dataset_api_call_sequences/SalatStealer/SalatStealer_271_APIxTIME_16x16.png,dataset_network_packets/images/SalatStealer/271/dump_largest_session.png,dataset_rgb_stack_combined/images/SalatStealer/SalatStealer__271__sess-dump_largest_session_rgb_stack.png,rgb_stack,128,128,128,1
SalatStealer::272,dump_largest_session,SalatStealer,dataset_api_call_sequences/SalatStealer/SalatStealer_272_APIxTIME_16x16.png,dataset_network_packets/images/SalatStealer/272/dump_largest_session.png,dataset_rgb_stack_combined/images/SalatStealer/SalatStealer__272__sess-dump_largest_session_rgb_stack.png,rgb_stack,128,128,128,1
SalatStealer::273,dump_largest_session,SalatStealer,dataset_api_call_sequences/SalatStealer/SalatStealer_273_APIxTIME_16x16.png,dataset_network_packets/images/SalatStealer/273/dump_largest_session.png,dataset_rgb_stack_combined/images/SalatStealer/SalatStealer__273__sess-dump_largest_session_rgb_stack.png,rgb_stack,128,128,128,1
SalatStealer::274,dump_largest_session,SalatStealer,dataset_api_call_sequences/SalatStealer/SalatStealer_274_APIxTIME_16x16.png,dataset_network_packets/images/SalatStealer/274/dump_largest_session.png,dataset_rgb_stack_combined/images/SalatStealer/SalatStealer__274__sess-dump_largest_session_rgb_stack.png,rgb_stack,128,128,128,1
SalatStealer::275,dump_largest_session,SalatStealer,dataset_api_call_sequences/SalatStealer/SalatStealer_275_APIxTIME_16x16.png,dataset_network_packets/images/SalatStealer/275/dump_largest_session.png,dataset_rgb_stack_combined/images/SalatStealer/SalatStealer__275__sess-dump_largest_session_rgb_stack.png,rgb_stack,128,128,128,1
SalatStealer::276,dump_largest_session,SalatStealer,dataset_api_call_sequences/SalatStealer/SalatStealer_276_APIxTIME_16x16.png,dataset_network_packets/images/SalatStealer/276/dump_largest_session.png,dataset_rgb_stack_combined/images/SalatStealer/SalatStealer__276__sess-dump_largest_session_rgb_stack.png,rgb_stack,128,128,128,1
SalatStealer::277,dump_largest_session,SalatStealer,dataset_api_call_sequences/SalatStealer/SalatStealer_277_APIxTIME_16x16.png,dataset_network_packets/images/SalatStealer/277/dump_largest_session.png,dataset_rgb_stack_combined/images/SalatStealer/SalatStealer__277__sess-dump_largest_session_rgb_stack.png,rgb_stack,128,128,128,1
SalatStealer::278,dump_largest_session,SalatStealer,dataset_api_call_sequences/SalatStealer/SalatStealer_278_APIxTIME_16x16.png,dataset_network_packets/images/SalatStealer/278/dump_largest_session.png,dataset_rgb_stack_combined/images/SalatStealer/SalatStealer__278__sess-dump_largest_session_rgb_stack.png,rgb_stack,128,128,128,1
SalatStealer::279,dump_largest_session,SalatStealer,dataset_api_call_sequences/SalatStealer/SalatStealer_279_APIxTIME_16x16.png,dataset_network_packets/images/SalatStealer/279/dump_largest_session.png,dataset_rgb_stack_combined/images/SalatStealer/SalatStealer__279__sess-dump_largest_session_rgb_stack.png,rgb_stack,128,128,128,1
SalatStealer::280,dump_largest_session,SalatStealer,dataset_api_call_sequences/SalatStealer/SalatStealer_280_APIxTIME_16x16.png,dataset_network_packets/images/SalatStealer/280/dump_largest_session.png,dataset_rgb_stack_combined/images/SalatStealer/SalatStealer__280__sess-dump_largest_session_rgb_stack.png,rgb_stack,128,128,128,1
SalatStealer::281,dump_largest_session,SalatStealer,dataset_api_call_sequences/SalatStealer/SalatStealer_281_APIxTIME_16x16.png,dataset_network_packets/images/SalatStealer/281/dump_largest_session.png,dataset_rgb_stack_combined/images/SalatStealer/SalatStealer__281__sess-dump_largest_session_rgb_stack.png,rgb_stack,128,128,128,1
SalatStealer::282,dump_largest_session,SalatStealer,dataset_api_call_sequences/SalatStealer/SalatStealer_282_APIxTIME_16x16.png,dataset_network_packets/images/SalatStealer/282/dump_largest_session.png,dataset_rgb_stack_combined/images/SalatStealer/SalatStealer__282__sess-dump_largest_session_rgb_stack.png,rgb_stack,128,128,128,1
SalatStealer::283,dump_largest_session,SalatStealer,dataset_api_call_sequences/SalatStealer/SalatStealer_283_APIxTIME_16x16.png,dataset_network_packets/images/SalatStealer/283/dump_largest_session.png,dataset_rgb_stack_combined/images/SalatStealer/SalatStealer__283__sess-dump_largest_session_rgb_stack.png,rgb_stack,128,128,128,1
SalatStealer::284,dump_largest_session,SalatStealer,dataset_api_call_sequences/SalatStealer/SalatStealer_284_APIxTIME_16x16.png,dataset_network_packets/images/SalatStealer/284/dump_largest_session.png,dataset_rgb_stack_combined/images/SalatStealer/SalatStealer__284__sess-dump_largest_session_rgb_stack.png,rgb_stack,128,128,128,1
SalatStealer::285,dump_largest_session,SalatStealer,dataset_api_call_sequences/SalatStealer/SalatStealer_285_APIxTIME_16x16.png,dataset_network_packets/images/SalatStealer/285/dump_largest_session.png,dataset_rgb_stack_combined/images/SalatStealer/SalatStealer__285__sess-dump_largest_session_rgb_stack.png,rgb_stack,128,128,128,1
SalatStealer::286,dump_largest_session,SalatStealer,dataset_api_call_sequences/SalatStealer/SalatStealer_286_APIxTIME_16x16.png,dataset_network_packets/images/SalatStealer/286/dump_largest_session.png,dataset_rgb_stack_combined/images/SalatStealer/SalatStealer__286__sess-dump_largest_session_rgb_stack.png,rgb_stack,128,128,128,1
SalatStealer::287,dump_largest_session,SalatStealer,dataset_api_call_sequences/SalatStealer/SalatStealer_287_APIxTIME_16x16.png,dataset_network_packets/images/SalatStealer/287/dump_largest_session.png,dataset_rgb_stack_combined/images/SalatStealer/SalatStealer__287__sess-dump_largest_session_rgb_stack.png,rgb_stack,128,128,128,1
SalatStealer::288,dump_largest_session,SalatStealer,dataset_api_call_sequences/SalatStealer/SalatStealer_288_APIxTIME_16x16.png,dataset_network_packets/images/SalatStealer/288/dump_largest_session.png,dataset_rgb_stack_combined/images/SalatStealer/SalatStealer__288__sess-dump_largest_session_rgb_stack.png,rgb_stack,128,128,128,1
SalatStealer::289,dump_largest_session,SalatStealer,dataset_api_call_sequences/SalatStealer/SalatStealer_289_APIxTIME_16x16.png,dataset_network_packets/images/SalatStealer/289/dump_largest_session.png,dataset_rgb_stack_combined/images/SalatStealer/SalatStealer__289__sess-dump_largest_session_rgb_stack.png,rgb_stack,128,128,128,1
SalatStealer::290,dump_largest_session,SalatStealer,dataset_api_call_sequences/SalatStealer/SalatStealer_290_APIxTIME_16x16.png,dataset_network_packets/images/SalatStealer/290/dump_largest_session.png,dataset_rgb_stack_combined/images/SalatStealer/SalatStealer__290__sess-dump_largest_session_rgb_stack.png,rgb_stack,128,128,128,1
SalatStealer::292,dump_largest_session,SalatStealer,dataset_api_call_sequences/SalatStealer/SalatStealer_292_APIxTIME_16x16.png,dataset_network_packets/images/SalatStealer/292/dump_largest_session.png,dataset_rgb_stack_combined/images/SalatStealer/SalatStealer__292__sess-dump_largest_session_rgb_stack.png,rgb_stack,128,128,128,1
SalatStealer::293,dump_largest_session,SalatStealer,dataset_api_call_sequences/SalatStealer/SalatStealer_293_APIxTIME_16x16.png,dataset_network_packets/images/SalatStealer/293/dump_largest_session.png,dataset_rgb_stack_combined/images/SalatStealer/SalatStealer__293__sess-dump_largest_session_rgb_stack.png,rgb_stack,128,128,128,1
SalatStealer::294,dump_largest_session,SalatStealer,dataset_api_call_sequences/SalatStealer/SalatStealer_294_APIxTIME_16x16.png,dataset_network_packets/images/SalatStealer/294/dump_largest_session.png,dataset_rgb_stack_combined/images/SalatStealer/SalatStealer__294__sess-dump_largest_session_rgb_stack.png,rgb_stack,128,128,128,1
SalatStealer::295,dump_largest_session,SalatStealer,dataset_api_call_sequences/SalatStealer/SalatStealer_295_APIxTIME_16x16.png,dataset_network_packets/images/SalatStealer/295/dump_largest_session.png,dataset_rgb_stack_combined/images/SalatStealer/SalatStealer__295__sess-dump_largest_session_rgb_stack.png,rgb_stack,128,128,128,1
SalatStealer::296,dump_largest_session,SalatStealer,dataset_api_call_sequences/SalatStealer/SalatStealer_296_APIxTIME_16x16.png,dataset_network_packets/images/SalatStealer/296/dump_largest_session.png,dataset_rgb_stack_combined/images/SalatStealer/SalatStealer__296__sess-dump_largest_session_rgb_stack.png,rgb_stack,128,128,128,1
SalatStealer::297,dump_largest_session,SalatStealer,dataset_api_call_sequences/SalatStealer/SalatStealer_297_APIxTIME_16x16.png,dataset_network_packets/images/SalatStealer/297/dump_largest_session.png,dataset_rgb_stack_combined/images/SalatStealer/SalatStealer__297__sess-dump_largest_session_rgb_stack.png,rgb_stack,128,128,128,1
SalatStealer::298,dump_largest_session,SalatStealer,dataset_api_call_sequences/SalatStealer/SalatStealer_298_APIxTIME_16x16.png,dataset_network_packets/images/SalatStealer/298/dump_largest_session.png,dataset_rgb_stack_combined/images/SalatStealer/SalatStealer__298__sess-dump_largest_session_rgb_stack.png,rgb_stack,128,128,128,1
SalatStealer::299,dump_largest_session,SalatStealer,dataset_api_call_sequences/SalatStealer/SalatStealer_299_APIxTIME_16x16.png,dataset_network_packets/images/SalatStealer/299/dump_largest_session.png,dataset_rgb_stack_combined/images/SalatStealer/SalatStealer__299__sess-dump_largest_session_rgb_stack.png,rgb_stack,128,128,128,1
SalatStealer::300,dump_largest_session,SalatStealer,dataset_api_call_sequences/SalatStealer/SalatStealer_300_APIxTIME_16x16.png,dataset_network_packets/images/SalatStealer/300/dump_largest_session.png,dataset_rgb_stack_combined/images/SalatStealer/SalatStealer__300__sess-dump_largest_session_rgb_stack.png,rgb_stack,128,128,128,1
SalatStealer::302,dump_largest_session,SalatStealer,dataset_api_call_sequences/SalatStealer/SalatStealer_302_APIxTIME_16x16.png,dataset_network_packets/images/SalatStealer/302/dump_largest_session.png,dataset_rgb_stack_combined/images/SalatStealer/SalatStealer__302__sess-dump_largest_session_rgb_stack.png,rgb_stack,128,128,128,1
SalatStealer::303,dump_largest_session,SalatStealer,dataset_api_call_sequences/SalatStealer/SalatStealer_303_APIxTIME_16x16.png,dataset_network_packets/images/SalatStealer/303/dump_largest_session.png,dataset_rgb_stack_combined/images/SalatStealer/SalatStealer__303__sess-dump_largest_session_rgb_stack.png,rgb_stack,128,128,128,1
SalatStealer::304,dump_largest_session,SalatStealer,dataset_api_call_sequences/SalatStealer/SalatStealer_304_APIxTIME_16x16.png,dataset_network_packets/images/SalatStealer/304/dump_largest_session.png,dataset_rgb_stack_combined/images/SalatStealer/SalatStealer__304__sess-dump_largest_session_rgb_stack.png,rgb_stack,128,128,128,1
SalatStealer::305,dump_largest_session,SalatStealer,dataset_api_call_sequences/SalatStealer/SalatStealer_305_APIxTIME_16x16.png,dataset_network_packets/images/SalatStealer/305/dump_largest_session.png,dataset_rgb_stack_combined/images/SalatStealer/SalatStealer__305__sess-dump_largest_session_rgb_stack.png,rgb_stack,128,128,128,1
SalatStealer::306,dump_largest_session,SalatStealer,dataset_api_call_sequences/SalatStealer/SalatStealer_306_APIxTIME_16x16.png,dataset_network_packets/images/SalatStealer/306/dump_largest_session.png,dataset_rgb_stack_combined/images/SalatStealer/SalatStealer__306__sess-dump_largest_session_rgb_stack.png,rgb_stack,128,128,128,1
SalatStealer::307,dump_largest_session,SalatStealer,dataset_api_call_sequences/SalatStealer/SalatStealer_307_APIxTIME_16x16.png,dataset_network_packets/images/SalatStealer/307/dump_largest_session.png,dataset_rgb_stack_combined/images/SalatStealer/SalatStealer__307__sess-dump_largest_session_rgb_stack.png,rgb_stack,128,128,128,1
SalatStealer::308,dump_largest_session,SalatStealer,dataset_api_call_sequences/SalatStealer/SalatStealer_308_APIxTIME_16x16.png,dataset_network_packets/images/SalatStealer/308/dump_largest_session.png,dataset_rgb_stack_combined/images/SalatStealer/SalatStealer__308__sess-dump_largest_session_rgb_stack.png,rgb_stack,128,128,128,1
SalatStealer::309,dump_largest_session,SalatStealer,dataset_api_call_sequences/SalatStealer/SalatStealer_309_APIxTIME_16x16.png,dataset_network_packets/images/SalatStealer/309/dump_largest_session.png,dataset_rgb_stack_combined/images/SalatStealer/SalatStealer__309__sess-dump_largest_session_rgb_stack.png,rgb_stack,128,128,128,1
SalatStealer::310,dump_largest_session,SalatStealer,dataset_api_call_sequences/SalatStealer/SalatStealer_310_APIxTIME_16x16.png,dataset_network_packets/images/SalatStealer/310/dump_largest_session.png,dataset_rgb_stack_combined/images/SalatStealer/SalatStealer__310__sess-dump_largest_session_rgb_stack.png,rgb_stack,128,128,128,1
SalatStealer::311,dump_largest_session,SalatStealer,dataset_api_call_sequences/SalatStealer/SalatStealer_311_APIxTIME_16x16.png,dataset_network_packets/images/SalatStealer/311/dump_largest_session.png,dataset_rgb_stack_combined/images/SalatStealer/SalatStealer__311__sess-dump_largest_session_rgb_stack.png,rgb_stack,128,128,128,1
SalatStealer::312,dump_largest_session,SalatStealer,dataset_api_call_sequences/SalatStealer/SalatStealer_312_APIxTIME_16x16.png,dataset_network_packets/images/SalatStealer/312/dump_largest_session.png,dataset_rgb_stack_combined/images/SalatStealer/SalatStealer__312__sess-dump_largest_session_rgb_stack.png,rgb_stack,128,128,128,1
SalatStealer::313,dump_largest_session,SalatStealer,dataset_api_call_sequences/SalatStealer/SalatStealer_313_APIxTIME_16x16.png,dataset_network_packets/images/SalatStealer/313/dump_largest_session.png,dataset_rgb_stack_combined/images/SalatStealer/SalatStealer__313__sess-dump_largest_session_rgb_stack.png,rgb_stack,128,128,128,1
SalatStealer::314,dump_largest_session,SalatStealer,dataset_api_call_sequences/SalatStealer/SalatStealer_314_APIxTIME_16x16.png,dataset_network_packets/images/SalatStealer/314/dump_largest_session.png,dataset_rgb_stack_combined/images/SalatStealer/SalatStealer__314__sess-dump_largest_session_rgb_stack.png,rgb_stack,128,128,128,1
SalatStealer::315,dump_largest_session,SalatStealer,dataset_api_call_sequences/SalatStealer/SalatStealer_315_APIxTIME_16x16.png,dataset_network_packets/images/SalatStealer/315/dump_largest_session.png,dataset_rgb_stack_combined/images/SalatStealer/SalatStealer__315__sess-dump_largest_session_rgb_stack.png,rgb_stack,128,128,128,1
SalatStealer::316,dump_largest_session,SalatStealer,dataset_api_call_sequences/SalatStealer/SalatStealer_316_APIxTIME_16x16.png,dataset_network_packets/images/SalatStealer/316/dump_largest_session.png,dataset_rgb_stack_combined/images/SalatStealer/SalatStealer__316__sess-dump_largest_session_rgb_stack.png,rgb_stack,128,128,128,1
SalatStealer::317,dump_largest_session,SalatStealer,dataset_api_call_sequences/SalatStealer/SalatStealer_317_APIxTIME_16x16.png,dataset_network_packets/images/SalatStealer/317/dump_largest_session.png,dataset_rgb_stack_combined/images/SalatStealer/SalatStealer__317__sess-dump_largest_session_rgb_stack.png,rgb_stack,128,128,128,1
SalatStealer::318,dump_largest_session,SalatStealer,dataset_api_call_sequences/SalatStealer/SalatStealer_318_APIxTIME_16x16.png,dataset_network_packets/images/SalatStealer/318/dump_largest_session.png,dataset_rgb_stack_combined/images/SalatStealer/SalatStealer__318__sess-dump_largest_session_rgb_stack.png,rgb_stack,128,128,128,1
SalatStealer::319,dump_largest_session,SalatStealer,dataset_api_call_sequences/SalatStealer/SalatStealer_319_APIxTIME_16x16.png,dataset_network_packets/images/SalatStealer/319/dump_largest_session.png,dataset_rgb_stack_combined/images/SalatStealer/SalatStealer__319__sess-dump_largest_session_rgb_stack.png,rgb_stack,128,128,128,1
SalatStealer::320,dump_largest_session,SalatStealer,dataset_api_call_sequences/SalatStealer/SalatStealer_320_APIxTIME_16x16.png,dataset_network_packets/images/SalatStealer/320/dump_largest_session.png,dataset_rgb_stack_combined/images/SalatStealer/SalatStealer__320__sess-dump_largest_session_rgb_stack.png,rgb_stack,128,128,128,1
SalatStealer::321,dump_largest_session,SalatStealer,dataset_api_call_sequences/SalatStealer/SalatStealer_321_APIxTIME_16x16.png,dataset_network_packets/images/SalatStealer/321/dump_largest_session.png,dataset_rgb_stack_combined/images/SalatStealer/SalatStealer__321__sess-dump_largest_session_rgb_stack.png,rgb_stack,128,128,128,1
SalatStealer::322,dump_largest_session,SalatStealer,dataset_api_call_sequences/SalatStealer/SalatStealer_322_APIxTIME_16x16.png,dataset_network_packets/images/SalatStealer/322/dump_largest_session.png,dataset_rgb_stack_combined/images/SalatStealer/SalatStealer__322__sess-dump_largest_session_rgb_stack.png,rgb_stack,128,128,128,1
SalatStealer::323,dump_largest_session,SalatStealer,dataset_api_call_sequences/SalatStealer/SalatStealer_323_APIxTIME_16x16.png,dataset_network_packets/images/SalatStealer/323/dump_largest_session.png,dataset_rgb_stack_combined/images/SalatStealer/SalatStealer__323__sess-dump_largest_session_rgb_stack.png,rgb_stack,128,128,128,1
SalatStealer::324,dump_largest_session,SalatStealer,dataset_api_call_sequences/SalatStealer/SalatStealer_324_APIxTIME_16x16.png,dataset_network_packets/images/SalatStealer/324/dump_largest_session.png,dataset_rgb_stack_combined/images/SalatStealer/SalatStealer__324__sess-dump_largest_session_rgb_stack.png,rgb_stack,128,128,128,1
SalatStealer::325,dump_largest_session,SalatStealer,dataset_api_call_sequences/SalatStealer/SalatStealer_325_APIxTIME_16x16.png,dataset_network_packets/images/SalatStealer/325/dump_largest_session.png,dataset_rgb_stack_combined/images/SalatStealer/SalatStealer__325__sess-dump_largest_session_rgb_stack.png,rgb_stack,128,128,128,1
SalatStealer::326,dump_largest_session,SalatStealer,dataset_api_call_sequences/SalatStealer/SalatStealer_326_APIxTIME_16x16.png,dataset_network_packets/images/SalatStealer/326/dump_largest_session.png,dataset_rgb_stack_combined/images/SalatStealer/SalatStealer__326__sess-dump_largest_session_rgb_stack.png,rgb_stack,128,128,128,1
SalatStealer::327,dump_largest_session,SalatStealer,dataset_api_call_sequences/SalatStealer/SalatStealer_327_APIxTIME_16x16.png,dataset_network_packets/images/SalatStealer/327/dump_largest_session.png,dataset_rgb_stack_combined/images/SalatStealer/SalatStealer__327__sess-dump_largest_session_rgb_stack.png,rgb_stack,128,128,128,1
SalatStealer::328,dump_largest_session,SalatStealer,dataset_api_call_sequences/SalatStealer/SalatStealer_328_APIxTIME_16x16.png,dataset_network_packets/images/SalatStealer/328/dump_largest_session.png,dataset_rgb_stack_combined/images/SalatStealer/SalatStealer__328__sess-dump_largest_session_rgb_stack.png,rgb_stack,128,128,128,1
SalatStealer::329,dump_largest_session,SalatStealer,dataset_api_call_sequences/SalatStealer/SalatStealer_329_APIxTIME_16x16.png,dataset_network_packets/images/SalatStealer/329/dump_largest_session.png,dataset_rgb_stack_combined/images/SalatStealer/SalatStealer__329__sess-dump_largest_session_rgb_stack.png,rgb_stack,128,128,128,1
SalatStealer::330,dump_largest_session,SalatStealer,dataset_api_call_sequences/SalatStealer/SalatStealer_330_APIxTIME_16x16.png,dataset_network_packets/images/SalatStealer/330/dump_largest_session.png,dataset_rgb_stack_combined/images/SalatStealer/SalatStealer__330__sess-dump_largest_session_rgb_stack.png,rgb_stack,128,128,128,1
SalatStealer::331,dump_largest_session,SalatStealer,dataset_api_call_sequences/SalatStealer/SalatStealer_331_APIxTIME_16x16.png,dataset_network_packets/images/SalatStealer/331/dump_largest_session.png,dataset_rgb_stack_combined/images/SalatStealer/SalatStealer__331__sess-dump_largest_session_rgb_stack.png,rgb_stack,128,128,128,1
SalatStealer::332,dump_largest_session,SalatStealer,dataset_api_call_sequences/SalatStealer/SalatStealer_332_APIxTIME_16x16.png,dataset_network_packets/images/SalatStealer/332/dump_largest_session.png,dataset_rgb_stack_combined/images/SalatStealer/SalatStealer__332__sess-dump_largest_session_rgb_stack.png,rgb_stack,128,128,128,1
SalatStealer::333,dump_largest_session,SalatStealer,dataset_api_call_sequences/SalatStealer/SalatStealer_333_APIxTIME_16x16.png,dataset_network_packets/images/SalatStealer/333/dump_largest_session.png,dataset_rgb_stack_combined/images/SalatStealer/SalatStealer__333__sess-dump_largest_session_rgb_stack.png,rgb_stack,128,128,128,1
SalatStealer::334,dump_largest_session,SalatStealer,dataset_api_call_sequences/SalatStealer/SalatStealer_334_APIxTIME_16x16.png,dataset_network_packets/images/SalatStealer/334/dump_largest_session.png,dataset_rgb_stack_combined/images/SalatStealer/SalatStealer__334__sess-dump_largest_session_rgb_stack.png,rgb_stack,128,128,128,1
SalatStealer::335,dump_largest_session,SalatStealer,dataset_api_call_sequences/SalatStealer/SalatStealer_335_APIxTIME_16x16.png,dataset_network_packets/images/SalatStealer/335/dump_largest_session.png,dataset_rgb_stack_combined/images/SalatStealer/SalatStealer__335__sess-dump_largest_session_rgb_stack.png,rgb_stack,128,128,128,1
SalatStealer::336,dump_largest_session,SalatStealer,dataset_api_call_sequences/SalatStealer/SalatStealer_336_APIxTIME_16x16.png,dataset_network_packets/images/SalatStealer/336/dump_largest_session.png,dataset_rgb_stack_combined/images/SalatStealer/SalatStealer__336__sess-dump_largest_session_rgb_stack.png,rgb_stack,128,128,128,1
SalatStealer::337,dump_largest_session,SalatStealer,dataset_api_call_sequences/SalatStealer/SalatStealer_337_APIxTIME_16x16.png,dataset_network_packets/images/SalatStealer/337/dump_largest_session.png,dataset_rgb_stack_combined/images/SalatStealer/SalatStealer__337__sess-dump_largest_session_rgb_stack.png,rgb_stack,128,128,128,1
SalatStealer::338,dump_largest_session,SalatStealer,dataset_api_call_sequences/SalatStealer/SalatStealer_338_APIxTIME_16x16.png,dataset_network_packets/images/SalatStealer/338/dump_largest_session.png,dataset_rgb_stack_combined/images/SalatStealer/SalatStealer__338__sess-dump_largest_session_rgb_stack.png,rgb_stack,128,128,128,1
SalatStealer::339,dump_largest_session,SalatStealer,dataset_api_call_sequences/SalatStealer/SalatStealer_339_APIxTIME_16x16.png,dataset_network_packets/images/SalatStealer/339/dump_largest_session.png,dataset_rgb_stack_combined/images/SalatStealer/SalatStealer__339__sess-dump_largest_session_rgb_stack.png,rgb_stack,128,128,128,1
SalatStealer::340,dump_largest_session,SalatStealer,dataset_api_call_sequences/SalatStealer/SalatStealer_340_APIxTIME_16x16.png,dataset_network_packets/images/SalatStealer/340/dump_largest_session.png,dataset_rgb_stack_combined/images/SalatStealer/SalatStealer__340__sess-dump_largest_session_rgb_stack.png,rgb_stack,128,128,128,1
SalatStealer::341,dump_largest_session,SalatStealer,dataset_api_call_sequences/SalatStealer/SalatStealer_341_APIxTIME_16x16.png,dataset_network_packets/images/SalatStealer/341/dump_largest_session.png,dataset_rgb_stack_combined/images/SalatStealer/SalatStealer__341__sess-dump_largest_session_rgb_stack.png,rgb_stack,128,128,128,1
SalatStealer::342,dump_largest_session,SalatStealer,dataset_api_call_sequences/SalatStealer/SalatStealer_342_APIxTIME_16x16.png,dataset_network_packets/images/SalatStealer/342/dump_largest_session.png,dataset_rgb_stack_combined/images/SalatStealer/SalatStealer__342__sess-dump_largest_session_rgb_stack.png,rgb_stack,128,128,128,1
SalatStealer::343,dump_largest_session,SalatStealer,dataset_api_call_sequences/SalatStealer/SalatStealer_343_APIxTIME_16x16.png,dataset_network_packets/images/SalatStealer/343/dump_largest_session.png,dataset_rgb_stack_combined/images/SalatStealer/SalatStealer__343__sess-dump_largest_session_rgb_stack.png,rgb_stack,128,128,128,1
SalatStealer::344,dump_largest_session,SalatStealer,dataset_api_call_sequences/SalatStealer/SalatStealer_344_APIxTIME_16x16.png,dataset_network_packets/images/SalatStealer/344/dump_largest_session.png,dataset_rgb_stack_combined/images/SalatStealer/SalatStealer__344__sess-dump_largest_session_rgb_stack.png,rgb_stack,128,128,128,1
SalatStealer::345,dump_largest_session,SalatStealer,dataset_api_call_sequences/SalatStealer/SalatStealer_345_APIxTIME_16x16.png,dataset_network_packets/images/SalatStealer/345/dump_largest_session.png,dataset_rgb_stack_combined/images/SalatStealer/SalatStealer__345__sess-dump_largest_session_rgb_stack.png,rgb_stack,128,128,128,1
SalatStealer::346,dump_largest_session,SalatStealer,dataset_api_call_sequences/SalatStealer/SalatStealer_346_APIxTIME_16x16.png,dataset_network_packets/images/SalatStealer/346/dump_largest_session.png,dataset_rgb_stack_combined/images/SalatStealer/SalatStealer__346__sess-dump_largest_session_rgb_stack.png,rgb_stack,128,128,128,1
SalatStealer::347,dump_largest_session,SalatStealer,dataset_api_call_sequences/SalatStealer/SalatStealer_347_APIxTIME_16x16.png,dataset_network_packets/images/SalatStealer/347/dump_largest_session.png,dataset_rgb_stack_combined/images/SalatStealer/SalatStealer__347__sess-dump_largest_session_rgb_stack.png,rgb_stack,128,128,128,1
SalatStealer::348,dump_largest_session,SalatStealer,dataset_api_call_sequences/SalatStealer/SalatStealer_348_APIxTIME_16x16.png,dataset_network_packets/images/SalatStealer/348/dump_largest_session.png,dataset_rgb_stack_combined/images/SalatStealer/SalatStealer__348__sess-dump_largest_session_rgb_stack.png,rgb_stack,128,128,128,1
SalatStealer::349,dump_largest_session,SalatStealer,dataset_api_call_sequences/SalatStealer/SalatStealer_349_APIxTIME_16x16.png,dataset_network_packets/images/SalatStealer/349/dump_largest_session.png,dataset_rgb_stack_combined/images/SalatStealer/SalatStealer__349__sess-dump_largest_session_rgb_stack.png,rgb_stack,128,128,128,1
SalatStealer::350,dump_largest_session,SalatStealer,dataset_api_call_sequences/SalatStealer/SalatStealer_350_APIxTIME_16x16.png,dataset_network_packets/images/SalatStealer/350/dump_largest_session.png,dataset_rgb_stack_combined/images/SalatStealer/SalatStealer__350__sess-dump_largest_session_rgb_stack.png,rgb_stack,128,128,128,1
SalatStealer::351,dump_largest_session,SalatStealer,dataset_api_call_sequences/SalatStealer/SalatStealer_351_APIxTIME_16x16.png,dataset_network_packets/images/SalatStealer/351/dump_largest_session.png,dataset_rgb_stack_combined/images/SalatStealer/SalatStealer__351__sess-dump_largest_session_rgb_stack.png,rgb_stack,128,128,128,1
SalatStealer::352,dump_largest_session,SalatStealer,dataset_api_call_sequences/SalatStealer/SalatStealer_352_APIxTIME_16x16.png,dataset_network_packets/images/SalatStealer/352/dump_largest_session.png,dataset_rgb_stack_combined/images/SalatStealer/SalatStealer__352__sess-dump_largest_session_rgb_stack.png,rgb_stack,128,128,128,1
SalatStealer::353,dump_largest_session,SalatStealer,dataset_api_call_sequences/SalatStealer/SalatStealer_353_APIxTIME_16x16.png,dataset_network_packets/images/SalatStealer/353/dump_largest_session.png,dataset_rgb_stack_combined/images/SalatStealer/SalatStealer__353__sess-dump_largest_session_rgb_stack.png,rgb_stack,128,128,128,1
SalatStealer::354,dump_largest_session,SalatStealer,dataset_api_call_sequences/SalatStealer/SalatStealer_354_APIxTIME_16x16.png,dataset_network_packets/images/SalatStealer/354/dump_largest_session.png,dataset_rgb_stack_combined/images/SalatStealer/SalatStealer__354__sess-dump_largest_session_rgb_stack.png,rgb_stack,128,128,128,1
SalatStealer::355,dump_largest_session,SalatStealer,dataset_api_call_sequences/SalatStealer/SalatStealer_355_APIxTIME_16x16.png,dataset_network_packets/images/SalatStealer/355/dump_largest_session.png,dataset_rgb_stack_combined/images/SalatStealer/SalatStealer__355__sess-dump_largest_session_rgb_stack.png,rgb_stack,128,128,128,1
SalatStealer::356,dump_largest_session,SalatStealer,dataset_api_call_sequences/SalatStealer/SalatStealer_356_APIxTIME_16x16.png,dataset_network_packets/images/SalatStealer/356/dump_largest_session.png,dataset_rgb_stack_combined/images/SalatStealer/SalatStealer__356__sess-dump_largest_session_rgb_stack.png,rgb_stack,128,128,128,1
SalatStealer::357,dump_largest_session,SalatStealer,dataset_api_call_sequences/SalatStealer/SalatStealer_357_APIxTIME_16x16.png,dataset_network_packets/images/SalatStealer/357/dump_largest_session.png,dataset_rgb_stack_combined/images/SalatStealer/SalatStealer__357__sess-dump_largest_session_rgb_stack.png,rgb_stack,128,128,128,1
SalatStealer::359,dump_largest_session,SalatStealer,dataset_api_call_sequences/SalatStealer/SalatStealer_359_APIxTIME_16x16.png,dataset_network_packets/images/SalatStealer/359/dump_largest_session.png,dataset_rgb_stack_combined/images/SalatStealer/SalatStealer__359__sess-dump_largest_session_rgb_stack.png,rgb_stack,128,128,128,1
SalatStealer::360,dump_largest_session,SalatStealer,dataset_api_call_sequences/SalatStealer/SalatStealer_360_APIxTIME_16x16.png,dataset_network_packets/images/SalatStealer/360/dump_largest_session.png,dataset_rgb_stack_combined/images/SalatStealer/SalatStealer__360__sess-dump_largest_session_rgb_stack.png,rgb_stack,128,128,128,1
SalatStealer::361,dump_largest_session,SalatStealer,dataset_api_call_sequences/SalatStealer/SalatStealer_361_APIxTIME_16x16.png,dataset_network_packets/images/SalatStealer/361/dump_largest_session.png,dataset_rgb_stack_combined/images/SalatStealer/SalatStealer__361__sess-dump_largest_session_rgb_stack.png,rgb_stack,128,128,128,1
SalatStealer::363,dump_largest_session,SalatStealer,dataset_api_call_sequences/SalatStealer/SalatStealer_363_APIxTIME_16x16.png,dataset_network_packets/images/SalatStealer/363/dump_largest_session.png,dataset_rgb_stack_combined/images/SalatStealer/SalatStealer__363__sess-dump_largest_session_rgb_stack.png,rgb_stack,128,128,128,1
SalatStealer::364,dump_largest_session,SalatStealer,dataset_api_call_sequences/SalatStealer/SalatStealer_364_APIxTIME_16x16.png,dataset_network_packets/images/SalatStealer/364/dump_largest_session.png,dataset_rgb_stack_combined/images/SalatStealer/SalatStealer__364__sess-dump_largest_session_rgb_stack.png,rgb_stack,128,128,128,1
SalatStealer::367,dump_largest_session,SalatStealer,dataset_api_call_sequences/SalatStealer/SalatStealer_367_APIxTIME_16x16.png,dataset_network_packets/images/SalatStealer/367/dump_largest_session.png,dataset_rgb_stack_combined/images/SalatStealer/SalatStealer__367__sess-dump_largest_session_rgb_stack.png,rgb_stack,128,128,128,1
SalatStealer::384,dump_largest_session,SalatStealer,dataset_api_call_sequences/SalatStealer/SalatStealer_384_APIxTIME_16x16.png,dataset_network_packets/images/SalatStealer/384/dump_largest_session.png,dataset_rgb_stack_combined/images/SalatStealer/SalatStealer__384__sess-dump_largest_session_rgb_stack.png,rgb_stack,128,128,128,1
StealC::152,dump_largest_session,StealC,dataset_api_call_sequences/StealC/StealC_152_APIxTIME_16x16.png,dataset_network_packets/images/StealC/152/dump_largest_session.png,dataset_rgb_stack_combined/images/StealC/StealC__152__sess-dump_largest_session_rgb_stack.png,rgb_stack,128,128,128,1
StealC::153,dump_largest_session,StealC,dataset_api_call_sequences/StealC/StealC_153_APIxTIME_16x16.png,dataset_network_packets/images/StealC/153/dump_largest_session.png,dataset_rgb_stack_combined/images/StealC/StealC__153__sess-dump_largest_session_rgb_stack.png,rgb_stack,128,128,128,1
StealC::154,dump_largest_session,StealC,dataset_api_call_sequences/StealC/StealC_154_APIxTIME_16x16.png,dataset_network_packets/images/StealC/154/dump_largest_session.png,dataset_rgb_stack_combined/images/StealC/StealC__154__sess-dump_largest_session_rgb_stack.png,rgb_stack,128,128,128,1
StealC::155,dump_largest_session,StealC,dataset_api_call_sequences/StealC/StealC_155_APIxTIME_16x16.png,dataset_network_packets/images/StealC/155/dump_largest_session.png,dataset_rgb_stack_combined/images/StealC/StealC__155__sess-dump_largest_session_rgb_stack.png,rgb_stack,128,128,128,1
StealC::157,dump_largest_session,StealC,dataset_api_call_sequences/StealC/StealC_157_APIxTIME_16x16.png,dataset_network_packets/images/StealC/157/dump_largest_session.png,dataset_rgb_stack_combined/images/StealC/StealC__157__sess-dump_largest_session_rgb_stack.png,rgb_stack,128,128,128,1
StealC::158,dump_largest_session,StealC,dataset_api_call_sequences/StealC/StealC_158_APIxTIME_16x16.png,dataset_network_packets/images/StealC/158/dump_largest_session.png,dataset_rgb_stack_combined/images/StealC/StealC__158__sess-dump_largest_session_rgb_stack.png,rgb_stack,128,128,128,1
StealC::159,dump_largest_session,StealC,dataset_api_call_sequences/StealC/StealC_159_APIxTIME_16x16.png,dataset_network_packets/images/StealC/159/dump_largest_session.png,dataset_rgb_stack_combined/images/StealC/StealC__159__sess-dump_largest_session_rgb_stack.png,rgb_stack,128,128,128,1
StealC::160,dump_largest_session,StealC,dataset_api_call_sequences/StealC/StealC_160_APIxTIME_16x16.png,dataset_network_packets/images/StealC/160/dump_largest_session.png,dataset_rgb_stack_combined/images/StealC/StealC__160__sess-dump_largest_session_rgb_stack.png,rgb_stack,128,128,128,1
StealC::161,dump_largest_session,StealC,dataset_api_call_sequences/StealC/StealC_161_APIxTIME_16x16.png,dataset_network_packets/images/StealC/161/dump_largest_session.png,dataset_rgb_stack_combined/images/StealC/StealC__161__sess-dump_largest_session_rgb_stack.png,rgb_stack,128,128,128,1
StealC::162,dump_largest_session,StealC,dataset_api_call_sequences/StealC/StealC_162_APIxTIME_16x16.png,dataset_network_packets/images/StealC/162/dump_largest_session.png,dataset_rgb_stack_combined/images/StealC/StealC__162__sess-dump_largest_session_rgb_stack.png,rgb_stack,128,128,128,1
StealC::163,dump_largest_session,StealC,dataset_api_call_sequences/StealC/StealC_163_APIxTIME_16x16.png,dataset_network_packets/images/StealC/163/dump_largest_session.png,dataset_rgb_stack_combined/images/StealC/StealC__163__sess-dump_largest_session_rgb_stack.png,rgb_stack,128,128,128,1
StealC::164,dump_largest_session,StealC,dataset_api_call_sequences/StealC/StealC_164_APIxTIME_16x16.png,dataset_network_packets/images/StealC/164/dump_largest_session.png,dataset_rgb_stack_combined/images/StealC/StealC__164__sess-dump_largest_session_rgb_stack.png,rgb_stack,128,128,128,1
StealC::165,dump_largest_session,StealC,dataset_api_call_sequences/StealC/StealC_165_APIxTIME_16x16.png,dataset_network_packets/images/StealC/165/dump_largest_session.png,dataset_rgb_stack_combined/images/StealC/StealC__165__sess-dump_largest_session_rgb_stack.png,rgb_stack,128,128,128,1
StealC::166,dump_largest_session,StealC,dataset_api_call_sequences/StealC/StealC_166_APIxTIME_16x16.png,dataset_network_packets/images/StealC/166/dump_largest_session.png,dataset_rgb_stack_combined/images/StealC/StealC__166__sess-dump_largest_session_rgb_stack.png,rgb_stack,128,128,128,1
StealC::167,dump_largest_session,StealC,dataset_api_call_sequences/StealC/StealC_167_APIxTIME_16x16.png,dataset_network_packets/images/StealC/167/dump_largest_session.png,dataset_rgb_stack_combined/images/StealC/StealC__167__sess-dump_largest_session_rgb_stack.png,rgb_stack,128,128,128,1
StealC::168,dump_largest_session,StealC,dataset_api_call_sequences/StealC/StealC_168_APIxTIME_16x16.png,dataset_network_packets/images/StealC/168/dump_largest_session.png,dataset_rgb_stack_combined/images/StealC/StealC__168__sess-dump_largest_session_rgb_stack.png,rgb_stack,128,128,128,1
StealC::169,dump_largest_session,StealC,dataset_api_call_sequences/StealC/StealC_169_APIxTIME_16x16.png,dataset_network_packets/images/StealC/169/dump_largest_session.png,dataset_rgb_stack_combined/images/StealC/StealC__169__sess-dump_largest_session_rgb_stack.png,rgb_stack,128,128,128,1
StealC::170,dump_largest_session,StealC,dataset_api_call_sequences/StealC/StealC_170_APIxTIME_16x16.png,dataset_network_packets/images/StealC/170/dump_largest_session.png,dataset_rgb_stack_combined/images/StealC/StealC__170__sess-dump_largest_session_rgb_stack.png,rgb_stack,128,128,128,1
StealC::171,dump_largest_session,StealC,dataset_api_call_sequences/StealC/StealC_171_APIxTIME_16x16.png,dataset_network_packets/images/StealC/171/dump_largest_session.png,dataset_rgb_stack_combined/images/StealC/StealC__171__sess-dump_largest_session_rgb_stack.png,rgb_stack,128,128,128,1
StealC::172,dump_largest_session,StealC,dataset_api_call_sequences/StealC/StealC_172_APIxTIME_16x16.png,dataset_network_packets/images/StealC/172/dump_largest_session.png,dataset_rgb_stack_combined/images/StealC/StealC__172__sess-dump_largest_session_rgb_stack.png,rgb_stack,128,128,128,1
StealC::176,dump_largest_session,StealC,dataset_api_call_sequences/StealC/StealC_176_APIxTIME_16x16.png,dataset_network_packets/images/StealC/176/dump_largest_session.png,dataset_rgb_stack_combined/images/StealC/StealC__176__sess-dump_largest_session_rgb_stack.png,rgb_stack,128,128,128,1
StealC::177,dump_largest_session,StealC,dataset_api_call_sequences/StealC/StealC_177_APIxTIME_16x16.png,dataset_network_packets/images/StealC/177/dump_largest_session.png,dataset_rgb_stack_combined/images/StealC/StealC__177__sess-dump_largest_session_rgb_stack.png,rgb_stack,128,128,128,1
StealC::178,dump_largest_session,StealC,dataset_api_call_sequences/StealC/StealC_178_APIxTIME_16x16.png,dataset_network_packets/images/StealC/178/dump_largest_session.png,dataset_rgb_stack_combined/images/StealC/StealC__178__sess-dump_largest_session_rgb_stack.png,rgb_stack,128,128,128,1
StealC::179,dump_largest_session,StealC,dataset_api_call_sequences/StealC/StealC_179_APIxTIME_16x16.png,dataset_network_packets/images/StealC/179/dump_largest_session.png,dataset_rgb_stack_combined/images/StealC/StealC__179__sess-dump_largest_session_rgb_stack.png,rgb_stack,128,128,128,1
StealC::180,dump_largest_session,StealC,dataset_api_call_sequences/StealC/StealC_180_APIxTIME_16x16.png,dataset_network_packets/images/StealC/180/dump_largest_session.png,dataset_rgb_stack_combined/images/StealC/StealC__180__sess-dump_largest_session_rgb_stack.png,rgb_stack,128,128,128,1
StealC::181,dump_largest_session,StealC,dataset_api_call_sequences/StealC/StealC_181_APIxTIME_16x16.png,dataset_network_packets/images/StealC/181/dump_largest_session.png,dataset_rgb_stack_combined/images/StealC/StealC__181__sess-dump_largest_session_rgb_stack.png,rgb_stack,128,128,128,1
StealC::182,dump_largest_session,StealC,dataset_api_call_sequences/StealC/StealC_182_APIxTIME_16x16.png,dataset_network_packets/images/StealC/182/dump_largest_session.png,dataset_rgb_stack_combined/images/StealC/StealC__182__sess-dump_largest_session_rgb_stack.png,rgb_stack,128,128,128,1
StealC::183,dump_largest_session,StealC,dataset_api_call_sequences/StealC/StealC_183_APIxTIME_16x16.png,dataset_network_packets/images/StealC/183/dump_largest_session.png,dataset_rgb_stack_combined/images/StealC/StealC__183__sess-dump_largest_session_rgb_stack.png,rgb_stack,128,128,128,1
StealC::184,dump_largest_session,StealC,dataset_api_call_sequences/StealC/StealC_184_APIxTIME_16x16.png,dataset_network_packets/images/StealC/184/dump_largest_session.png,dataset_rgb_stack_combined/images/StealC/StealC__184__sess-dump_largest_session_rgb_stack.png,rgb_stack,128,128,128,1
StealC::185,dump_largest_session,StealC,dataset_api_call_sequences/StealC/StealC_185_APIxTIME_16x16.png,dataset_network_packets/images/StealC/185/dump_largest_session.png,dataset_rgb_stack_combined/images/StealC/StealC__185__sess-dump_largest_session_rgb_stack.png,rgb_stack,128,128,128,1
StealC::186,dump_largest_session,StealC,dataset_api_call_sequences/StealC/StealC_186_APIxTIME_16x16.png,dataset_network_packets/images/StealC/186/dump_largest_session.png,dataset_rgb_stack_combined/images/StealC/StealC__186__sess-dump_largest_session_rgb_stack.png,rgb_stack,128,128,128,1
StealC::187,dump_largest_session,StealC,dataset_api_call_sequences/StealC/StealC_187_APIxTIME_16x16.png,dataset_network_packets/images/StealC/187/dump_largest_session.png,dataset_rgb_stack_combined/images/StealC/StealC__187__sess-dump_largest_session_rgb_stack.png,rgb_stack,128,128,128,1
StealC::188,dump_largest_session,StealC,dataset_api_call_sequences/StealC/StealC_188_APIxTIME_16x16.png,dataset_network_packets/images/StealC/188/dump_largest_session.png,dataset_rgb_stack_combined/images/StealC/StealC__188__sess-dump_largest_session_rgb_stack.png,rgb_stack,128,128,128,1
StealC::189,dump_largest_session,StealC,dataset_api_call_sequences/StealC/StealC_189_APIxTIME_16x16.png,dataset_network_packets/images/StealC/189/dump_largest_session.png,dataset_rgb_stack_combined/images/StealC/StealC__189__sess-dump_largest_session_rgb_stack.png,rgb_stack,128,128,128,1
StealC::190,dump_largest_session,StealC,dataset_api_call_sequences/StealC/StealC_190_APIxTIME_16x16.png,dataset_network_packets/images/StealC/190/dump_largest_session.png,dataset_rgb_stack_combined/images/StealC/StealC__190__sess-dump_largest_session_rgb_stack.png,rgb_stack,128,128,128,1
StealC::191,dump_largest_session,StealC,dataset_api_call_sequences/StealC/StealC_191_APIxTIME_16x16.png,dataset_network_packets/images/StealC/191/dump_largest_session.png,dataset_rgb_stack_combined/images/StealC/StealC__191__sess-dump_largest_session_rgb_stack.png,rgb_stack,128,128,128,1
StealC::192,dump_largest_session,StealC,dataset_api_call_sequences/StealC/StealC_192_APIxTIME_16x16.png,dataset_network_packets/images/StealC/192/dump_largest_session.png,dataset_rgb_stack_combined/images/StealC/StealC__192__sess-dump_largest_session_rgb_stack.png,rgb_stack,128,128,128,1
StealC::193,dump_largest_session,StealC,dataset_api_call_sequences/StealC/StealC_193_APIxTIME_16x16.png,dataset_network_packets/images/StealC/193/dump_largest_session.png,dataset_rgb_stack_combined/images/StealC/StealC__193__sess-dump_largest_session_rgb_stack.png,rgb_stack,128,128,128,1
StealC::194,dump_largest_session,StealC,dataset_api_call_sequences/StealC/StealC_194_APIxTIME_16x16.png,dataset_network_packets/images/StealC/194/dump_largest_session.png,dataset_rgb_stack_combined/images/StealC/StealC__194__sess-dump_largest_session_rgb_stack.png,rgb_stack,128,128,128,1
StealC::195,dump_largest_session,StealC,dataset_api_call_sequences/StealC/StealC_195_APIxTIME_16x16.png,dataset_network_packets/images/StealC/195/dump_largest_session.png,dataset_rgb_stack_combined/images/StealC/StealC__195__sess-dump_largest_session_rgb_stack.png,rgb_stack,128,128,128,1
StealC::196,dump_largest_session,StealC,dataset_api_call_sequences/StealC/StealC_196_APIxTIME_16x16.png,dataset_network_packets/images/StealC/196/dump_largest_session.png,dataset_rgb_stack_combined/images/StealC/StealC__196__sess-dump_largest_session_rgb_stack.png,rgb_stack,128,128,128,1
StealC::197,dump_largest_session,StealC,dataset_api_call_sequences/StealC/StealC_197_APIxTIME_16x16.png,dataset_network_packets/images/StealC/197/dump_largest_session.png,dataset_rgb_stack_combined/images/StealC/StealC__197__sess-dump_largest_session_rgb_stack.png,rgb_stack,128,128,128,1
StealC::198,dump_largest_session,StealC,dataset_api_call_sequences/StealC/StealC_198_APIxTIME_16x16.png,dataset_network_packets/images/StealC/198/dump_largest_session.png,dataset_rgb_stack_combined/images/StealC/StealC__198__sess-dump_largest_session_rgb_stack.png,rgb_stack,128,128,128,1
StealC::199,dump_largest_session,StealC,dataset_api_call_sequences/StealC/StealC_199_APIxTIME_16x16.png,dataset_network_packets/images/StealC/199/dump_largest_session.png,dataset_rgb_stack_combined/images/StealC/StealC__199__sess-dump_largest_session_rgb_stack.png,rgb_stack,128,128,128,1
StealC::200,dump_largest_session,StealC,dataset_api_call_sequences/StealC/StealC_200_APIxTIME_16x16.png,dataset_network_packets/images/StealC/200/dump_largest_session.png,dataset_rgb_stack_combined/images/StealC/StealC__200__sess-dump_largest_session_rgb_stack.png,rgb_stack,128,128,128,1
StealC::201,dump_largest_session,StealC,dataset_api_call_sequences/StealC/StealC_201_APIxTIME_16x16.png,dataset_network_packets/images/StealC/201/dump_largest_session.png,dataset_rgb_stack_combined/images/StealC/StealC__201__sess-dump_largest_session_rgb_stack.png,rgb_stack,128,128,128,1
StealC::204,dump_largest_session,StealC,dataset_api_call_sequences/StealC/StealC_204_APIxTIME_16x16.png,dataset_network_packets/images/StealC/204/dump_largest_session.png,dataset_rgb_stack_combined/images/StealC/StealC__204__sess-dump_largest_session_rgb_stack.png,rgb_stack,128,128,128,1
StealC::205,dump_largest_session,StealC,dataset_api_call_sequences/StealC/StealC_205_APIxTIME_16x16.png,dataset_network_packets/images/StealC/205/dump_largest_session.png,dataset_rgb_stack_combined/images/StealC/StealC__205__sess-dump_largest_session_rgb_stack.png,rgb_stack,128,128,128,1
StealC::206,dump_largest_session,StealC,dataset_api_call_sequences/StealC/StealC_206_APIxTIME_16x16.png,dataset_network_packets/images/StealC/206/dump_largest_session.png,dataset_rgb_stack_combined/images/StealC/StealC__206__sess-dump_largest_session_rgb_stack.png,rgb_stack,128,128,128,1
StealC::207,dump_largest_session,StealC,dataset_api_call_sequences/StealC/StealC_207_APIxTIME_16x16.png,dataset_network_packets/images/StealC/207/dump_largest_session.png,dataset_rgb_stack_combined/images/StealC/StealC__207__sess-dump_largest_session_rgb_stack.png,rgb_stack,128,128,128,1
StealC::208,dump_largest_session,StealC,dataset_api_call_sequences/StealC/StealC_208_APIxTIME_16x16.png,dataset_network_packets/images/StealC/208/dump_largest_session.png,dataset_rgb_stack_combined/images/StealC/StealC__208__sess-dump_largest_session_rgb_stack.png,rgb_stack,128,128,128,1
StealC::209,dump_largest_session,StealC,dataset_api_call_sequences/StealC/StealC_209_APIxTIME_16x16.png,dataset_network_packets/images/StealC/209/dump_largest_session.png,dataset_rgb_stack_combined/images/StealC/StealC__209__sess-dump_largest_session_rgb_stack.png,rgb_stack,128,128,128,1
StealC::210,dump_largest_session,StealC,dataset_api_call_sequences/StealC/StealC_210_APIxTIME_16x16.png,dataset_network_packets/images/StealC/210/dump_largest_session.png,dataset_rgb_stack_combined/images/StealC/StealC__210__sess-dump_largest_session_rgb_stack.png,rgb_stack,128,128,128,1
StealC::213,dump_largest_session,StealC,dataset_api_call_sequences/StealC/StealC_213_APIxTIME_16x16.png,dataset_network_packets/images/StealC/213/dump_largest_session.png,dataset_rgb_stack_combined/images/StealC/StealC__213__sess-dump_largest_session_rgb_stack.png,rgb_stack,128,128,128,1
StealC::214,dump_largest_session,StealC,dataset_api_call_sequences/StealC/StealC_214_APIxTIME_16x16.png,dataset_network_packets/images/StealC/214/dump_largest_session.png,dataset_rgb_stack_combined/images/StealC/StealC__214__sess-dump_largest_session_rgb_stack.png,rgb_stack,128,128,128,1
StealC::215,dump_largest_session,StealC,dataset_api_call_sequences/StealC/StealC_215_APIxTIME_16x16.png,dataset_network_packets/images/StealC/215/dump_largest_session.png,dataset_rgb_stack_combined/images/StealC/StealC__215__sess-dump_largest_session_rgb_stack.png,rgb_stack,128,128,128,1
StealC::216,dump_largest_session,StealC,dataset_api_call_sequences/StealC/StealC_216_APIxTIME_16x16.png,dataset_network_packets/images/StealC/216/dump_largest_session.png,dataset_rgb_stack_combined/images/StealC/StealC__216__sess-dump_largest_session_rgb_stack.png,rgb_stack,128,128,128,1
StealC::217,dump_largest_session,StealC,dataset_api_call_sequences/StealC/StealC_217_APIxTIME_16x16.png,dataset_network_packets/images/StealC/217/dump_largest_session.png,dataset_rgb_stack_combined/images/StealC/StealC__217__sess-dump_largest_session_rgb_stack.png,rgb_stack,128,128,128,1
StealC::218,dump_largest_session,StealC,dataset_api_call_sequences/StealC/StealC_218_APIxTIME_16x16.png,dataset_network_packets/images/StealC/218/dump_largest_session.png,dataset_rgb_stack_combined/images/StealC/StealC__218__sess-dump_largest_session_rgb_stack.png,rgb_stack,128,128,128,1
StealC::219,dump_largest_session,StealC,dataset_api_call_sequences/StealC/StealC_219_APIxTIME_16x16.png,dataset_network_packets/images/StealC/219/dump_largest_session.png,dataset_rgb_stack_combined/images/StealC/StealC__219__sess-dump_largest_session_rgb_stack.png,rgb_stack,128,128,128,1
StealC::220,dump_largest_session,StealC,dataset_api_call_sequences/StealC/StealC_220_APIxTIME_16x16.png,dataset_network_packets/images/StealC/220/dump_largest_session.png,dataset_rgb_stack_combined/images/StealC/StealC__220__sess-dump_largest_session_rgb_stack.png,rgb_stack,128,128,128,1
StealC::221,dump_largest_session,StealC,dataset_api_call_sequences/StealC/StealC_221_APIxTIME_16x16.png,dataset_network_packets/images/StealC/221/dump_largest_session.png,dataset_rgb_stack_combined/images/StealC/StealC__221__sess-dump_largest_session_rgb_stack.png,rgb_stack,128,128,128,1
StealC::223,dump_largest_session,StealC,dataset_api_call_sequences/StealC/StealC_223_APIxTIME_16x16.png,dataset_network_packets/images/StealC/223/dump_largest_session.png,dataset_rgb_stack_combined/images/StealC/StealC__223__sess-dump_largest_session_rgb_stack.png,rgb_stack,128,128,128,1
StealC::224,dump_largest_session,StealC,dataset_api_call_sequences/StealC/StealC_224_APIxTIME_16x16.png,dataset_network_packets/images/StealC/224/dump_largest_session.png,dataset_rgb_stack_combined/images/StealC/StealC__224__sess-dump_largest_session_rgb_stack.png,rgb_stack,128,128,128,1
StealC::225,dump_largest_session,StealC,dataset_api_call_sequences/StealC/StealC_225_APIxTIME_16x16.png,dataset_network_packets/images/StealC/225/dump_largest_session.png,dataset_rgb_stack_combined/images/StealC/StealC__225__sess-dump_largest_session_rgb_stack.png,rgb_stack,128,128,128,1
StealC::226,dump_largest_session,StealC,dataset_api_call_sequences/StealC/StealC_226_APIxTIME_16x16.png,dataset_network_packets/images/StealC/226/dump_largest_session.png,dataset_rgb_stack_combined/images/StealC/StealC__226__sess-dump_largest_session_rgb_stack.png,rgb_stack,128,128,128,1
StealC::227,dump_largest_session,StealC,dataset_api_call_sequences/StealC/StealC_227_APIxTIME_16x16.png,dataset_network_packets/images/StealC/227/dump_largest_session.png,dataset_rgb_stack_combined/images/StealC/StealC__227__sess-dump_largest_session_rgb_stack.png,rgb_stack,128,128,128,1
StealC::228,dump_largest_session,StealC,dataset_api_call_sequences/StealC/StealC_228_APIxTIME_16x16.png,dataset_network_packets/images/StealC/228/dump_largest_session.png,dataset_rgb_stack_combined/images/StealC/StealC__228__sess-dump_largest_session_rgb_stack.png,rgb_stack,128,128,128,1
StealC::229,dump_largest_session,StealC,dataset_api_call_sequences/StealC/StealC_229_APIxTIME_16x16.png,dataset_network_packets/images/StealC/229/dump_largest_session.png,dataset_rgb_stack_combined/images/StealC/StealC__229__sess-dump_largest_session_rgb_stack.png,rgb_stack,128,128,128,1
StealC::230,dump_largest_session,StealC,dataset_api_call_sequences/StealC/StealC_230_APIxTIME_16x16.png,dataset_network_packets/images/StealC/230/dump_largest_session.png,dataset_rgb_stack_combined/images/StealC/StealC__230__sess-dump_largest_session_rgb_stack.png,rgb_stack,128,128,128,1
StealC::231,dump_largest_session,StealC,dataset_api_call_sequences/StealC/StealC_231_APIxTIME_16x16.png,dataset_network_packets/images/StealC/231/dump_largest_session.png,dataset_rgb_stack_combined/images/StealC/StealC__231__sess-dump_largest_session_rgb_stack.png,rgb_stack,128,128,128,1
StealC::232,dump_largest_session,StealC,dataset_api_call_sequences/StealC/StealC_232_APIxTIME_16x16.png,dataset_network_packets/images/StealC/232/dump_largest_session.png,dataset_rgb_stack_combined/images/StealC/StealC__232__sess-dump_largest_session_rgb_stack.png,rgb_stack,128,128,128,1
StealC::233,dump_largest_session,StealC,dataset_api_call_sequences/StealC/StealC_233_APIxTIME_16x16.png,dataset_network_packets/images/StealC/233/dump_largest_session.png,dataset_rgb_stack_combined/images/StealC/StealC__233__sess-dump_largest_session_rgb_stack.png,rgb_stack,128,128,128,1
StealC::234,dump_largest_session,StealC,dataset_api_call_sequences/StealC/StealC_234_APIxTIME_16x16.png,dataset_network_packets/images/StealC/234/dump_largest_session.png,dataset_rgb_stack_combined/images/StealC/StealC__234__sess-dump_largest_session_rgb_stack.png,rgb_stack,128,128,128,1
StealC::237,dump_largest_session,StealC,dataset_api_call_sequences/StealC/StealC_237_APIxTIME_16x16.png,dataset_network_packets/images/StealC/237/dump_largest_session.png,dataset_rgb_stack_combined/images/StealC/StealC__237__sess-dump_largest_session_rgb_stack.png,rgb_stack,128,128,128,1
StealC::238,dump_largest_session,StealC,dataset_api_call_sequences/StealC/StealC_238_APIxTIME_16x16.png,dataset_network_packets/images/StealC/238/dump_largest_session.png,dataset_rgb_stack_combined/images/StealC/StealC__238__sess-dump_largest_session_rgb_stack.png,rgb_stack,128,128,128,1
StealC::239,dump_largest_session,StealC,dataset_api_call_sequences/StealC/StealC_239_APIxTIME_16x16.png,dataset_network_packets/images/StealC/239/dump_largest_session.png,dataset_rgb_stack_combined/images/StealC/StealC__239__sess-dump_largest_session_rgb_stack.png,rgb_stack,128,128,128,1
StealC::240,dump_largest_session,StealC,dataset_api_call_sequences/StealC/StealC_240_APIxTIME_16x16.png,dataset_network_packets/images/StealC/240/dump_largest_session.png,dataset_rgb_stack_combined/images/StealC/StealC__240__sess-dump_largest_session_rgb_stack.png,rgb_stack,128,128,128,1
StealC::241,dump_largest_session,StealC,dataset_api_call_sequences/StealC/StealC_241_APIxTIME_16x16.png,dataset_network_packets/images/StealC/241/dump_largest_session.png,dataset_rgb_stack_combined/images/StealC/StealC__241__sess-dump_largest_session_rgb_stack.png,rgb_stack,128,128,128,1
StealC::242,dump_largest_session,StealC,dataset_api_call_sequences/StealC/StealC_242_APIxTIME_16x16.png,dataset_network_packets/images/StealC/242/dump_largest_session.png,dataset_rgb_stack_combined/images/StealC/StealC__242__sess-dump_largest_session_rgb_stack.png,rgb_stack,128,128,128,1
StealC::243,dump_largest_session,StealC,dataset_api_call_sequences/StealC/StealC_243_APIxTIME_16x16.png,dataset_network_packets/images/StealC/243/dump_largest_session.png,dataset_rgb_stack_combined/images/StealC/StealC__243__sess-dump_largest_session_rgb_stack.png,rgb_stack,128,128,128,1
StealC::244,dump_largest_session,StealC,dataset_api_call_sequences/StealC/StealC_244_APIxTIME_16x16.png,dataset_network_packets/images/StealC/244/dump_largest_session.png,dataset_rgb_stack_combined/images/StealC/StealC__244__sess-dump_largest_session_rgb_stack.png,rgb_stack,128,128,128,1
StealC::245,dump_largest_session,StealC,dataset_api_call_sequences/StealC/StealC_245_APIxTIME_16x16.png,dataset_network_packets/images/StealC/245/dump_largest_session.png,dataset_rgb_stack_combined/images/StealC/StealC__245__sess-dump_largest_session_rgb_stack.png,rgb_stack,128,128,128,1
StealC::246,dump_largest_session,StealC,dataset_api_call_sequences/StealC/StealC_246_APIxTIME_16x16.png,dataset_network_packets/images/StealC/246/dump_largest_session.png,dataset_rgb_stack_combined/images/StealC/StealC__246__sess-dump_largest_session_rgb_stack.png,rgb_stack,128,128,128,1
StealC::247,dump_largest_session,StealC,dataset_api_call_sequences/StealC/StealC_247_APIxTIME_16x16.png,dataset_network_packets/images/StealC/247/dump_largest_session.png,dataset_rgb_stack_combined/images/StealC/StealC__247__sess-dump_largest_session_rgb_stack.png,rgb_stack,128,128,128,1
StealC::248,dump_largest_session,StealC,dataset_api_call_sequences/StealC/StealC_248_APIxTIME_16x16.png,dataset_network_packets/images/StealC/248/dump_largest_session.png,dataset_rgb_stack_combined/images/StealC/StealC__248__sess-dump_largest_session_rgb_stack.png,rgb_stack,128,128,128,1
StealC::249,dump_largest_session,StealC,dataset_api_call_sequences/StealC/StealC_249_APIxTIME_16x16.png,dataset_network_packets/images/StealC/249/dump_largest_session.png,dataset_rgb_stack_combined/images/StealC/StealC__249__sess-dump_largest_session_rgb_stack.png,rgb_stack,128,128,128,1
StealC::250,dump_largest_session,StealC,dataset_api_call_sequences/StealC/StealC_250_APIxTIME_16x16.png,dataset_network_packets/images/StealC/250/dump_largest_session.png,dataset_rgb_stack_combined/images/StealC/StealC__250__sess-dump_largest_session_rgb_stack.png,rgb_stack,128,128,128,1
StealC::251,dump_largest_session,StealC,dataset_api_call_sequences/StealC/StealC_251_APIxTIME_16x16.png,dataset_network_packets/images/StealC/251/dump_largest_session.png,dataset_rgb_stack_combined/images/StealC/StealC__251__sess-dump_largest_session_rgb_stack.png,rgb_stack,128,128,128,1
StealC::252,dump_largest_session,StealC,dataset_api_call_sequences/StealC/StealC_252_APIxTIME_16x16.png,dataset_network_packets/images/StealC/252/dump_largest_session.png,dataset_rgb_stack_combined/images/StealC/StealC__252__sess-dump_largest_session_rgb_stack.png,rgb_stack,128,128,128,1
StealC::253,dump_largest_session,StealC,dataset_api_call_sequences/StealC/StealC_253_APIxTIME_16x16.png,dataset_network_packets/images/StealC/253/dump_largest_session.png,dataset_rgb_stack_combined/images/StealC/StealC__253__sess-dump_largest_session_rgb_stack.png,rgb_stack,128,128,128,1
StealC::255,dump_largest_session,StealC,dataset_api_call_sequences/StealC/StealC_255_APIxTIME_16x16.png,dataset_network_packets/images/StealC/255/dump_largest_session.png,dataset_rgb_stack_combined/images/StealC/StealC__255__sess-dump_largest_session_rgb_stack.png,rgb_stack,128,128,128,1
StealC::256,dump_largest_session,StealC,dataset_api_call_sequences/StealC/StealC_256_APIxTIME_16x16.png,dataset_network_packets/images/StealC/256/dump_largest_session.png,dataset_rgb_stack_combined/images/StealC/StealC__256__sess-dump_largest_session_rgb_stack.png,rgb_stack,128,128,128,1
StealC::257,dump_largest_session,StealC,dataset_api_call_sequences/StealC/StealC_257_APIxTIME_16x16.png,dataset_network_packets/images/StealC/257/dump_largest_session.png,dataset_rgb_stack_combined/images/StealC/StealC__257__sess-dump_largest_session_rgb_stack.png,rgb_stack,128,128,128,1
StealC::258,dump_largest_session,StealC,dataset_api_call_sequences/StealC/StealC_258_APIxTIME_16x16.png,dataset_network_packets/images/StealC/258/dump_largest_session.png,dataset_rgb_stack_combined/images/StealC/StealC__258__sess-dump_largest_session_rgb_stack.png,rgb_stack,128,128,128,1
StealC::259,dump_largest_session,StealC,dataset_api_call_sequences/StealC/StealC_259_APIxTIME_16x16.png,dataset_network_packets/images/StealC/259/dump_largest_session.png,dataset_rgb_stack_combined/images/StealC/StealC__259__sess-dump_largest_session_rgb_stack.png,rgb_stack,128,128,128,1
StealC::260,dump_largest_session,StealC,dataset_api_call_sequences/StealC/StealC_260_APIxTIME_16x16.png,dataset_network_packets/images/StealC/260/dump_largest_session.png,dataset_rgb_stack_combined/images/StealC/StealC__260__sess-dump_largest_session_rgb_stack.png,rgb_stack,128,128,128,1
StealC::261,dump_largest_session,StealC,dataset_api_call_sequences/StealC/StealC_261_APIxTIME_16x16.png,dataset_network_packets/images/StealC/261/dump_largest_session.png,dataset_rgb_stack_combined/images/StealC/StealC__261__sess-dump_largest_session_rgb_stack.png,rgb_stack,128,128,128,1
StealC::262,dump_largest_session,StealC,dataset_api_call_sequences/StealC/StealC_262_APIxTIME_16x16.png,dataset_network_packets/images/StealC/262/dump_largest_session.png,dataset_rgb_stack_combined/images/StealC/StealC__262__sess-dump_largest_session_rgb_stack.png,rgb_stack,128,128,128,1
StealC::383,dump_largest_session,StealC,dataset_api_call_sequences/StealC/StealC_383_APIxTIME_16x16.png,dataset_network_packets/images/StealC/383/dump_largest_session.png,dataset_rgb_stack_combined/images/StealC/StealC__383__sess-dump_largest_session_rgb_stack.png,rgb_stack,128,128,128,1
Vidar::1,dump_largest_session,Vidar,dataset_api_call_sequences/Vidar/Vidar_1_APIxTIME_16x16.png,dataset_network_packets/images/Vidar/1/dump_largest_session.png,dataset_rgb_stack_combined/images/Vidar/Vidar__1__sess-dump_largest_session_rgb_stack.png,rgb_stack,128,128,128,1
Vidar::10,dump_largest_session,Vidar,dataset_api_call_sequences/Vidar/Vidar_10_APIxTIME_16x16.png,dataset_network_packets/images/Vidar/10/dump_largest_session.png,dataset_rgb_stack_combined/images/Vidar/Vidar__10__sess-dump_largest_session_rgb_stack.png,rgb_stack,128,128,128,1
Vidar::100,dump_largest_session,Vidar,dataset_api_call_sequences/Vidar/Vidar_100_APIxTIME_16x16.png,dataset_network_packets/images/Vidar/100/dump_largest_session.png,dataset_rgb_stack_combined/images/Vidar/Vidar__100__sess-dump_largest_session_rgb_stack.png,rgb_stack,128,128,128,1
Vidar::101,dump_largest_session,Vidar,dataset_api_call_sequences/Vidar/Vidar_101_APIxTIME_16x16.png,dataset_network_packets/images/Vidar/101/dump_largest_session.png,dataset_rgb_stack_combined/images/Vidar/Vidar__101__sess-dump_largest_session_rgb_stack.png,rgb_stack,128,128,128,1
Vidar::102,dump_largest_session,Vidar,dataset_api_call_sequences/Vidar/Vidar_102_APIxTIME_16x16.png,dataset_network_packets/images/Vidar/102/dump_largest_session.png,dataset_rgb_stack_combined/images/Vidar/Vidar__102__sess-dump_largest_session_rgb_stack.png,rgb_stack,128,128,128,1
Vidar::104,dump_largest_session,Vidar,dataset_api_call_sequences/Vidar/Vidar_104_APIxTIME_16x16.png,dataset_network_packets/images/Vidar/104/dump_largest_session.png,dataset_rgb_stack_combined/images/Vidar/Vidar__104__sess-dump_largest_session_rgb_stack.png,rgb_stack,128,128,128,1
Vidar::105,dump_largest_session,Vidar,dataset_api_call_sequences/Vidar/Vidar_105_APIxTIME_16x16.png,dataset_network_packets/images/Vidar/105/dump_largest_session.png,dataset_rgb_stack_combined/images/Vidar/Vidar__105__sess-dump_largest_session_rgb_stack.png,rgb_stack,128,128,128,1
Vidar::106,dump_largest_session,Vidar,dataset_api_call_sequences/Vidar/Vidar_106_APIxTIME_16x16.png,dataset_network_packets/images/Vidar/106/dump_largest_session.png,dataset_rgb_stack_combined/images/Vidar/Vidar__106__sess-dump_largest_session_rgb_stack.png,rgb_stack,128,128,128,1
Vidar::11,dump_largest_session,Vidar,dataset_api_call_sequences/Vidar/Vidar_11_APIxTIME_16x16.png,dataset_network_packets/images/Vidar/11/dump_largest_session.png,dataset_rgb_stack_combined/images/Vidar/Vidar__11__sess-dump_largest_session_rgb_stack.png,rgb_stack,128,128,128,1
Vidar::12,dump_largest_session,Vidar,dataset_api_call_sequences/Vidar/Vidar_12_APIxTIME_16x16.png,dataset_network_packets/images/Vidar/12/dump_largest_session.png,dataset_rgb_stack_combined/images/Vidar/Vidar__12__sess-dump_largest_session_rgb_stack.png,rgb_stack,128,128,128,1
Vidar::13,dump_largest_session,Vidar,dataset_api_call_sequences/Vidar/Vidar_13_APIxTIME_16x16.png,dataset_network_packets/images/Vidar/13/dump_largest_session.png,dataset_rgb_stack_combined/images/Vidar/Vidar__13__sess-dump_largest_session_rgb_stack.png,rgb_stack,128,128,128,1
Vidar::15,dump_largest_session,Vidar,dataset_api_call_sequences/Vidar/Vidar_15_APIxTIME_16x16.png,dataset_network_packets/images/Vidar/15/dump_largest_session.png,dataset_rgb_stack_combined/images/Vidar/Vidar__15__sess-dump_largest_session_rgb_stack.png,rgb_stack,128,128,128,1
Vidar::16,dump_largest_session,Vidar,dataset_api_call_sequences/Vidar/Vidar_16_APIxTIME_16x16.png,dataset_network_packets/images/Vidar/16/dump_largest_session.png,dataset_rgb_stack_combined/images/Vidar/Vidar__16__sess-dump_largest_session_rgb_stack.png,rgb_stack,128,128,128,1
Vidar::17,dump_largest_session,Vidar,dataset_api_call_sequences/Vidar/Vidar_17_APIxTIME_16x16.png,dataset_network_packets/images/Vidar/17/dump_largest_session.png,dataset_rgb_stack_combined/images/Vidar/Vidar__17__sess-dump_largest_session_rgb_stack.png,rgb_stack,128,128,128,1
Vidar::18,dump_largest_session,Vidar,dataset_api_call_sequences/Vidar/Vidar_18_APIxTIME_16x16.png,dataset_network_packets/images/Vidar/18/dump_largest_session.png,dataset_rgb_stack_combined/images/Vidar/Vidar__18__sess-dump_largest_session_rgb_stack.png,rgb_stack,128,128,128,1
Vidar::19,dump_largest_session,Vidar,dataset_api_call_sequences/Vidar/Vidar_19_APIxTIME_16x16.png,dataset_network_packets/images/Vidar/19/dump_largest_session.png,dataset_rgb_stack_combined/images/Vidar/Vidar__19__sess-dump_largest_session_rgb_stack.png,rgb_stack,128,128,128,1
Vidar::2,dump_largest_session,Vidar,dataset_api_call_sequences/Vidar/Vidar_2_APIxTIME_16x16.png,dataset_network_packets/images/Vidar/2/dump_largest_session.png,dataset_rgb_stack_combined/images/Vidar/Vidar__2__sess-dump_largest_session_rgb_stack.png,rgb_stack,128,128,128,1
Vidar::20,dump_largest_session,Vidar,dataset_api_call_sequences/Vidar/Vidar_20_APIxTIME_16x16.png,dataset_network_packets/images/Vidar/20/dump_largest_session.png,dataset_rgb_stack_combined/images/Vidar/Vidar__20__sess-dump_largest_session_rgb_stack.png,rgb_stack,128,128,128,1
Vidar::21,dump_largest_session,Vidar,dataset_api_call_sequences/Vidar/Vidar_21_APIxTIME_16x16.png,dataset_network_packets/images/Vidar/21/dump_largest_session.png,dataset_rgb_stack_combined/images/Vidar/Vidar__21__sess-dump_largest_session_rgb_stack.png,rgb_stack,128,128,128,1
Vidar::22,dump_largest_session,Vidar,dataset_api_call_sequences/Vidar/Vidar_22_APIxTIME_16x16.png,dataset_network_packets/images/Vidar/22/dump_largest_session.png,dataset_rgb_stack_combined/images/Vidar/Vidar__22__sess-dump_largest_session_rgb_stack.png,rgb_stack,128,128,128,1
Vidar::23,dump_largest_session,Vidar,dataset_api_call_sequences/Vidar/Vidar_23_APIxTIME_16x16.png,dataset_network_packets/images/Vidar/23/dump_largest_session.png,dataset_rgb_stack_combined/images/Vidar/Vidar__23__sess-dump_largest_session_rgb_stack.png,rgb_stack,128,128,128,1
Vidar::24,dump_largest_session,Vidar,dataset_api_call_sequences/Vidar/Vidar_24_APIxTIME_16x16.png,dataset_network_packets/images/Vidar/24/dump_largest_session.png,dataset_rgb_stack_combined/images/Vidar/Vidar__24__sess-dump_largest_session_rgb_stack.png,rgb_stack,128,128,128,1
Vidar::25,dump_largest_session,Vidar,dataset_api_call_sequences/Vidar/Vidar_25_APIxTIME_16x16.png,dataset_network_packets/images/Vidar/25/dump_largest_session.png,dataset_rgb_stack_combined/images/Vidar/Vidar__25__sess-dump_largest_session_rgb_stack.png,rgb_stack,128,128,128,1
Vidar::27,dump_largest_session,Vidar,dataset_api_call_sequences/Vidar/Vidar_27_APIxTIME_16x16.png,dataset_network_packets/images/Vidar/27/dump_largest_session.png,dataset_rgb_stack_combined/images/Vidar/Vidar__27__sess-dump_largest_session_rgb_stack.png,rgb_stack,128,128,128,1
Vidar::28,dump_largest_session,Vidar,dataset_api_call_sequences/Vidar/Vidar_28_APIxTIME_16x16.png,dataset_network_packets/images/Vidar/28/dump_largest_session.png,dataset_rgb_stack_combined/images/Vidar/Vidar__28__sess-dump_largest_session_rgb_stack.png,rgb_stack,128,128,128,1
Vidar::29,dump_largest_session,Vidar,dataset_api_call_sequences/Vidar/Vidar_29_APIxTIME_16x16.png,dataset_network_packets/images/Vidar/29/dump_largest_session.png,dataset_rgb_stack_combined/images/Vidar/Vidar__29__sess-dump_largest_session_rgb_stack.png,rgb_stack,128,128,128,1
Vidar::3,dump_largest_session,Vidar,dataset_api_call_sequences/Vidar/Vidar_3_APIxTIME_16x16.png,dataset_network_packets/images/Vidar/3/dump_largest_session.png,dataset_rgb_stack_combined/images/Vidar/Vidar__3__sess-dump_largest_session_rgb_stack.png,rgb_stack,128,128,128,1
Vidar::30,dump_largest_session,Vidar,dataset_api_call_sequences/Vidar/Vidar_30_APIxTIME_16x16.png,dataset_network_packets/images/Vidar/30/dump_largest_session.png,dataset_rgb_stack_combined/images/Vidar/Vidar__30__sess-dump_largest_session_rgb_stack.png,rgb_stack,128,128,128,1
Vidar::31,dump_largest_session,Vidar,dataset_api_call_sequences/Vidar/Vidar_31_APIxTIME_16x16.png,dataset_network_packets/images/Vidar/31/dump_largest_session.png,dataset_rgb_stack_combined/images/Vidar/Vidar__31__sess-dump_largest_session_rgb_stack.png,rgb_stack,128,128,128,1
Vidar::32,dump_largest_session,Vidar,dataset_api_call_sequences/Vidar/Vidar_32_APIxTIME_16x16.png,dataset_network_packets/images/Vidar/32/dump_largest_session.png,dataset_rgb_stack_combined/images/Vidar/Vidar__32__sess-dump_largest_session_rgb_stack.png,rgb_stack,128,128,128,1
Vidar::33,dump_largest_session,Vidar,dataset_api_call_sequences/Vidar/Vidar_33_APIxTIME_16x16.png,dataset_network_packets/images/Vidar/33/dump_largest_session.png,dataset_rgb_stack_combined/images/Vidar/Vidar__33__sess-dump_largest_session_rgb_stack.png,rgb_stack,128,128,128,1
Vidar::34,dump_largest_session,Vidar,dataset_api_call_sequences/Vidar/Vidar_34_APIxTIME_16x16.png,dataset_network_packets/images/Vidar/34/dump_largest_session.png,dataset_rgb_stack_combined/images/Vidar/Vidar__34__sess-dump_largest_session_rgb_stack.png,rgb_stack,128,128,128,1
Vidar::35,dump_largest_session,Vidar,dataset_api_call_sequences/Vidar/Vidar_35_APIxTIME_16x16.png,dataset_network_packets/images/Vidar/35/dump_largest_session.png,dataset_rgb_stack_combined/images/Vidar/Vidar__35__sess-dump_largest_session_rgb_stack.png,rgb_stack,128,128,128,1
Vidar::36,dump_largest_session,Vidar,dataset_api_call_sequences/Vidar/Vidar_36_APIxTIME_16x16.png,dataset_network_packets/images/Vidar/36/dump_largest_session.png,dataset_rgb_stack_combined/images/Vidar/Vidar__36__sess-dump_largest_session_rgb_stack.png,rgb_stack,128,128,128,1
Vidar::37,dump_largest_session,Vidar,dataset_api_call_sequences/Vidar/Vidar_37_APIxTIME_16x16.png,dataset_network_packets/images/Vidar/37/dump_largest_session.png,dataset_rgb_stack_combined/images/Vidar/Vidar__37__sess-dump_largest_session_rgb_stack.png,rgb_stack,128,128,128,1
Vidar::379,dump_largest_session,Vidar,dataset_api_call_sequences/Vidar/Vidar_379_APIxTIME_16x16.png,dataset_network_packets/images/Vidar/379/dump_largest_session.png,dataset_rgb_stack_combined/images/Vidar/Vidar__379__sess-dump_largest_session_rgb_stack.png,rgb_stack,128,128,128,1
Vidar::38,dump_largest_session,Vidar,dataset_api_call_sequences/Vidar/Vidar_38_APIxTIME_16x16.png,dataset_network_packets/images/Vidar/38/dump_largest_session.png,dataset_rgb_stack_combined/images/Vidar/Vidar__38__sess-dump_largest_session_rgb_stack.png,rgb_stack,128,128,128,1
Vidar::380,dump_largest_session,Vidar,dataset_api_call_sequences/Vidar/Vidar_380_APIxTIME_16x16.png,dataset_network_packets/images/Vidar/380/dump_largest_session.png,dataset_rgb_stack_combined/images/Vidar/Vidar__380__sess-dump_largest_session_rgb_stack.png,rgb_stack,128,128,128,1
Vidar::381,dump_largest_session,Vidar,dataset_api_call_sequences/Vidar/Vidar_381_APIxTIME_16x16.png,dataset_network_packets/images/Vidar/381/dump_largest_session.png,dataset_rgb_stack_combined/images/Vidar/Vidar__381__sess-dump_largest_session_rgb_stack.png,rgb_stack,128,128,128,1
Vidar::382,dump_largest_session,Vidar,dataset_api_call_sequences/Vidar/Vidar_382_APIxTIME_16x16.png,dataset_network_packets/images/Vidar/382/dump_largest_session.png,dataset_rgb_stack_combined/images/Vidar/Vidar__382__sess-dump_largest_session_rgb_stack.png,rgb_stack,128,128,128,1
Vidar::39,dump_largest_session,Vidar,dataset_api_call_sequences/Vidar/Vidar_39_APIxTIME_16x16.png,dataset_network_packets/images/Vidar/39/dump_largest_session.png,dataset_rgb_stack_combined/images/Vidar/Vidar__39__sess-dump_largest_session_rgb_stack.png,rgb_stack,128,128,128,1
Vidar::4,dump_largest_session,Vidar,dataset_api_call_sequences/Vidar/Vidar_4_APIxTIME_16x16.png,dataset_network_packets/images/Vidar/4/dump_largest_session.png,dataset_rgb_stack_combined/images/Vidar/Vidar__4__sess-dump_largest_session_rgb_stack.png,rgb_stack,128,128,128,1
Vidar::40,dump_largest_session,Vidar,dataset_api_call_sequences/Vidar/Vidar_40_APIxTIME_16x16.png,dataset_network_packets/images/Vidar/40/dump_largest_session.png,dataset_rgb_stack_combined/images/Vidar/Vidar__40__sess-dump_largest_session_rgb_stack.png,rgb_stack,128,128,128,1
Vidar::41,dump_largest_session,Vidar,dataset_api_call_sequences/Vidar/Vidar_41_APIxTIME_16x16.png,dataset_network_packets/images/Vidar/41/dump_largest_session.png,dataset_rgb_stack_combined/images/Vidar/Vidar__41__sess-dump_largest_session_rgb_stack.png,rgb_stack,128,128,128,1
Vidar::42,dump_largest_session,Vidar,dataset_api_call_sequences/Vidar/Vidar_42_APIxTIME_16x16.png,dataset_network_packets/images/Vidar/42/dump_largest_session.png,dataset_rgb_stack_combined/images/Vidar/Vidar__42__sess-dump_largest_session_rgb_stack.png,rgb_stack,128,128,128,1
Vidar::43,dump_largest_session,Vidar,dataset_api_call_sequences/Vidar/Vidar_43_APIxTIME_16x16.png,dataset_network_packets/images/Vidar/43/dump_largest_session.png,dataset_rgb_stack_combined/images/Vidar/Vidar__43__sess-dump_largest_session_rgb_stack.png,rgb_stack,128,128,128,1
Vidar::44,dump_largest_session,Vidar,dataset_api_call_sequences/Vidar/Vidar_44_APIxTIME_16x16.png,dataset_network_packets/images/Vidar/44/dump_largest_session.png,dataset_rgb_stack_combined/images/Vidar/Vidar__44__sess-dump_largest_session_rgb_stack.png,rgb_stack,128,128,128,1
Vidar::45,dump_largest_session,Vidar,dataset_api_call_sequences/Vidar/Vidar_45_APIxTIME_16x16.png,dataset_network_packets/images/Vidar/45/dump_largest_session.png,dataset_rgb_stack_combined/images/Vidar/Vidar__45__sess-dump_largest_session_rgb_stack.png,rgb_stack,128,128,128,1
Vidar::46,dump_largest_session,Vidar,dataset_api_call_sequences/Vidar/Vidar_46_APIxTIME_16x16.png,dataset_network_packets/images/Vidar/46/dump_largest_session.png,dataset_rgb_stack_combined/images/Vidar/Vidar__46__sess-dump_largest_session_rgb_stack.png,rgb_stack,128,128,128,1
Vidar::47,dump_largest_session,Vidar,dataset_api_call_sequences/Vidar/Vidar_47_APIxTIME_16x16.png,dataset_network_packets/images/Vidar/47/dump_largest_session.png,dataset_rgb_stack_combined/images/Vidar/Vidar__47__sess-dump_largest_session_rgb_stack.png,rgb_stack,128,128,128,1
Vidar::48,dump_largest_session,Vidar,dataset_api_call_sequences/Vidar/Vidar_48_APIxTIME_16x16.png,dataset_network_packets/images/Vidar/48/dump_largest_session.png,dataset_rgb_stack_combined/images/Vidar/Vidar__48__sess-dump_largest_session_rgb_stack.png,rgb_stack,128,128,128,1
Vidar::49,dump_largest_session,Vidar,dataset_api_call_sequences/Vidar/Vidar_49_APIxTIME_16x16.png,dataset_network_packets/images/Vidar/49/dump_largest_session.png,dataset_rgb_stack_combined/images/Vidar/Vidar__49__sess-dump_largest_session_rgb_stack.png,rgb_stack,128,128,128,1
Vidar::5,dump_largest_session,Vidar,dataset_api_call_sequences/Vidar/Vidar_5_APIxTIME_16x16.png,dataset_network_packets/images/Vidar/5/dump_largest_session.png,dataset_rgb_stack_combined/images/Vidar/Vidar__5__sess-dump_largest_session_rgb_stack.png,rgb_stack,128,128,128,1
Vidar::50,dump_largest_session,Vidar,dataset_api_call_sequences/Vidar/Vidar_50_APIxTIME_16x16.png,dataset_network_packets/images/Vidar/50/dump_largest_session.png,dataset_rgb_stack_combined/images/Vidar/Vidar__50__sess-dump_largest_session_rgb_stack.png,rgb_stack,128,128,128,1
Vidar::51,dump_largest_session,Vidar,dataset_api_call_sequences/Vidar/Vidar_51_APIxTIME_16x16.png,dataset_network_packets/images/Vidar/51/dump_largest_session.png,dataset_rgb_stack_combined/images/Vidar/Vidar__51__sess-dump_largest_session_rgb_stack.png,rgb_stack,128,128,128,1
Vidar::52,dump_largest_session,Vidar,dataset_api_call_sequences/Vidar/Vidar_52_APIxTIME_16x16.png,dataset_network_packets/images/Vidar/52/dump_largest_session.png,dataset_rgb_stack_combined/images/Vidar/Vidar__52__sess-dump_largest_session_rgb_stack.png,rgb_stack,128,128,128,1
Vidar::53,dump_largest_session,Vidar,dataset_api_call_sequences/Vidar/Vidar_53_APIxTIME_16x16.png,dataset_network_packets/images/Vidar/53/dump_largest_session.png,dataset_rgb_stack_combined/images/Vidar/Vidar__53__sess-dump_largest_session_rgb_stack.png,rgb_stack,128,128,128,1
Vidar::54,dump_largest_session,Vidar,dataset_api_call_sequences/Vidar/Vidar_54_APIxTIME_16x16.png,dataset_network_packets/images/Vidar/54/dump_largest_session.png,dataset_rgb_stack_combined/images/Vidar/Vidar__54__sess-dump_largest_session_rgb_stack.png,rgb_stack,128,128,128,1
Vidar::55,dump_largest_session,Vidar,dataset_api_call_sequences/Vidar/Vidar_55_APIxTIME_16x16.png,dataset_network_packets/images/Vidar/55/dump_largest_session.png,dataset_rgb_stack_combined/images/Vidar/Vidar__55__sess-dump_largest_session_rgb_stack.png,rgb_stack,128,128,128,1
Vidar::56,dump_largest_session,Vidar,dataset_api_call_sequences/Vidar/Vidar_56_APIxTIME_16x16.png,dataset_network_packets/images/Vidar/56/dump_largest_session.png,dataset_rgb_stack_combined/images/Vidar/Vidar__56__sess-dump_largest_session_rgb_stack.png,rgb_stack,128,128,128,1
Vidar::57,dump_largest_session,Vidar,dataset_api_call_sequences/Vidar/Vidar_57_APIxTIME_16x16.png,dataset_network_packets/images/Vidar/57/dump_largest_session.png,dataset_rgb_stack_combined/images/Vidar/Vidar__57__sess-dump_largest_session_rgb_stack.png,rgb_stack,128,128,128,1
Vidar::58,dump_largest_session,Vidar,dataset_api_call_sequences/Vidar/Vidar_58_APIxTIME_16x16.png,dataset_network_packets/images/Vidar/58/dump_largest_session.png,dataset_rgb_stack_combined/images/Vidar/Vidar__58__sess-dump_largest_session_rgb_stack.png,rgb_stack,128,128,128,1
Vidar::59,dump_largest_session,Vidar,dataset_api_call_sequences/Vidar/Vidar_59_APIxTIME_16x16.png,dataset_network_packets/images/Vidar/59/dump_largest_session.png,dataset_rgb_stack_combined/images/Vidar/Vidar__59__sess-dump_largest_session_rgb_stack.png,rgb_stack,128,128,128,1
Vidar::6,dump_largest_session,Vidar,dataset_api_call_sequences/Vidar/Vidar_6_APIxTIME_16x16.png,dataset_network_packets/images/Vidar/6/dump_largest_session.png,dataset_rgb_stack_combined/images/Vidar/Vidar__6__sess-dump_largest_session_rgb_stack.png,rgb_stack,128,128,128,1
Vidar::60,dump_largest_session,Vidar,dataset_api_call_sequences/Vidar/Vidar_60_APIxTIME_16x16.png,dataset_network_packets/images/Vidar/60/dump_largest_session.png,dataset_rgb_stack_combined/images/Vidar/Vidar__60__sess-dump_largest_session_rgb_stack.png,rgb_stack,128,128,128,1
Vidar::61,dump_largest_session,Vidar,dataset_api_call_sequences/Vidar/Vidar_61_APIxTIME_16x16.png,dataset_network_packets/images/Vidar/61/dump_largest_session.png,dataset_rgb_stack_combined/images/Vidar/Vidar__61__sess-dump_largest_session_rgb_stack.png,rgb_stack,128,128,128,1
Vidar::62,dump_largest_session,Vidar,dataset_api_call_sequences/Vidar/Vidar_62_APIxTIME_16x16.png,dataset_network_packets/images/Vidar/62/dump_largest_session.png,dataset_rgb_stack_combined/images/Vidar/Vidar__62__sess-dump_largest_session_rgb_stack.png,rgb_stack,128,128,128,1
Vidar::63,dump_largest_session,Vidar,dataset_api_call_sequences/Vidar/Vidar_63_APIxTIME_16x16.png,dataset_network_packets/images/Vidar/63/dump_largest_session.png,dataset_rgb_stack_combined/images/Vidar/Vidar__63__sess-dump_largest_session_rgb_stack.png,rgb_stack,128,128,128,1
Vidar::64,dump_largest_session,Vidar,dataset_api_call_sequences/Vidar/Vidar_64_APIxTIME_16x16.png,dataset_network_packets/images/Vidar/64/dump_largest_session.png,dataset_rgb_stack_combined/images/Vidar/Vidar__64__sess-dump_largest_session_rgb_stack.png,rgb_stack,128,128,128,1
Vidar::65,dump_largest_session,Vidar,dataset_api_call_sequences/Vidar/Vidar_65_APIxTIME_16x16.png,dataset_network_packets/images/Vidar/65/dump_largest_session.png,dataset_rgb_stack_combined/images/Vidar/Vidar__65__sess-dump_largest_session_rgb_stack.png,rgb_stack,128,128,128,1
Vidar::66,dump_largest_session,Vidar,dataset_api_call_sequences/Vidar/Vidar_66_APIxTIME_16x16.png,dataset_network_packets/images/Vidar/66/dump_largest_session.png,dataset_rgb_stack_combined/images/Vidar/Vidar__66__sess-dump_largest_session_rgb_stack.png,rgb_stack,128,128,128,1
Vidar::67,dump_largest_session,Vidar,dataset_api_call_sequences/Vidar/Vidar_67_APIxTIME_16x16.png,dataset_network_packets/images/Vidar/67/dump_largest_session.png,dataset_rgb_stack_combined/images/Vidar/Vidar__67__sess-dump_largest_session_rgb_stack.png,rgb_stack,128,128,128,1
Vidar::68,dump_largest_session,Vidar,dataset_api_call_sequences/Vidar/Vidar_68_APIxTIME_16x16.png,dataset_network_packets/images/Vidar/68/dump_largest_session.png,dataset_rgb_stack_combined/images/Vidar/Vidar__68__sess-dump_largest_session_rgb_stack.png,rgb_stack,128,128,128,1
Vidar::7,dump_largest_session,Vidar,dataset_api_call_sequences/Vidar/Vidar_7_APIxTIME_16x16.png,dataset_network_packets/images/Vidar/7/dump_largest_session.png,dataset_rgb_stack_combined/images/Vidar/Vidar__7__sess-dump_largest_session_rgb_stack.png,rgb_stack,128,128,128,1
Vidar::70,dump_largest_session,Vidar,dataset_api_call_sequences/Vidar/Vidar_70_APIxTIME_16x16.png,dataset_network_packets/images/Vidar/70/dump_largest_session.png,dataset_rgb_stack_combined/images/Vidar/Vidar__70__sess-dump_largest_session_rgb_stack.png,rgb_stack,128,128,128,1
Vidar::72,dump_largest_session,Vidar,dataset_api_call_sequences/Vidar/Vidar_72_APIxTIME_16x16.png,dataset_network_packets/images/Vidar/72/dump_largest_session.png,dataset_rgb_stack_combined/images/Vidar/Vidar__72__sess-dump_largest_session_rgb_stack.png,rgb_stack,128,128,128,1
Vidar::73,dump_largest_session,Vidar,dataset_api_call_sequences/Vidar/Vidar_73_APIxTIME_16x16.png,dataset_network_packets/images/Vidar/73/dump_largest_session.png,dataset_rgb_stack_combined/images/Vidar/Vidar__73__sess-dump_largest_session_rgb_stack.png,rgb_stack,128,128,128,1
Vidar::74,dump_largest_session,Vidar,dataset_api_call_sequences/Vidar/Vidar_74_APIxTIME_16x16.png,dataset_network_packets/images/Vidar/74/dump_largest_session.png,dataset_rgb_stack_combined/images/Vidar/Vidar__74__sess-dump_largest_session_rgb_stack.png,rgb_stack,128,128,128,1
Vidar::75,dump_largest_session,Vidar,dataset_api_call_sequences/Vidar/Vidar_75_APIxTIME_16x16.png,dataset_network_packets/images/Vidar/75/dump_largest_session.png,dataset_rgb_stack_combined/images/Vidar/Vidar__75__sess-dump_largest_session_rgb_stack.png,rgb_stack,128,128,128,1
Vidar::76,dump_largest_session,Vidar,dataset_api_call_sequences/Vidar/Vidar_76_APIxTIME_16x16.png,dataset_network_packets/images/Vidar/76/dump_largest_session.png,dataset_rgb_stack_combined/images/Vidar/Vidar__76__sess-dump_largest_session_rgb_stack.png,rgb_stack,128,128,128,1
Vidar::77,dump_largest_session,Vidar,dataset_api_call_sequences/Vidar/Vidar_77_APIxTIME_16x16.png,dataset_network_packets/images/Vidar/77/dump_largest_session.png,dataset_rgb_stack_combined/images/Vidar/Vidar__77__sess-dump_largest_session_rgb_stack.png,rgb_stack,128,128,128,1
Vidar::78,dump_largest_session,Vidar,dataset_api_call_sequences/Vidar/Vidar_78_APIxTIME_16x16.png,dataset_network_packets/images/Vidar/78/dump_largest_session.png,dataset_rgb_stack_combined/images/Vidar/Vidar__78__sess-dump_largest_session_rgb_stack.png,rgb_stack,128,128,128,1
Vidar::79,dump_largest_session,Vidar,dataset_api_call_sequences/Vidar/Vidar_79_APIxTIME_16x16.png,dataset_network_packets/images/Vidar/79/dump_largest_session.png,dataset_rgb_stack_combined/images/Vidar/Vidar__79__sess-dump_largest_session_rgb_stack.png,rgb_stack,128,128,128,1
Vidar::8,dump_largest_session,Vidar,dataset_api_call_sequences/Vidar/Vidar_8_APIxTIME_16x16.png,dataset_network_packets/images/Vidar/8/dump_largest_session.png,dataset_rgb_stack_combined/images/Vidar/Vidar__8__sess-dump_largest_session_rgb_stack.png,rgb_stack,128,128,128,1
Vidar::80,dump_largest_session,Vidar,dataset_api_call_sequences/Vidar/Vidar_80_APIxTIME_16x16.png,dataset_network_packets/images/Vidar/80/dump_largest_session.png,dataset_rgb_stack_combined/images/Vidar/Vidar__80__sess-dump_largest_session_rgb_stack.png,rgb_stack,128,128,128,1
Vidar::81,dump_largest_session,Vidar,dataset_api_call_sequences/Vidar/Vidar_81_APIxTIME_16x16.png,dataset_network_packets/images/Vidar/81/dump_largest_session.png,dataset_rgb_stack_combined/images/Vidar/Vidar__81__sess-dump_largest_session_rgb_stack.png,rgb_stack,128,128,128,1
Vidar::82,dump_largest_session,Vidar,dataset_api_call_sequences/Vidar/Vidar_82_APIxTIME_16x16.png,dataset_network_packets/images/Vidar/82/dump_largest_session.png,dataset_rgb_stack_combined/images/Vidar/Vidar__82__sess-dump_largest_session_rgb_stack.png,rgb_stack,128,128,128,1
Vidar::83,dump_largest_session,Vidar,dataset_api_call_sequences/Vidar/Vidar_83_APIxTIME_16x16.png,dataset_network_packets/images/Vidar/83/dump_largest_session.png,dataset_rgb_stack_combined/images/Vidar/Vidar__83__sess-dump_largest_session_rgb_stack.png,rgb_stack,128,128,128,1
Vidar::84,dump_largest_session,Vidar,dataset_api_call_sequences/Vidar/Vidar_84_APIxTIME_16x16.png,dataset_network_packets/images/Vidar/84/dump_largest_session.png,dataset_rgb_stack_combined/images/Vidar/Vidar__84__sess-dump_largest_session_rgb_stack.png,rgb_stack,128,128,128,1
Vidar::85,dump_largest_session,Vidar,dataset_api_call_sequences/Vidar/Vidar_85_APIxTIME_16x16.png,dataset_network_packets/images/Vidar/85/dump_largest_session.png,dataset_rgb_stack_combined/images/Vidar/Vidar__85__sess-dump_largest_session_rgb_stack.png,rgb_stack,128,128,128,1
Vidar::88,dump_largest_session,Vidar,dataset_api_call_sequences/Vidar/Vidar_88_APIxTIME_16x16.png,dataset_network_packets/images/Vidar/88/dump_largest_session.png,dataset_rgb_stack_combined/images/Vidar/Vidar__88__sess-dump_largest_session_rgb_stack.png,rgb_stack,128,128,128,1
Vidar::9,dump_largest_session,Vidar,dataset_api_call_sequences/Vidar/Vidar_9_APIxTIME_16x16.png,dataset_network_packets/images/Vidar/9/dump_largest_session.png,dataset_rgb_stack_combined/images/Vidar/Vidar__9__sess-dump_largest_session_rgb_stack.png,rgb_stack,128,128,128,1
Vidar::90,dump_largest_session,Vidar,dataset_api_call_sequences/Vidar/Vidar_90_APIxTIME_16x16.png,dataset_network_packets/images/Vidar/90/dump_largest_session.png,dataset_rgb_stack_combined/images/Vidar/Vidar__90__sess-dump_largest_session_rgb_stack.png,rgb_stack,128,128,128,1
Vidar::91,dump_largest_session,Vidar,dataset_api_call_sequences/Vidar/Vidar_91_APIxTIME_16x16.png,dataset_network_packets/images/Vidar/91/dump_largest_session.png,dataset_rgb_stack_combined/images/Vidar/Vidar__91__sess-dump_largest_session_rgb_stack.png,rgb_stack,128,128,128,1
Vidar::92,dump_largest_session,Vidar,dataset_api_call_sequences/Vidar/Vidar_92_APIxTIME_16x16.png,dataset_network_packets/images/Vidar/92/dump_largest_session.png,dataset_rgb_stack_combined/images/Vidar/Vidar__92__sess-dump_largest_session_rgb_stack.png,rgb_stack,128,128,128,1
Vidar::93,dump_largest_session,Vidar,dataset_api_call_sequences/Vidar/Vidar_93_APIxTIME_16x16.png,dataset_network_packets/images/Vidar/93/dump_largest_session.png,dataset_rgb_stack_combined/images/Vidar/Vidar__93__sess-dump_largest_session_rgb_stack.png,rgb_stack,128,128,128,1
Vidar::94,dump_largest_session,Vidar,dataset_api_call_sequences/Vidar/Vidar_94_APIxTIME_16x16.png,dataset_network_packets/images/Vidar/94/dump_largest_session.png,dataset_rgb_stack_combined/images/Vidar/Vidar__94__sess-dump_largest_session_rgb_stack.png,rgb_stack,128,128,128,1
Vidar::96,dump_largest_session,Vidar,dataset_api_call_sequences/Vidar/Vidar_96_APIxTIME_16x16.png,dataset_network_packets/images/Vidar/96/dump_largest_session.png,dataset_rgb_stack_combined/images/Vidar/Vidar__96__sess-dump_largest_session_rgb_stack.png,rgb_stack,128,128,128,1
Vidar::97,dump_largest_session,Vidar,dataset_api_call_sequences/Vidar/Vidar_97_APIxTIME_16x16.png,dataset_network_packets/images/Vidar/97/dump_largest_session.png,dataset_rgb_stack_combined/images/Vidar/Vidar__97__sess-dump_largest_session_rgb_stack.png,rgb_stack,128,128,128,1
Vidar::98,dump_largest_session,Vidar,dataset_api_call_sequences/Vidar/Vidar_98_APIxTIME_16x16.png,dataset_network_packets/images/Vidar/98/dump_largest_session.png,dataset_rgb_stack_combined/images/Vidar/Vidar__98__sess-dump_largest_session_rgb_stack.png,rgb_stack,128,128,128,1
